model,config,seed,factor,fold,dim,subspace,importance
ewt_b01_s0,ewt_b01,0,vowel,0,0,X,0.4975821277227598
ewt_b01_s0,ewt_b01,0,vowel,0,1,X,0.3517826714190276
ewt_b01_s0,ewt_b01,0,vowel,0,2,X,0.07388448483605278
ewt_b01_s0,ewt_b01,0,vowel,0,3,X,0.5557433615268416
ewt_b01_s0,ewt_b01,0,vowel,0,4,X,0.4550831129732896
ewt_b01_s0,ewt_b01,0,vowel,0,5,X,0.31690003105059833
ewt_b01_s0,ewt_b01,0,vowel,0,6,X,1.0
ewt_b01_s0,ewt_b01,0,vowel,0,7,X,0.32875446002752545
ewt_b01_s0,ewt_b01,0,vowel,0,8,X,0.4526466181777547
ewt_b01_s0,ewt_b01,0,vowel,0,9,X,0.568290184883265
ewt_b01_s0,ewt_b01,0,vowel,0,10,X,0.6175395502624935
ewt_b01_s0,ewt_b01,0,vowel,0,11,X,0.7268475770796373
ewt_b01_s0,ewt_b01,0,vowel,0,12,X,0.48601206865048235
ewt_b01_s0,ewt_b01,0,vowel,0,13,X,0.4845824318267895
ewt_b01_s0,ewt_b01,0,vowel,0,14,X,0.5509883813142078
ewt_b01_s0,ewt_b01,0,vowel,0,15,X,0.22012197182786203
ewt_b01_s0,ewt_b01,0,vowel,0,16,X,0.33481007122880846
ewt_b01_s0,ewt_b01,0,vowel,0,17,X,0.7553312290438992
ewt_b01_s0,ewt_b01,0,vowel,0,18,X,0.4080289210193467
ewt_b01_s0,ewt_b01,0,vowel,0,19,X,0.14711508365909712
ewt_b01_s0,ewt_b01,0,vowel,0,20,X,0.6107542945595966
ewt_b01_s0,ewt_b01,0,vowel,0,21,X,0.21781670262139272
ewt_b01_s0,ewt_b01,0,vowel,0,22,X,0.4206924844065814
ewt_b01_s0,ewt_b01,0,vowel,0,23,X,0.6969071639641637
ewt_b01_s0,ewt_b01,0,vowel,0,24,X,0.5024304601630445
ewt_b01_s0,ewt_b01,0,vowel,0,25,X,0.25497184216000435
ewt_b01_s0,ewt_b01,0,vowel,0,26,X,0.3635763387417789
ewt_b01_s0,ewt_b01,0,vowel,0,27,X,0.26582254449708953
ewt_b01_s0,ewt_b01,0,vowel,0,28,X,0.21812592835996036
ewt_b01_s0,ewt_b01,0,vowel,0,29,X,0.33156496795786955
ewt_b01_s0,ewt_b01,0,vowel,0,30,X,0.7331270536311816
ewt_b01_s0,ewt_b01,0,vowel,0,31,X,0.2595152004168034
ewt_b01_s0,ewt_b01,0,vowel,0,32,X,0.4350686744552037
ewt_b01_s0,ewt_b01,0,vowel,0,33,X,0.57022614866018
ewt_b01_s0,ewt_b01,0,vowel,0,34,X,0.5362624693381864
ewt_b01_s0,ewt_b01,0,vowel,0,35,X,0.41349669109146864
ewt_b01_s0,ewt_b01,0,vowel,0,36,X,0.3534180479126314
ewt_b01_s0,ewt_b01,0,vowel,0,37,X,0.24311491847888295
ewt_b01_s0,ewt_b01,0,vowel,0,38,X,0.4031343663857602
ewt_b01_s0,ewt_b01,0,vowel,0,39,X,0.13346156998654937
ewt_b01_s0,ewt_b01,0,vowel,0,40,X,0.47938872068591026
ewt_b01_s0,ewt_b01,0,vowel,0,41,X,0.3815677524353046
ewt_b01_s0,ewt_b01,0,vowel,0,42,X,0.5402901200577729
ewt_b01_s0,ewt_b01,0,vowel,0,43,X,0.3195699662578191
ewt_b01_s0,ewt_b01,0,vowel,0,44,X,0.5408830854261085
ewt_b01_s0,ewt_b01,0,vowel,0,45,X,0.5419459674462834
ewt_b01_s0,ewt_b01,0,vowel,0,46,X,0.4861817060760327
ewt_b01_s0,ewt_b01,0,vowel,0,47,X,0.4113009528553647
ewt_b01_s0,ewt_b01,0,vowel,0,48,OC1,0.020280778793808442
ewt_b01_s0,ewt_b01,0,vowel,0,49,OC1,0.06474062877107893
ewt_b01_s0,ewt_b01,0,vowel,0,50,OC1,0.04449447319587727
ewt_b01_s0,ewt_b01,0,vowel,0,51,OC1,0.03144606618188051
ewt_b01_s0,ewt_b01,0,vowel,0,52,OC1,0.035800876156212275
ewt_b01_s0,ewt_b01,0,vowel,0,53,OC1,0.040474607164557856
ewt_b01_s0,ewt_b01,0,vowel,0,54,OC1,0.0340510522589869
ewt_b01_s0,ewt_b01,0,vowel,0,55,OC1,0.0393156496961145
ewt_b01_s0,ewt_b01,0,vowel,0,56,OC1,0.06964699167123886
ewt_b01_s0,ewt_b01,0,vowel,0,57,OC1,0.017572546040962717
ewt_b01_s0,ewt_b01,0,vowel,0,58,OC1,0.015341600894180128
ewt_b01_s0,ewt_b01,0,vowel,0,59,OC1,0.019453203215682127
ewt_b01_s0,ewt_b01,0,vowel,0,60,OC1,0.03129212322763293
ewt_b01_s0,ewt_b01,0,vowel,0,61,OC1,0.05449749095589561
ewt_b01_s0,ewt_b01,0,vowel,0,62,OC1,0.035679018929938904
ewt_b01_s0,ewt_b01,0,vowel,0,63,OC1,0.06991705309015911
ewt_b01_s0,ewt_b01,0,vowel,0,64,OC1,0.07714350737352366
ewt_b01_s0,ewt_b01,0,vowel,0,65,OC1,0.026139828555581956
ewt_b01_s0,ewt_b01,0,vowel,0,66,OC1,0.06937499875854686
ewt_b01_s0,ewt_b01,0,vowel,0,67,OC1,0.02130347782162136
ewt_b01_s0,ewt_b01,0,vowel,0,68,OC1,0.03377978172775899
ewt_b01_s0,ewt_b01,0,vowel,0,69,OC1,0.028546963161716277
ewt_b01_s0,ewt_b01,0,vowel,0,70,OC1,0.05827679255395669
ewt_b01_s0,ewt_b01,0,vowel,0,71,OC1,0.03440544283144936
ewt_b01_s0,ewt_b01,0,vowel,0,72,OC1,0.0632125527467147
ewt_b01_s0,ewt_b01,0,vowel,0,73,OC1,0.04243975134259237
ewt_b01_s0,ewt_b01,0,vowel,0,74,OC1,0.02540734441567663
ewt_b01_s0,ewt_b01,0,vowel,0,75,OC1,0.017393626320059603
ewt_b01_s0,ewt_b01,0,vowel,0,76,OC1,0.04734684336679675
ewt_b01_s0,ewt_b01,0,vowel,0,77,OC1,0.015738367209381498
ewt_b01_s0,ewt_b01,0,vowel,0,78,OC1,0.03372303971109514
ewt_b01_s0,ewt_b01,0,vowel,0,79,OC1,0.033898886874351275
ewt_b01_s0,ewt_b01,0,vowel,0,80,OC1,0.0074935888119966884
ewt_b01_s0,ewt_b01,0,vowel,0,81,OC1,0.057883475114155085
ewt_b01_s0,ewt_b01,0,vowel,0,82,OC1,0.05077187829289653
ewt_b01_s0,ewt_b01,0,vowel,0,83,OC1,0.034690824031546365
ewt_b01_s0,ewt_b01,0,vowel,0,84,OC1,0.028706760222789052
ewt_b01_s0,ewt_b01,0,vowel,0,85,OC1,0.08267421388166776
ewt_b01_s0,ewt_b01,0,vowel,0,86,OC1,0.033862458452588465
ewt_b01_s0,ewt_b01,0,vowel,0,87,OC1,0.018362473327965506
ewt_b01_s0,ewt_b01,0,vowel,0,88,OC1,0.0339594780397912
ewt_b01_s0,ewt_b01,0,vowel,0,89,OC1,0.030684785427029012
ewt_b01_s0,ewt_b01,0,vowel,0,90,OC1,0.021274149120239942
ewt_b01_s0,ewt_b01,0,vowel,0,91,OC1,0.08851694965120384
ewt_b01_s0,ewt_b01,0,vowel,0,92,OC1,0.027174632054255386
ewt_b01_s0,ewt_b01,0,vowel,0,93,OC1,0.05566702822775361
ewt_b01_s0,ewt_b01,0,vowel,0,94,OC1,0.053565398161385544
ewt_b01_s0,ewt_b01,0,vowel,0,95,OC1,0.035680677604947475
ewt_b01_s0,ewt_b01,0,vowel,0,96,OC2,0.034253748801871584
ewt_b01_s0,ewt_b01,0,vowel,0,97,OC2,0.02423332595172591
ewt_b01_s0,ewt_b01,0,vowel,0,98,OC2,0.030172416881982272
ewt_b01_s0,ewt_b01,0,vowel,0,99,OC2,0.04473898883772498
ewt_b01_s0,ewt_b01,0,vowel,0,100,OC2,0.06608407925355805
ewt_b01_s0,ewt_b01,0,vowel,0,101,OC2,0.031335229839347604
ewt_b01_s0,ewt_b01,0,vowel,0,102,OC2,0.040488471153820434
ewt_b01_s0,ewt_b01,0,vowel,0,103,OC2,0.05395520712428557
ewt_b01_s0,ewt_b01,0,vowel,0,104,OC2,0.040435999361358194
ewt_b01_s0,ewt_b01,0,vowel,0,105,OC2,0.04663064982897151
ewt_b01_s0,ewt_b01,0,vowel,0,106,OC2,0.05564148276125455
ewt_b01_s0,ewt_b01,0,vowel,0,107,OC2,0.026327732872586652
ewt_b01_s0,ewt_b01,0,vowel,0,108,OC2,0.10324526939430025
ewt_b01_s0,ewt_b01,0,vowel,0,109,OC2,0.052631466269938455
ewt_b01_s0,ewt_b01,0,vowel,0,110,OC2,0.06025403888786984
ewt_b01_s0,ewt_b01,0,vowel,0,111,OC2,0.07678807814831412
ewt_b01_s0,ewt_b01,0,vowel,0,112,OC2,0.061553674151775796
ewt_b01_s0,ewt_b01,0,vowel,0,113,OC2,0.05045802028768183
ewt_b01_s0,ewt_b01,0,vowel,0,114,OC2,0.039828985856001226
ewt_b01_s0,ewt_b01,0,vowel,0,115,OC2,0.06464130462422343
ewt_b01_s0,ewt_b01,0,vowel,0,116,OC2,0.02895961249641134
ewt_b01_s0,ewt_b01,0,vowel,0,117,OC2,0.07536056688602531
ewt_b01_s0,ewt_b01,0,vowel,0,118,OC2,0.058506924405767755
ewt_b01_s0,ewt_b01,0,vowel,0,119,OC2,0.02832161843282688
ewt_b01_s0,ewt_b01,0,vowel,0,120,OC2,0.08653380654014012
ewt_b01_s0,ewt_b01,0,vowel,0,121,OC2,0.01700160360624897
ewt_b01_s0,ewt_b01,0,vowel,0,122,OC2,0.020630295786984196
ewt_b01_s0,ewt_b01,0,vowel,0,123,OC2,0.018389983853633277
ewt_b01_s0,ewt_b01,0,vowel,0,124,OC2,0.06672800157998678
ewt_b01_s0,ewt_b01,0,vowel,0,125,OC2,0.023562263506851817
ewt_b01_s0,ewt_b01,0,vowel,0,126,OC2,0.0339542535827269
ewt_b01_s0,ewt_b01,0,vowel,0,127,OC2,0.02974848853550923
ewt_b01_s0,ewt_b01,0,vowel,0,128,OC2,0.022084474261543238
ewt_b01_s0,ewt_b01,0,vowel,0,129,OC2,0.07131817024961326
ewt_b01_s0,ewt_b01,0,vowel,0,130,OC2,0.044696713064370744
ewt_b01_s0,ewt_b01,0,vowel,0,131,OC2,0.03908162774548999
ewt_b01_s0,ewt_b01,0,vowel,0,132,OC2,0.036207016031574536
ewt_b01_s0,ewt_b01,0,vowel,0,133,OC2,0.03348427541523687
ewt_b01_s0,ewt_b01,0,vowel,0,134,OC2,0.015887667771779967
ewt_b01_s0,ewt_b01,0,vowel,0,135,OC2,0.0379842195145932
ewt_b01_s0,ewt_b01,0,vowel,0,136,OC2,0.02593795953657423
ewt_b01_s0,ewt_b01,0,vowel,0,137,OC2,0.10514941201107768
ewt_b01_s0,ewt_b01,0,vowel,0,138,OC2,0.0171224496422748
ewt_b01_s0,ewt_b01,0,vowel,0,139,OC2,0.02916755358516131
ewt_b01_s0,ewt_b01,0,vowel,0,140,OC2,0.0494671859242206
ewt_b01_s0,ewt_b01,0,vowel,0,141,OC2,0.050407390617804484
ewt_b01_s0,ewt_b01,0,vowel,0,142,OC2,0.0899210760763928
ewt_b01_s0,ewt_b01,0,vowel,0,143,OC2,0.09558777597873795
ewt_b01_s0,ewt_b01,0,vowel,0,144,OC3,0.05073508789837311
ewt_b01_s0,ewt_b01,0,vowel,0,145,OC3,0.031110765762485507
ewt_b01_s0,ewt_b01,0,vowel,0,146,OC3,0.03377840457077162
ewt_b01_s0,ewt_b01,0,vowel,0,147,OC3,0.03662282123953416
ewt_b01_s0,ewt_b01,0,vowel,0,148,OC3,0.02549369208102656
ewt_b01_s0,ewt_b01,0,vowel,0,149,OC3,0.05393028879287296
ewt_b01_s0,ewt_b01,0,vowel,0,150,OC3,0.04517050615928357
ewt_b01_s0,ewt_b01,0,vowel,0,151,OC3,0.0202166815656403
ewt_b01_s0,ewt_b01,0,vowel,0,152,OC3,0.020545089113260452
ewt_b01_s0,ewt_b01,0,vowel,0,153,OC3,0.008533307847195784
ewt_b01_s0,ewt_b01,0,vowel,0,154,OC3,0.021875563545954806
ewt_b01_s0,ewt_b01,0,vowel,0,155,OC3,0.061597243722834226
ewt_b01_s0,ewt_b01,0,vowel,0,156,OC3,0.012014944846091391
ewt_b01_s0,ewt_b01,0,vowel,0,157,OC3,0.019728091155813296
ewt_b01_s0,ewt_b01,0,vowel,0,158,OC3,0.007539367874646008
ewt_b01_s0,ewt_b01,0,vowel,0,159,OC3,0.02158494846976319
ewt_b01_s0,ewt_b01,0,vowel,0,160,OC3,0.03386192803966353
ewt_b01_s0,ewt_b01,0,vowel,0,161,OC3,0.07806555814547673
ewt_b01_s0,ewt_b01,0,vowel,0,162,OC3,0.028776209977927434
ewt_b01_s0,ewt_b01,0,vowel,0,163,OC3,0.04981003443322307
ewt_b01_s0,ewt_b01,0,vowel,0,164,OC3,0.033884126089327754
ewt_b01_s0,ewt_b01,0,vowel,0,165,OC3,0.037097324556816774
ewt_b01_s0,ewt_b01,0,vowel,0,166,OC3,0.018146287101134594
ewt_b01_s0,ewt_b01,0,vowel,0,167,OC3,0.03196699945282848
ewt_b01_s0,ewt_b01,0,vowel,0,168,OC3,0.059778211901134116
ewt_b01_s0,ewt_b01,0,vowel,0,169,OC3,0.017918474435448285
ewt_b01_s0,ewt_b01,0,vowel,0,170,OC3,0.028136735068169494
ewt_b01_s0,ewt_b01,0,vowel,0,171,OC3,0.06506570733160616
ewt_b01_s0,ewt_b01,0,vowel,0,172,OC3,0.01691256105913478
ewt_b01_s0,ewt_b01,0,vowel,0,173,OC3,0.040295081974964224
ewt_b01_s0,ewt_b01,0,vowel,0,174,OC3,0.05167636771775745
ewt_b01_s0,ewt_b01,0,vowel,0,175,OC3,0.06793072924082204
ewt_b01_s0,ewt_b01,0,vowel,0,176,OC3,0.03435645695615204
ewt_b01_s0,ewt_b01,0,vowel,0,177,OC3,0.0578445722836956
ewt_b01_s0,ewt_b01,0,vowel,0,178,OC3,0.03671061551622674
ewt_b01_s0,ewt_b01,0,vowel,0,179,OC3,0.0326292878158093
ewt_b01_s0,ewt_b01,0,vowel,0,180,OC3,0.023074513066051325
ewt_b01_s0,ewt_b01,0,vowel,0,181,OC3,0.029746412895621913
ewt_b01_s0,ewt_b01,0,vowel,0,182,OC3,0.09386620835057413
ewt_b01_s0,ewt_b01,0,vowel,0,183,OC3,0.04567695778972913
ewt_b01_s0,ewt_b01,0,vowel,0,184,OC3,0.030598082658019915
ewt_b01_s0,ewt_b01,0,vowel,0,185,OC3,0.046362349748058966
ewt_b01_s0,ewt_b01,0,vowel,0,186,OC3,0.04570282883228277
ewt_b01_s0,ewt_b01,0,vowel,0,187,OC3,0.0110226588234424
ewt_b01_s0,ewt_b01,0,vowel,0,188,OC3,0.02753351268249525
ewt_b01_s0,ewt_b01,0,vowel,0,189,OC3,0.02165407615457249
ewt_b01_s0,ewt_b01,0,vowel,0,190,OC3,0.029254311500520658
ewt_b01_s0,ewt_b01,0,vowel,0,191,OC3,0.05007159653751022
ewt_b01_s0,ewt_b01,0,speaker_frame,0,0,X,0.6791358365671524
ewt_b01_s0,ewt_b01,0,speaker_frame,0,1,X,0.284699376360993
ewt_b01_s0,ewt_b01,0,speaker_frame,0,2,X,0.5673918827166426
ewt_b01_s0,ewt_b01,0,speaker_frame,0,3,X,0.5000088618543493
ewt_b01_s0,ewt_b01,0,speaker_frame,0,4,X,0.3850020926065997
ewt_b01_s0,ewt_b01,0,speaker_frame,0,5,X,0.6157859553955759
ewt_b01_s0,ewt_b01,0,speaker_frame,0,6,X,0.3197763550102071
ewt_b01_s0,ewt_b01,0,speaker_frame,0,7,X,0.445523779691919
ewt_b01_s0,ewt_b01,0,speaker_frame,0,8,X,0.31890385625315143
ewt_b01_s0,ewt_b01,0,speaker_frame,0,9,X,0.25842452396570736
ewt_b01_s0,ewt_b01,0,speaker_frame,0,10,X,0.22900856563767225
ewt_b01_s0,ewt_b01,0,speaker_frame,0,11,X,0.37208749251193557
ewt_b01_s0,ewt_b01,0,speaker_frame,0,12,X,0.2243206219193909
ewt_b01_s0,ewt_b01,0,speaker_frame,0,13,X,0.5616872652875557
ewt_b01_s0,ewt_b01,0,speaker_frame,0,14,X,0.28921925279215077
ewt_b01_s0,ewt_b01,0,speaker_frame,0,15,X,0.31449830832146836
ewt_b01_s0,ewt_b01,0,speaker_frame,0,16,X,0.35512791661874893
ewt_b01_s0,ewt_b01,0,speaker_frame,0,17,X,0.4779036419578536
ewt_b01_s0,ewt_b01,0,speaker_frame,0,18,X,0.47835958967466924
ewt_b01_s0,ewt_b01,0,speaker_frame,0,19,X,0.2973013243566439
ewt_b01_s0,ewt_b01,0,speaker_frame,0,20,X,0.9434573307852785
ewt_b01_s0,ewt_b01,0,speaker_frame,0,21,X,0.45416906384006994
ewt_b01_s0,ewt_b01,0,speaker_frame,0,22,X,0.5436426285915141
ewt_b01_s0,ewt_b01,0,speaker_frame,0,23,X,0.330742687362375
ewt_b01_s0,ewt_b01,0,speaker_frame,0,24,X,0.7398290239275768
ewt_b01_s0,ewt_b01,0,speaker_frame,0,25,X,0.5566705721904947
ewt_b01_s0,ewt_b01,0,speaker_frame,0,26,X,0.288401295303912
ewt_b01_s0,ewt_b01,0,speaker_frame,0,27,X,0.4186248119803911
ewt_b01_s0,ewt_b01,0,speaker_frame,0,28,X,0.21103287525139225
ewt_b01_s0,ewt_b01,0,speaker_frame,0,29,X,0.3448473519510856
ewt_b01_s0,ewt_b01,0,speaker_frame,0,30,X,0.365979904473486
ewt_b01_s0,ewt_b01,0,speaker_frame,0,31,X,0.3499620555443757
ewt_b01_s0,ewt_b01,0,speaker_frame,0,32,X,0.5201329507368643
ewt_b01_s0,ewt_b01,0,speaker_frame,0,33,X,0.3288108323038806
ewt_b01_s0,ewt_b01,0,speaker_frame,0,34,X,0.5063200309518565
ewt_b01_s0,ewt_b01,0,speaker_frame,0,35,X,0.37485877161777326
ewt_b01_s0,ewt_b01,0,speaker_frame,0,36,X,0.2550537772514102
ewt_b01_s0,ewt_b01,0,speaker_frame,0,37,X,0.24907473399587512
ewt_b01_s0,ewt_b01,0,speaker_frame,0,38,X,0.30498092833026225
ewt_b01_s0,ewt_b01,0,speaker_frame,0,39,X,0.27765931944492567
ewt_b01_s0,ewt_b01,0,speaker_frame,0,40,X,0.3707271736336185
ewt_b01_s0,ewt_b01,0,speaker_frame,0,41,X,0.31301388053230284
ewt_b01_s0,ewt_b01,0,speaker_frame,0,42,X,1.0
ewt_b01_s0,ewt_b01,0,speaker_frame,0,43,X,0.22320301557258548
ewt_b01_s0,ewt_b01,0,speaker_frame,0,44,X,0.258293674859238
ewt_b01_s0,ewt_b01,0,speaker_frame,0,45,X,0.6325979440738796
ewt_b01_s0,ewt_b01,0,speaker_frame,0,46,X,0.3151833216135652
ewt_b01_s0,ewt_b01,0,speaker_frame,0,47,X,0.42713748611659663
ewt_b01_s0,ewt_b01,0,speaker_frame,0,48,OC1,0.042950780280420625
ewt_b01_s0,ewt_b01,0,speaker_frame,0,49,OC1,0.06546013225420716
ewt_b01_s0,ewt_b01,0,speaker_frame,0,50,OC1,0.049929611218556776
ewt_b01_s0,ewt_b01,0,speaker_frame,0,51,OC1,0.032662964412515656
ewt_b01_s0,ewt_b01,0,speaker_frame,0,52,OC1,0.02906339161235225
ewt_b01_s0,ewt_b01,0,speaker_frame,0,53,OC1,0.07198010222475047
ewt_b01_s0,ewt_b01,0,speaker_frame,0,54,OC1,0.0352437968583667
ewt_b01_s0,ewt_b01,0,speaker_frame,0,55,OC1,0.07330628056455671
ewt_b01_s0,ewt_b01,0,speaker_frame,0,56,OC1,0.06837511595948202
ewt_b01_s0,ewt_b01,0,speaker_frame,0,57,OC1,0.15382768756192536
ewt_b01_s0,ewt_b01,0,speaker_frame,0,58,OC1,0.07320990097437892
ewt_b01_s0,ewt_b01,0,speaker_frame,0,59,OC1,0.09992705867107332
ewt_b01_s0,ewt_b01,0,speaker_frame,0,60,OC1,0.021379079834214734
ewt_b01_s0,ewt_b01,0,speaker_frame,0,61,OC1,0.07458175048589097
ewt_b01_s0,ewt_b01,0,speaker_frame,0,62,OC1,0.04851020709312987
ewt_b01_s0,ewt_b01,0,speaker_frame,0,63,OC1,0.04026868715436687
ewt_b01_s0,ewt_b01,0,speaker_frame,0,64,OC1,0.08348958367431972
ewt_b01_s0,ewt_b01,0,speaker_frame,0,65,OC1,0.06387145182982248
ewt_b01_s0,ewt_b01,0,speaker_frame,0,66,OC1,0.09059570433908085
ewt_b01_s0,ewt_b01,0,speaker_frame,0,67,OC1,0.10433462175871934
ewt_b01_s0,ewt_b01,0,speaker_frame,0,68,OC1,0.04449095072515547
ewt_b01_s0,ewt_b01,0,speaker_frame,0,69,OC1,0.09083864840932127
ewt_b01_s0,ewt_b01,0,speaker_frame,0,70,OC1,0.05772071242408434
ewt_b01_s0,ewt_b01,0,speaker_frame,0,71,OC1,0.05718460597523301
ewt_b01_s0,ewt_b01,0,speaker_frame,0,72,OC1,0.0976079260857433
ewt_b01_s0,ewt_b01,0,speaker_frame,0,73,OC1,0.06217969810129191
ewt_b01_s0,ewt_b01,0,speaker_frame,0,74,OC1,0.07422423725918892
ewt_b01_s0,ewt_b01,0,speaker_frame,0,75,OC1,0.1372672429778658
ewt_b01_s0,ewt_b01,0,speaker_frame,0,76,OC1,0.12425101862989732
ewt_b01_s0,ewt_b01,0,speaker_frame,0,77,OC1,0.07481160709908666
ewt_b01_s0,ewt_b01,0,speaker_frame,0,78,OC1,0.09282126957833046
ewt_b01_s0,ewt_b01,0,speaker_frame,0,79,OC1,0.054888786957649864
ewt_b01_s0,ewt_b01,0,speaker_frame,0,80,OC1,0.049313172440786465
ewt_b01_s0,ewt_b01,0,speaker_frame,0,81,OC1,0.09850497299414662
ewt_b01_s0,ewt_b01,0,speaker_frame,0,82,OC1,0.0443117742427073
ewt_b01_s0,ewt_b01,0,speaker_frame,0,83,OC1,0.10093027605965431
ewt_b01_s0,ewt_b01,0,speaker_frame,0,84,OC1,0.043533927477941145
ewt_b01_s0,ewt_b01,0,speaker_frame,0,85,OC1,0.04595512377215545
ewt_b01_s0,ewt_b01,0,speaker_frame,0,86,OC1,0.1592168763794588
ewt_b01_s0,ewt_b01,0,speaker_frame,0,87,OC1,0.04517721835811034
ewt_b01_s0,ewt_b01,0,speaker_frame,0,88,OC1,0.029273848675489513
ewt_b01_s0,ewt_b01,0,speaker_frame,0,89,OC1,0.06574673236347017
ewt_b01_s0,ewt_b01,0,speaker_frame,0,90,OC1,0.05402274297057978
ewt_b01_s0,ewt_b01,0,speaker_frame,0,91,OC1,0.04918219424450032
ewt_b01_s0,ewt_b01,0,speaker_frame,0,92,OC1,0.024405954758534118
ewt_b01_s0,ewt_b01,0,speaker_frame,0,93,OC1,0.04860479794324996
ewt_b01_s0,ewt_b01,0,speaker_frame,0,94,OC1,0.08118579927266628
ewt_b01_s0,ewt_b01,0,speaker_frame,0,95,OC1,0.1367815851943148
ewt_b01_s0,ewt_b01,0,speaker_frame,0,96,OC2,0.07433064754130282
ewt_b01_s0,ewt_b01,0,speaker_frame,0,97,OC2,0.15308754625010174
ewt_b01_s0,ewt_b01,0,speaker_frame,0,98,OC2,0.14699178251520095
ewt_b01_s0,ewt_b01,0,speaker_frame,0,99,OC2,0.30689032652796316
ewt_b01_s0,ewt_b01,0,speaker_frame,0,100,OC2,0.157768816060505
ewt_b01_s0,ewt_b01,0,speaker_frame,0,101,OC2,0.2008868249978291
ewt_b01_s0,ewt_b01,0,speaker_frame,0,102,OC2,0.17577083829726178
ewt_b01_s0,ewt_b01,0,speaker_frame,0,103,OC2,0.11618305452924368
ewt_b01_s0,ewt_b01,0,speaker_frame,0,104,OC2,0.07736630068593696
ewt_b01_s0,ewt_b01,0,speaker_frame,0,105,OC2,0.04424133425414948
ewt_b01_s0,ewt_b01,0,speaker_frame,0,106,OC2,0.10064888310661059
ewt_b01_s0,ewt_b01,0,speaker_frame,0,107,OC2,0.14815767784240855
ewt_b01_s0,ewt_b01,0,speaker_frame,0,108,OC2,0.2054907320984994
ewt_b01_s0,ewt_b01,0,speaker_frame,0,109,OC2,0.1626451394390941
ewt_b01_s0,ewt_b01,0,speaker_frame,0,110,OC2,0.15194565576604063
ewt_b01_s0,ewt_b01,0,speaker_frame,0,111,OC2,0.27469646849560153
ewt_b01_s0,ewt_b01,0,speaker_frame,0,112,OC2,0.061746782133900585
ewt_b01_s0,ewt_b01,0,speaker_frame,0,113,OC2,0.26001333566675067
ewt_b01_s0,ewt_b01,0,speaker_frame,0,114,OC2,0.10180886936816355
ewt_b01_s0,ewt_b01,0,speaker_frame,0,115,OC2,0.07114647530931999
ewt_b01_s0,ewt_b01,0,speaker_frame,0,116,OC2,0.09387823873518654
ewt_b01_s0,ewt_b01,0,speaker_frame,0,117,OC2,0.08621205304922394
ewt_b01_s0,ewt_b01,0,speaker_frame,0,118,OC2,0.1259223831901915
ewt_b01_s0,ewt_b01,0,speaker_frame,0,119,OC2,0.05488754328990261
ewt_b01_s0,ewt_b01,0,speaker_frame,0,120,OC2,0.12435821320441413
ewt_b01_s0,ewt_b01,0,speaker_frame,0,121,OC2,0.2150456534522834
ewt_b01_s0,ewt_b01,0,speaker_frame,0,122,OC2,0.1779141888765212
ewt_b01_s0,ewt_b01,0,speaker_frame,0,123,OC2,0.13617500769450872
ewt_b01_s0,ewt_b01,0,speaker_frame,0,124,OC2,0.17021840358750556
ewt_b01_s0,ewt_b01,0,speaker_frame,0,125,OC2,0.11556446717441099
ewt_b01_s0,ewt_b01,0,speaker_frame,0,126,OC2,0.26474183313485955
ewt_b01_s0,ewt_b01,0,speaker_frame,0,127,OC2,0.1647519544780442
ewt_b01_s0,ewt_b01,0,speaker_frame,0,128,OC2,0.1908544483148151
ewt_b01_s0,ewt_b01,0,speaker_frame,0,129,OC2,0.07545464674522025
ewt_b01_s0,ewt_b01,0,speaker_frame,0,130,OC2,0.09982352222357549
ewt_b01_s0,ewt_b01,0,speaker_frame,0,131,OC2,0.2618520977796375
ewt_b01_s0,ewt_b01,0,speaker_frame,0,132,OC2,0.09274338241622075
ewt_b01_s0,ewt_b01,0,speaker_frame,0,133,OC2,0.09685825995657657
ewt_b01_s0,ewt_b01,0,speaker_frame,0,134,OC2,0.09058914569761349
ewt_b01_s0,ewt_b01,0,speaker_frame,0,135,OC2,0.14113555803069078
ewt_b01_s0,ewt_b01,0,speaker_frame,0,136,OC2,0.16407573819369306
ewt_b01_s0,ewt_b01,0,speaker_frame,0,137,OC2,0.20919876645007016
ewt_b01_s0,ewt_b01,0,speaker_frame,0,138,OC2,0.14840007253749118
ewt_b01_s0,ewt_b01,0,speaker_frame,0,139,OC2,0.08737875045846992
ewt_b01_s0,ewt_b01,0,speaker_frame,0,140,OC2,0.08086686508133668
ewt_b01_s0,ewt_b01,0,speaker_frame,0,141,OC2,0.22309384971516538
ewt_b01_s0,ewt_b01,0,speaker_frame,0,142,OC2,0.05127393625174381
ewt_b01_s0,ewt_b01,0,speaker_frame,0,143,OC2,0.23648436629400654
ewt_b01_s0,ewt_b01,0,speaker_frame,0,144,OC3,0.08650014759905854
ewt_b01_s0,ewt_b01,0,speaker_frame,0,145,OC3,0.2191673152986574
ewt_b01_s0,ewt_b01,0,speaker_frame,0,146,OC3,0.26630821107291414
ewt_b01_s0,ewt_b01,0,speaker_frame,0,147,OC3,0.22155400862927746
ewt_b01_s0,ewt_b01,0,speaker_frame,0,148,OC3,0.20985531741804817
ewt_b01_s0,ewt_b01,0,speaker_frame,0,149,OC3,0.6609037601901162
ewt_b01_s0,ewt_b01,0,speaker_frame,0,150,OC3,0.10385164502982418
ewt_b01_s0,ewt_b01,0,speaker_frame,0,151,OC3,0.19690820528195815
ewt_b01_s0,ewt_b01,0,speaker_frame,0,152,OC3,0.1191269354231486
ewt_b01_s0,ewt_b01,0,speaker_frame,0,153,OC3,0.14565230918088515
ewt_b01_s0,ewt_b01,0,speaker_frame,0,154,OC3,0.19270607654891175
ewt_b01_s0,ewt_b01,0,speaker_frame,0,155,OC3,0.9251312809130704
ewt_b01_s0,ewt_b01,0,speaker_frame,0,156,OC3,0.193593516894981
ewt_b01_s0,ewt_b01,0,speaker_frame,0,157,OC3,0.08393195705994784
ewt_b01_s0,ewt_b01,0,speaker_frame,0,158,OC3,0.21159444341078584
ewt_b01_s0,ewt_b01,0,speaker_frame,0,159,OC3,0.2135481623587883
ewt_b01_s0,ewt_b01,0,speaker_frame,0,160,OC3,0.11198808118052397
ewt_b01_s0,ewt_b01,0,speaker_frame,0,161,OC3,0.294755971566322
ewt_b01_s0,ewt_b01,0,speaker_frame,0,162,OC3,0.2883093653516501
ewt_b01_s0,ewt_b01,0,speaker_frame,0,163,OC3,0.24272309516782808
ewt_b01_s0,ewt_b01,0,speaker_frame,0,164,OC3,0.37529680697374995
ewt_b01_s0,ewt_b01,0,speaker_frame,0,165,OC3,0.5919416702284729
ewt_b01_s0,ewt_b01,0,speaker_frame,0,166,OC3,0.25741980673300463
ewt_b01_s0,ewt_b01,0,speaker_frame,0,167,OC3,0.21593061684057002
ewt_b01_s0,ewt_b01,0,speaker_frame,0,168,OC3,0.24338806993689474
ewt_b01_s0,ewt_b01,0,speaker_frame,0,169,OC3,0.21837745487505728
ewt_b01_s0,ewt_b01,0,speaker_frame,0,170,OC3,0.06297539043936752
ewt_b01_s0,ewt_b01,0,speaker_frame,0,171,OC3,0.38494493165011767
ewt_b01_s0,ewt_b01,0,speaker_frame,0,172,OC3,0.1551817724256723
ewt_b01_s0,ewt_b01,0,speaker_frame,0,173,OC3,0.18058726615695478
ewt_b01_s0,ewt_b01,0,speaker_frame,0,174,OC3,0.178919451927662
ewt_b01_s0,ewt_b01,0,speaker_frame,0,175,OC3,0.18108984593547622
ewt_b01_s0,ewt_b01,0,speaker_frame,0,176,OC3,0.2728779473139684
ewt_b01_s0,ewt_b01,0,speaker_frame,0,177,OC3,0.11481079698057037
ewt_b01_s0,ewt_b01,0,speaker_frame,0,178,OC3,0.23380294908610774
ewt_b01_s0,ewt_b01,0,speaker_frame,0,179,OC3,0.12289016233569973
ewt_b01_s0,ewt_b01,0,speaker_frame,0,180,OC3,0.24436977192033923
ewt_b01_s0,ewt_b01,0,speaker_frame,0,181,OC3,0.11036809221240741
ewt_b01_s0,ewt_b01,0,speaker_frame,0,182,OC3,0.501101959839541
ewt_b01_s0,ewt_b01,0,speaker_frame,0,183,OC3,0.3595757144622491
ewt_b01_s0,ewt_b01,0,speaker_frame,0,184,OC3,0.26888721485668193
ewt_b01_s0,ewt_b01,0,speaker_frame,0,185,OC3,0.25542146279234607
ewt_b01_s0,ewt_b01,0,speaker_frame,0,186,OC3,0.3439806695557107
ewt_b01_s0,ewt_b01,0,speaker_frame,0,187,OC3,0.21688522766755
ewt_b01_s0,ewt_b01,0,speaker_frame,0,188,OC3,0.16915800109312965
ewt_b01_s0,ewt_b01,0,speaker_frame,0,189,OC3,0.2604516408836472
ewt_b01_s0,ewt_b01,0,speaker_frame,0,190,OC3,0.1943864072063974
ewt_b01_s0,ewt_b01,0,speaker_frame,0,191,OC3,0.39638355871384895
ewt_b01_s0,ewt_b01,0,vowel,1,0,X,0.5496663409833533
ewt_b01_s0,ewt_b01,0,vowel,1,1,X,0.33022556554913257
ewt_b01_s0,ewt_b01,0,vowel,1,2,X,0.08504045897042385
ewt_b01_s0,ewt_b01,0,vowel,1,3,X,0.5563174781735271
ewt_b01_s0,ewt_b01,0,vowel,1,4,X,0.4479756685301387
ewt_b01_s0,ewt_b01,0,vowel,1,5,X,0.3270717383605234
ewt_b01_s0,ewt_b01,0,vowel,1,6,X,1.0
ewt_b01_s0,ewt_b01,0,vowel,1,7,X,0.32270051442771347
ewt_b01_s0,ewt_b01,0,vowel,1,8,X,0.4176680441892922
ewt_b01_s0,ewt_b01,0,vowel,1,9,X,0.5637922289129056
ewt_b01_s0,ewt_b01,0,vowel,1,10,X,0.6202955234784038
ewt_b01_s0,ewt_b01,0,vowel,1,11,X,0.7695085042103255
ewt_b01_s0,ewt_b01,0,vowel,1,12,X,0.49491753279241607
ewt_b01_s0,ewt_b01,0,vowel,1,13,X,0.5055698251395475
ewt_b01_s0,ewt_b01,0,vowel,1,14,X,0.5585036715348348
ewt_b01_s0,ewt_b01,0,vowel,1,15,X,0.24566052881983047
ewt_b01_s0,ewt_b01,0,vowel,1,16,X,0.33176991034917663
ewt_b01_s0,ewt_b01,0,vowel,1,17,X,0.7401809354594164
ewt_b01_s0,ewt_b01,0,vowel,1,18,X,0.40061218317752245
ewt_b01_s0,ewt_b01,0,vowel,1,19,X,0.1343014284258914
ewt_b01_s0,ewt_b01,0,vowel,1,20,X,0.641806460505552
ewt_b01_s0,ewt_b01,0,vowel,1,21,X,0.23216176029376773
ewt_b01_s0,ewt_b01,0,vowel,1,22,X,0.42170601213793507
ewt_b01_s0,ewt_b01,0,vowel,1,23,X,0.7157018080489347
ewt_b01_s0,ewt_b01,0,vowel,1,24,X,0.5099049669887219
ewt_b01_s0,ewt_b01,0,vowel,1,25,X,0.23606621495678987
ewt_b01_s0,ewt_b01,0,vowel,1,26,X,0.364185873454055
ewt_b01_s0,ewt_b01,0,vowel,1,27,X,0.28201985067485336
ewt_b01_s0,ewt_b01,0,vowel,1,28,X,0.2129273707397852
ewt_b01_s0,ewt_b01,0,vowel,1,29,X,0.3399517543045198
ewt_b01_s0,ewt_b01,0,vowel,1,30,X,0.7629995448736854
ewt_b01_s0,ewt_b01,0,vowel,1,31,X,0.2625090714944065
ewt_b01_s0,ewt_b01,0,vowel,1,32,X,0.4322429915519503
ewt_b01_s0,ewt_b01,0,vowel,1,33,X,0.5649816710260812
ewt_b01_s0,ewt_b01,0,vowel,1,34,X,0.5469799000347243
ewt_b01_s0,ewt_b01,0,vowel,1,35,X,0.4116585041305188
ewt_b01_s0,ewt_b01,0,vowel,1,36,X,0.3761304256858248
ewt_b01_s0,ewt_b01,0,vowel,1,37,X,0.24214411245779693
ewt_b01_s0,ewt_b01,0,vowel,1,38,X,0.39708904220012364
ewt_b01_s0,ewt_b01,0,vowel,1,39,X,0.13378757080072187
ewt_b01_s0,ewt_b01,0,vowel,1,40,X,0.47590791403035615
ewt_b01_s0,ewt_b01,0,vowel,1,41,X,0.39746910578659495
ewt_b01_s0,ewt_b01,0,vowel,1,42,X,0.5344303874985571
ewt_b01_s0,ewt_b01,0,vowel,1,43,X,0.3113736996828045
ewt_b01_s0,ewt_b01,0,vowel,1,44,X,0.5049809919074385
ewt_b01_s0,ewt_b01,0,vowel,1,45,X,0.5568075743939168
ewt_b01_s0,ewt_b01,0,vowel,1,46,X,0.5005538701788618
ewt_b01_s0,ewt_b01,0,vowel,1,47,X,0.421110461260424
ewt_b01_s0,ewt_b01,0,vowel,1,48,OC1,0.02522862459295898
ewt_b01_s0,ewt_b01,0,vowel,1,49,OC1,0.06096695254136386
ewt_b01_s0,ewt_b01,0,vowel,1,50,OC1,0.04886850587383073
ewt_b01_s0,ewt_b01,0,vowel,1,51,OC1,0.026131909312812066
ewt_b01_s0,ewt_b01,0,vowel,1,52,OC1,0.04112361741683783
ewt_b01_s0,ewt_b01,0,vowel,1,53,OC1,0.04301190818402591
ewt_b01_s0,ewt_b01,0,vowel,1,54,OC1,0.04413142611529187
ewt_b01_s0,ewt_b01,0,vowel,1,55,OC1,0.047911392017439
ewt_b01_s0,ewt_b01,0,vowel,1,56,OC1,0.07235797999551695
ewt_b01_s0,ewt_b01,0,vowel,1,57,OC1,0.019974949279910052
ewt_b01_s0,ewt_b01,0,vowel,1,58,OC1,0.01868887032647981
ewt_b01_s0,ewt_b01,0,vowel,1,59,OC1,0.024997125980441876
ewt_b01_s0,ewt_b01,0,vowel,1,60,OC1,0.025225808495359752
ewt_b01_s0,ewt_b01,0,vowel,1,61,OC1,0.06140408492440281
ewt_b01_s0,ewt_b01,0,vowel,1,62,OC1,0.04066321021575067
ewt_b01_s0,ewt_b01,0,vowel,1,63,OC1,0.07330013829898545
ewt_b01_s0,ewt_b01,0,vowel,1,64,OC1,0.07549927398286425
ewt_b01_s0,ewt_b01,0,vowel,1,65,OC1,0.021442986010257004
ewt_b01_s0,ewt_b01,0,vowel,1,66,OC1,0.06635400889848563
ewt_b01_s0,ewt_b01,0,vowel,1,67,OC1,0.021859796364455602
ewt_b01_s0,ewt_b01,0,vowel,1,68,OC1,0.03742033643663337
ewt_b01_s0,ewt_b01,0,vowel,1,69,OC1,0.02456177654453539
ewt_b01_s0,ewt_b01,0,vowel,1,70,OC1,0.06577695084336878
ewt_b01_s0,ewt_b01,0,vowel,1,71,OC1,0.028040650260017976
ewt_b01_s0,ewt_b01,0,vowel,1,72,OC1,0.06697411733124016
ewt_b01_s0,ewt_b01,0,vowel,1,73,OC1,0.045712329207468594
ewt_b01_s0,ewt_b01,0,vowel,1,74,OC1,0.023629211087487632
ewt_b01_s0,ewt_b01,0,vowel,1,75,OC1,0.014114508225541077
ewt_b01_s0,ewt_b01,0,vowel,1,76,OC1,0.04570472536372614
ewt_b01_s0,ewt_b01,0,vowel,1,77,OC1,0.0158530338657492
ewt_b01_s0,ewt_b01,0,vowel,1,78,OC1,0.03386391090164936
ewt_b01_s0,ewt_b01,0,vowel,1,79,OC1,0.03547998706526825
ewt_b01_s0,ewt_b01,0,vowel,1,80,OC1,0.010391268285527448
ewt_b01_s0,ewt_b01,0,vowel,1,81,OC1,0.05323143771332776
ewt_b01_s0,ewt_b01,0,vowel,1,82,OC1,0.04610356168310445
ewt_b01_s0,ewt_b01,0,vowel,1,83,OC1,0.03530870959644691
ewt_b01_s0,ewt_b01,0,vowel,1,84,OC1,0.028837685488133463
ewt_b01_s0,ewt_b01,0,vowel,1,85,OC1,0.08239958401896202
ewt_b01_s0,ewt_b01,0,vowel,1,86,OC1,0.03291639244268543
ewt_b01_s0,ewt_b01,0,vowel,1,87,OC1,0.025407846348095946
ewt_b01_s0,ewt_b01,0,vowel,1,88,OC1,0.036838402511412884
ewt_b01_s0,ewt_b01,0,vowel,1,89,OC1,0.021989174625420292
ewt_b01_s0,ewt_b01,0,vowel,1,90,OC1,0.019861867052484248
ewt_b01_s0,ewt_b01,0,vowel,1,91,OC1,0.08793845269382429
ewt_b01_s0,ewt_b01,0,vowel,1,92,OC1,0.033433556616869066
ewt_b01_s0,ewt_b01,0,vowel,1,93,OC1,0.05900357921215634
ewt_b01_s0,ewt_b01,0,vowel,1,94,OC1,0.052132636288792784
ewt_b01_s0,ewt_b01,0,vowel,1,95,OC1,0.03186634410928585
ewt_b01_s0,ewt_b01,0,vowel,1,96,OC2,0.037952662302406286
ewt_b01_s0,ewt_b01,0,vowel,1,97,OC2,0.025608523476230657
ewt_b01_s0,ewt_b01,0,vowel,1,98,OC2,0.028620735340193135
ewt_b01_s0,ewt_b01,0,vowel,1,99,OC2,0.036158213141176586
ewt_b01_s0,ewt_b01,0,vowel,1,100,OC2,0.06287937250066733
ewt_b01_s0,ewt_b01,0,vowel,1,101,OC2,0.03422763010858813
ewt_b01_s0,ewt_b01,0,vowel,1,102,OC2,0.039937361935232944
ewt_b01_s0,ewt_b01,0,vowel,1,103,OC2,0.05346839590089333
ewt_b01_s0,ewt_b01,0,vowel,1,104,OC2,0.0447020926381861
ewt_b01_s0,ewt_b01,0,vowel,1,105,OC2,0.05300978860123103
ewt_b01_s0,ewt_b01,0,vowel,1,106,OC2,0.05983664423018629
ewt_b01_s0,ewt_b01,0,vowel,1,107,OC2,0.03102406612880299
ewt_b01_s0,ewt_b01,0,vowel,1,108,OC2,0.09581373938701906
ewt_b01_s0,ewt_b01,0,vowel,1,109,OC2,0.055672707346385214
ewt_b01_s0,ewt_b01,0,vowel,1,110,OC2,0.06156338887201536
ewt_b01_s0,ewt_b01,0,vowel,1,111,OC2,0.07808181545760802
ewt_b01_s0,ewt_b01,0,vowel,1,112,OC2,0.06359522333907633
ewt_b01_s0,ewt_b01,0,vowel,1,113,OC2,0.04773461613710161
ewt_b01_s0,ewt_b01,0,vowel,1,114,OC2,0.04041574774301418
ewt_b01_s0,ewt_b01,0,vowel,1,115,OC2,0.06335741086598703
ewt_b01_s0,ewt_b01,0,vowel,1,116,OC2,0.03243230754469133
ewt_b01_s0,ewt_b01,0,vowel,1,117,OC2,0.0734625541763614
ewt_b01_s0,ewt_b01,0,vowel,1,118,OC2,0.06023472835275994
ewt_b01_s0,ewt_b01,0,vowel,1,119,OC2,0.029052913380828698
ewt_b01_s0,ewt_b01,0,vowel,1,120,OC2,0.07755869242701603
ewt_b01_s0,ewt_b01,0,vowel,1,121,OC2,0.01650417718840264
ewt_b01_s0,ewt_b01,0,vowel,1,122,OC2,0.02183959600630001
ewt_b01_s0,ewt_b01,0,vowel,1,123,OC2,0.0158550241472908
ewt_b01_s0,ewt_b01,0,vowel,1,124,OC2,0.07105004085694246
ewt_b01_s0,ewt_b01,0,vowel,1,125,OC2,0.017816897533339596
ewt_b01_s0,ewt_b01,0,vowel,1,126,OC2,0.037714101553592595
ewt_b01_s0,ewt_b01,0,vowel,1,127,OC2,0.032285564676567104
ewt_b01_s0,ewt_b01,0,vowel,1,128,OC2,0.02218766236394109
ewt_b01_s0,ewt_b01,0,vowel,1,129,OC2,0.06710211788617745
ewt_b01_s0,ewt_b01,0,vowel,1,130,OC2,0.04184100228323284
ewt_b01_s0,ewt_b01,0,vowel,1,131,OC2,0.045035438603571384
ewt_b01_s0,ewt_b01,0,vowel,1,132,OC2,0.03550560380167343
ewt_b01_s0,ewt_b01,0,vowel,1,133,OC2,0.03428531134374109
ewt_b01_s0,ewt_b01,0,vowel,1,134,OC2,0.022943652620272873
ewt_b01_s0,ewt_b01,0,vowel,1,135,OC2,0.041467920650157454
ewt_b01_s0,ewt_b01,0,vowel,1,136,OC2,0.02097610007735511
ewt_b01_s0,ewt_b01,0,vowel,1,137,OC2,0.10569563177212388
ewt_b01_s0,ewt_b01,0,vowel,1,138,OC2,0.014943292141335473
ewt_b01_s0,ewt_b01,0,vowel,1,139,OC2,0.026438022434915217
ewt_b01_s0,ewt_b01,0,vowel,1,140,OC2,0.04646796635499991
ewt_b01_s0,ewt_b01,0,vowel,1,141,OC2,0.050029485211907865
ewt_b01_s0,ewt_b01,0,vowel,1,142,OC2,0.0915754151243524
ewt_b01_s0,ewt_b01,0,vowel,1,143,OC2,0.09579487132139317
ewt_b01_s0,ewt_b01,0,vowel,1,144,OC3,0.055723223814339314
ewt_b01_s0,ewt_b01,0,vowel,1,145,OC3,0.017258750460236786
ewt_b01_s0,ewt_b01,0,vowel,1,146,OC3,0.038737604578765766
ewt_b01_s0,ewt_b01,0,vowel,1,147,OC3,0.0411429199461348
ewt_b01_s0,ewt_b01,0,vowel,1,148,OC3,0.023590502028111197
ewt_b01_s0,ewt_b01,0,vowel,1,149,OC3,0.05209534860871483
ewt_b01_s0,ewt_b01,0,vowel,1,150,OC3,0.04028654470410051
ewt_b01_s0,ewt_b01,0,vowel,1,151,OC3,0.03229321877850827
ewt_b01_s0,ewt_b01,0,vowel,1,152,OC3,0.02407630316805907
ewt_b01_s0,ewt_b01,0,vowel,1,153,OC3,0.011808407950503698
ewt_b01_s0,ewt_b01,0,vowel,1,154,OC3,0.0276191079716505
ewt_b01_s0,ewt_b01,0,vowel,1,155,OC3,0.07223823136234585
ewt_b01_s0,ewt_b01,0,vowel,1,156,OC3,0.01656549796311767
ewt_b01_s0,ewt_b01,0,vowel,1,157,OC3,0.02777062758976396
ewt_b01_s0,ewt_b01,0,vowel,1,158,OC3,0.010910836605293085
ewt_b01_s0,ewt_b01,0,vowel,1,159,OC3,0.02408314626131909
ewt_b01_s0,ewt_b01,0,vowel,1,160,OC3,0.038462625340915664
ewt_b01_s0,ewt_b01,0,vowel,1,161,OC3,0.08451885941330149
ewt_b01_s0,ewt_b01,0,vowel,1,162,OC3,0.030522218097607544
ewt_b01_s0,ewt_b01,0,vowel,1,163,OC3,0.06317844249902084
ewt_b01_s0,ewt_b01,0,vowel,1,164,OC3,0.03404547410543288
ewt_b01_s0,ewt_b01,0,vowel,1,165,OC3,0.043949591789327745
ewt_b01_s0,ewt_b01,0,vowel,1,166,OC3,0.021638774138824493
ewt_b01_s0,ewt_b01,0,vowel,1,167,OC3,0.032118489143883884
ewt_b01_s0,ewt_b01,0,vowel,1,168,OC3,0.06377128327283575
ewt_b01_s0,ewt_b01,0,vowel,1,169,OC3,0.018082975010135845
ewt_b01_s0,ewt_b01,0,vowel,1,170,OC3,0.03556341648331735
ewt_b01_s0,ewt_b01,0,vowel,1,171,OC3,0.06728001832486658
ewt_b01_s0,ewt_b01,0,vowel,1,172,OC3,0.014990384136589846
ewt_b01_s0,ewt_b01,0,vowel,1,173,OC3,0.03694935249514618
ewt_b01_s0,ewt_b01,0,vowel,1,174,OC3,0.052071389767923616
ewt_b01_s0,ewt_b01,0,vowel,1,175,OC3,0.06688123141041027
ewt_b01_s0,ewt_b01,0,vowel,1,176,OC3,0.04033173805615026
ewt_b01_s0,ewt_b01,0,vowel,1,177,OC3,0.04982444483139607
ewt_b01_s0,ewt_b01,0,vowel,1,178,OC3,0.03900006983465615
ewt_b01_s0,ewt_b01,0,vowel,1,179,OC3,0.03789316369145913
ewt_b01_s0,ewt_b01,0,vowel,1,180,OC3,0.027031529574432278
ewt_b01_s0,ewt_b01,0,vowel,1,181,OC3,0.037604931900649126
ewt_b01_s0,ewt_b01,0,vowel,1,182,OC3,0.09153966558858422
ewt_b01_s0,ewt_b01,0,vowel,1,183,OC3,0.04329591549726595
ewt_b01_s0,ewt_b01,0,vowel,1,184,OC3,0.036936843193488195
ewt_b01_s0,ewt_b01,0,vowel,1,185,OC3,0.03443235684426238
ewt_b01_s0,ewt_b01,0,vowel,1,186,OC3,0.03832118797077774
ewt_b01_s0,ewt_b01,0,vowel,1,187,OC3,0.016347772702080057
ewt_b01_s0,ewt_b01,0,vowel,1,188,OC3,0.026743334473660636
ewt_b01_s0,ewt_b01,0,vowel,1,189,OC3,0.02232266070168784
ewt_b01_s0,ewt_b01,0,vowel,1,190,OC3,0.02683672886979713
ewt_b01_s0,ewt_b01,0,vowel,1,191,OC3,0.04837381211669875
ewt_b01_s0,ewt_b01,0,speaker_frame,1,0,X,0.6437097882121037
ewt_b01_s0,ewt_b01,0,speaker_frame,1,1,X,0.2932029053974199
ewt_b01_s0,ewt_b01,0,speaker_frame,1,2,X,0.6125010517503018
ewt_b01_s0,ewt_b01,0,speaker_frame,1,3,X,0.45973567244254454
ewt_b01_s0,ewt_b01,0,speaker_frame,1,4,X,0.3924065148072655
ewt_b01_s0,ewt_b01,0,speaker_frame,1,5,X,0.6094219127446181
ewt_b01_s0,ewt_b01,0,speaker_frame,1,6,X,0.3531880205094187
ewt_b01_s0,ewt_b01,0,speaker_frame,1,7,X,0.41452978466838547
ewt_b01_s0,ewt_b01,0,speaker_frame,1,8,X,0.29901053347260037
ewt_b01_s0,ewt_b01,0,speaker_frame,1,9,X,0.2610389478967977
ewt_b01_s0,ewt_b01,0,speaker_frame,1,10,X,0.2414212022339577
ewt_b01_s0,ewt_b01,0,speaker_frame,1,11,X,0.3555598022812349
ewt_b01_s0,ewt_b01,0,speaker_frame,1,12,X,0.21937493370560515
ewt_b01_s0,ewt_b01,0,speaker_frame,1,13,X,0.48842856560262443
ewt_b01_s0,ewt_b01,0,speaker_frame,1,14,X,0.27243599804623764
ewt_b01_s0,ewt_b01,0,speaker_frame,1,15,X,0.34632427420111195
ewt_b01_s0,ewt_b01,0,speaker_frame,1,16,X,0.38896267678097957
ewt_b01_s0,ewt_b01,0,speaker_frame,1,17,X,0.5253453677340433
ewt_b01_s0,ewt_b01,0,speaker_frame,1,18,X,0.4334115826877498
ewt_b01_s0,ewt_b01,0,speaker_frame,1,19,X,0.3439669706713165
ewt_b01_s0,ewt_b01,0,speaker_frame,1,20,X,0.9477052190005926
ewt_b01_s0,ewt_b01,0,speaker_frame,1,21,X,0.39236358120937254
ewt_b01_s0,ewt_b01,0,speaker_frame,1,22,X,0.5987091736905136
ewt_b01_s0,ewt_b01,0,speaker_frame,1,23,X,0.3788298465381327
ewt_b01_s0,ewt_b01,0,speaker_frame,1,24,X,0.7068435453932711
ewt_b01_s0,ewt_b01,0,speaker_frame,1,25,X,0.5860065797010445
ewt_b01_s0,ewt_b01,0,speaker_frame,1,26,X,0.34506790694479406
ewt_b01_s0,ewt_b01,0,speaker_frame,1,27,X,0.35806788363182934
ewt_b01_s0,ewt_b01,0,speaker_frame,1,28,X,0.21601107086476806
ewt_b01_s0,ewt_b01,0,speaker_frame,1,29,X,0.40697907094244207
ewt_b01_s0,ewt_b01,0,speaker_frame,1,30,X,0.39647327380699066
ewt_b01_s0,ewt_b01,0,speaker_frame,1,31,X,0.3200240307221913
ewt_b01_s0,ewt_b01,0,speaker_frame,1,32,X,0.5052785954265421
ewt_b01_s0,ewt_b01,0,speaker_frame,1,33,X,0.28701554186855954
ewt_b01_s0,ewt_b01,0,speaker_frame,1,34,X,0.5279963792528699
ewt_b01_s0,ewt_b01,0,speaker_frame,1,35,X,0.282591927299245
ewt_b01_s0,ewt_b01,0,speaker_frame,1,36,X,0.24394251899008515
ewt_b01_s0,ewt_b01,0,speaker_frame,1,37,X,0.29266429848787456
ewt_b01_s0,ewt_b01,0,speaker_frame,1,38,X,0.2678888650016648
ewt_b01_s0,ewt_b01,0,speaker_frame,1,39,X,0.31897792109235784
ewt_b01_s0,ewt_b01,0,speaker_frame,1,40,X,0.338963743031175
ewt_b01_s0,ewt_b01,0,speaker_frame,1,41,X,0.2966137837045909
ewt_b01_s0,ewt_b01,0,speaker_frame,1,42,X,1.0
ewt_b01_s0,ewt_b01,0,speaker_frame,1,43,X,0.20772754555652878
ewt_b01_s0,ewt_b01,0,speaker_frame,1,44,X,0.30301688043165415
ewt_b01_s0,ewt_b01,0,speaker_frame,1,45,X,0.5592763051814741
ewt_b01_s0,ewt_b01,0,speaker_frame,1,46,X,0.3401858188454839
ewt_b01_s0,ewt_b01,0,speaker_frame,1,47,X,0.4289639942786202
ewt_b01_s0,ewt_b01,0,speaker_frame,1,48,OC1,0.03747935887196813
ewt_b01_s0,ewt_b01,0,speaker_frame,1,49,OC1,0.06135958917768788
ewt_b01_s0,ewt_b01,0,speaker_frame,1,50,OC1,0.05717087336986333
ewt_b01_s0,ewt_b01,0,speaker_frame,1,51,OC1,0.033683298181029366
ewt_b01_s0,ewt_b01,0,speaker_frame,1,52,OC1,0.025554513566705562
ewt_b01_s0,ewt_b01,0,speaker_frame,1,53,OC1,0.05828368770414719
ewt_b01_s0,ewt_b01,0,speaker_frame,1,54,OC1,0.035918684252437195
ewt_b01_s0,ewt_b01,0,speaker_frame,1,55,OC1,0.07865518777356237
ewt_b01_s0,ewt_b01,0,speaker_frame,1,56,OC1,0.08209763273735417
ewt_b01_s0,ewt_b01,0,speaker_frame,1,57,OC1,0.17473537482267587
ewt_b01_s0,ewt_b01,0,speaker_frame,1,58,OC1,0.07599182931327075
ewt_b01_s0,ewt_b01,0,speaker_frame,1,59,OC1,0.09865336348570801
ewt_b01_s0,ewt_b01,0,speaker_frame,1,60,OC1,0.02516353522918506
ewt_b01_s0,ewt_b01,0,speaker_frame,1,61,OC1,0.0616708609712933
ewt_b01_s0,ewt_b01,0,speaker_frame,1,62,OC1,0.04838295172515234
ewt_b01_s0,ewt_b01,0,speaker_frame,1,63,OC1,0.045304210722362424
ewt_b01_s0,ewt_b01,0,speaker_frame,1,64,OC1,0.08882330762752133
ewt_b01_s0,ewt_b01,0,speaker_frame,1,65,OC1,0.07282243033256665
ewt_b01_s0,ewt_b01,0,speaker_frame,1,66,OC1,0.08693894929505787
ewt_b01_s0,ewt_b01,0,speaker_frame,1,67,OC1,0.10049231661861015
ewt_b01_s0,ewt_b01,0,speaker_frame,1,68,OC1,0.05681253304122855
ewt_b01_s0,ewt_b01,0,speaker_frame,1,69,OC1,0.10047854560029026
ewt_b01_s0,ewt_b01,0,speaker_frame,1,70,OC1,0.05705739354928279
ewt_b01_s0,ewt_b01,0,speaker_frame,1,71,OC1,0.0596652385161246
ewt_b01_s0,ewt_b01,0,speaker_frame,1,72,OC1,0.06914471411779835
ewt_b01_s0,ewt_b01,0,speaker_frame,1,73,OC1,0.05005642044226929
ewt_b01_s0,ewt_b01,0,speaker_frame,1,74,OC1,0.08288099565997104
ewt_b01_s0,ewt_b01,0,speaker_frame,1,75,OC1,0.13651516694135463
ewt_b01_s0,ewt_b01,0,speaker_frame,1,76,OC1,0.12284257082830402
ewt_b01_s0,ewt_b01,0,speaker_frame,1,77,OC1,0.07088308380677581
ewt_b01_s0,ewt_b01,0,speaker_frame,1,78,OC1,0.10351908889007685
ewt_b01_s0,ewt_b01,0,speaker_frame,1,79,OC1,0.057201969083141416
ewt_b01_s0,ewt_b01,0,speaker_frame,1,80,OC1,0.06196092851535275
ewt_b01_s0,ewt_b01,0,speaker_frame,1,81,OC1,0.11693459651164073
ewt_b01_s0,ewt_b01,0,speaker_frame,1,82,OC1,0.04738510125934398
ewt_b01_s0,ewt_b01,0,speaker_frame,1,83,OC1,0.11033065510489494
ewt_b01_s0,ewt_b01,0,speaker_frame,1,84,OC1,0.04571879159914711
ewt_b01_s0,ewt_b01,0,speaker_frame,1,85,OC1,0.04904911815133632
ewt_b01_s0,ewt_b01,0,speaker_frame,1,86,OC1,0.13471456561583428
ewt_b01_s0,ewt_b01,0,speaker_frame,1,87,OC1,0.063167279009843
ewt_b01_s0,ewt_b01,0,speaker_frame,1,88,OC1,0.026555288117800988
ewt_b01_s0,ewt_b01,0,speaker_frame,1,89,OC1,0.073490436813701
ewt_b01_s0,ewt_b01,0,speaker_frame,1,90,OC1,0.03713286090338165
ewt_b01_s0,ewt_b01,0,speaker_frame,1,91,OC1,0.05075436102176359
ewt_b01_s0,ewt_b01,0,speaker_frame,1,92,OC1,0.022836717560527832
ewt_b01_s0,ewt_b01,0,speaker_frame,1,93,OC1,0.04200703813827967
ewt_b01_s0,ewt_b01,0,speaker_frame,1,94,OC1,0.07137187092301166
ewt_b01_s0,ewt_b01,0,speaker_frame,1,95,OC1,0.132712415308721
ewt_b01_s0,ewt_b01,0,speaker_frame,1,96,OC2,0.071702963557589
ewt_b01_s0,ewt_b01,0,speaker_frame,1,97,OC2,0.1796223139819075
ewt_b01_s0,ewt_b01,0,speaker_frame,1,98,OC2,0.1638945684966006
ewt_b01_s0,ewt_b01,0,speaker_frame,1,99,OC2,0.3351712421159742
ewt_b01_s0,ewt_b01,0,speaker_frame,1,100,OC2,0.1728294016973897
ewt_b01_s0,ewt_b01,0,speaker_frame,1,101,OC2,0.23872187565445047
ewt_b01_s0,ewt_b01,0,speaker_frame,1,102,OC2,0.16890986320068901
ewt_b01_s0,ewt_b01,0,speaker_frame,1,103,OC2,0.12307457297089475
ewt_b01_s0,ewt_b01,0,speaker_frame,1,104,OC2,0.08420115394898431
ewt_b01_s0,ewt_b01,0,speaker_frame,1,105,OC2,0.050227264289994016
ewt_b01_s0,ewt_b01,0,speaker_frame,1,106,OC2,0.09353234883068451
ewt_b01_s0,ewt_b01,0,speaker_frame,1,107,OC2,0.15770706407073143
ewt_b01_s0,ewt_b01,0,speaker_frame,1,108,OC2,0.2153376276890101
ewt_b01_s0,ewt_b01,0,speaker_frame,1,109,OC2,0.18207531503205332
ewt_b01_s0,ewt_b01,0,speaker_frame,1,110,OC2,0.12626114467097044
ewt_b01_s0,ewt_b01,0,speaker_frame,1,111,OC2,0.320602979990748
ewt_b01_s0,ewt_b01,0,speaker_frame,1,112,OC2,0.06512436474705395
ewt_b01_s0,ewt_b01,0,speaker_frame,1,113,OC2,0.23284480339684793
ewt_b01_s0,ewt_b01,0,speaker_frame,1,114,OC2,0.09014715474409746
ewt_b01_s0,ewt_b01,0,speaker_frame,1,115,OC2,0.10339006391598152
ewt_b01_s0,ewt_b01,0,speaker_frame,1,116,OC2,0.08201622580601592
ewt_b01_s0,ewt_b01,0,speaker_frame,1,117,OC2,0.0746815952426581
ewt_b01_s0,ewt_b01,0,speaker_frame,1,118,OC2,0.14905562902907338
ewt_b01_s0,ewt_b01,0,speaker_frame,1,119,OC2,0.04938011618396562
ewt_b01_s0,ewt_b01,0,speaker_frame,1,120,OC2,0.13638833566387376
ewt_b01_s0,ewt_b01,0,speaker_frame,1,121,OC2,0.2004489949725747
ewt_b01_s0,ewt_b01,0,speaker_frame,1,122,OC2,0.18886472221542855
ewt_b01_s0,ewt_b01,0,speaker_frame,1,123,OC2,0.1306084491128707
ewt_b01_s0,ewt_b01,0,speaker_frame,1,124,OC2,0.1801991918916756
ewt_b01_s0,ewt_b01,0,speaker_frame,1,125,OC2,0.12078925376648932
ewt_b01_s0,ewt_b01,0,speaker_frame,1,126,OC2,0.2525078137965079
ewt_b01_s0,ewt_b01,0,speaker_frame,1,127,OC2,0.16254114651040175
ewt_b01_s0,ewt_b01,0,speaker_frame,1,128,OC2,0.18763212305728322
ewt_b01_s0,ewt_b01,0,speaker_frame,1,129,OC2,0.06315329538304923
ewt_b01_s0,ewt_b01,0,speaker_frame,1,130,OC2,0.14287952752126618
ewt_b01_s0,ewt_b01,0,speaker_frame,1,131,OC2,0.26356367585722823
ewt_b01_s0,ewt_b01,0,speaker_frame,1,132,OC2,0.09417830427614977
ewt_b01_s0,ewt_b01,0,speaker_frame,1,133,OC2,0.12220389383170938
ewt_b01_s0,ewt_b01,0,speaker_frame,1,134,OC2,0.08042275329330231
ewt_b01_s0,ewt_b01,0,speaker_frame,1,135,OC2,0.14517553566894728
ewt_b01_s0,ewt_b01,0,speaker_frame,1,136,OC2,0.17935163132929788
ewt_b01_s0,ewt_b01,0,speaker_frame,1,137,OC2,0.19140768197510044
ewt_b01_s0,ewt_b01,0,speaker_frame,1,138,OC2,0.1452790505539453
ewt_b01_s0,ewt_b01,0,speaker_frame,1,139,OC2,0.10042151714705475
ewt_b01_s0,ewt_b01,0,speaker_frame,1,140,OC2,0.08007149407894482
ewt_b01_s0,ewt_b01,0,speaker_frame,1,141,OC2,0.2037531947967541
ewt_b01_s0,ewt_b01,0,speaker_frame,1,142,OC2,0.07086241745685225
ewt_b01_s0,ewt_b01,0,speaker_frame,1,143,OC2,0.24314461031314974
ewt_b01_s0,ewt_b01,0,speaker_frame,1,144,OC3,0.09010048447181819
ewt_b01_s0,ewt_b01,0,speaker_frame,1,145,OC3,0.24254214057902906
ewt_b01_s0,ewt_b01,0,speaker_frame,1,146,OC3,0.24230116389368586
ewt_b01_s0,ewt_b01,0,speaker_frame,1,147,OC3,0.21682534846979234
ewt_b01_s0,ewt_b01,0,speaker_frame,1,148,OC3,0.23575671650014474
ewt_b01_s0,ewt_b01,0,speaker_frame,1,149,OC3,0.647726845149257
ewt_b01_s0,ewt_b01,0,speaker_frame,1,150,OC3,0.10317232767918959
ewt_b01_s0,ewt_b01,0,speaker_frame,1,151,OC3,0.18926805543792607
ewt_b01_s0,ewt_b01,0,speaker_frame,1,152,OC3,0.1141099734068073
ewt_b01_s0,ewt_b01,0,speaker_frame,1,153,OC3,0.13239769875822988
ewt_b01_s0,ewt_b01,0,speaker_frame,1,154,OC3,0.22202375202042632
ewt_b01_s0,ewt_b01,0,speaker_frame,1,155,OC3,0.9685669406940738
ewt_b01_s0,ewt_b01,0,speaker_frame,1,156,OC3,0.20291118926837312
ewt_b01_s0,ewt_b01,0,speaker_frame,1,157,OC3,0.08433698368357478
ewt_b01_s0,ewt_b01,0,speaker_frame,1,158,OC3,0.2202022744275037
ewt_b01_s0,ewt_b01,0,speaker_frame,1,159,OC3,0.19987533930317247
ewt_b01_s0,ewt_b01,0,speaker_frame,1,160,OC3,0.11509034735686227
ewt_b01_s0,ewt_b01,0,speaker_frame,1,161,OC3,0.3008056034606524
ewt_b01_s0,ewt_b01,0,speaker_frame,1,162,OC3,0.2795317090975364
ewt_b01_s0,ewt_b01,0,speaker_frame,1,163,OC3,0.23242093075229417
ewt_b01_s0,ewt_b01,0,speaker_frame,1,164,OC3,0.3998841856097155
ewt_b01_s0,ewt_b01,0,speaker_frame,1,165,OC3,0.533094448742343
ewt_b01_s0,ewt_b01,0,speaker_frame,1,166,OC3,0.25077183094958244
ewt_b01_s0,ewt_b01,0,speaker_frame,1,167,OC3,0.21744981926069834
ewt_b01_s0,ewt_b01,0,speaker_frame,1,168,OC3,0.22692147311561603
ewt_b01_s0,ewt_b01,0,speaker_frame,1,169,OC3,0.22249217060220494
ewt_b01_s0,ewt_b01,0,speaker_frame,1,170,OC3,0.06381888444210755
ewt_b01_s0,ewt_b01,0,speaker_frame,1,171,OC3,0.4278131509196982
ewt_b01_s0,ewt_b01,0,speaker_frame,1,172,OC3,0.14673298418046263
ewt_b01_s0,ewt_b01,0,speaker_frame,1,173,OC3,0.1868926569672981
ewt_b01_s0,ewt_b01,0,speaker_frame,1,174,OC3,0.17730915565727173
ewt_b01_s0,ewt_b01,0,speaker_frame,1,175,OC3,0.16686992942258425
ewt_b01_s0,ewt_b01,0,speaker_frame,1,176,OC3,0.2861592168525506
ewt_b01_s0,ewt_b01,0,speaker_frame,1,177,OC3,0.10617835847652206
ewt_b01_s0,ewt_b01,0,speaker_frame,1,178,OC3,0.21845704500643184
ewt_b01_s0,ewt_b01,0,speaker_frame,1,179,OC3,0.14737216846684145
ewt_b01_s0,ewt_b01,0,speaker_frame,1,180,OC3,0.26098035711490974
ewt_b01_s0,ewt_b01,0,speaker_frame,1,181,OC3,0.10311142186764102
ewt_b01_s0,ewt_b01,0,speaker_frame,1,182,OC3,0.4551361279926314
ewt_b01_s0,ewt_b01,0,speaker_frame,1,183,OC3,0.39656815492722663
ewt_b01_s0,ewt_b01,0,speaker_frame,1,184,OC3,0.2568482060690516
ewt_b01_s0,ewt_b01,0,speaker_frame,1,185,OC3,0.25025528011126663
ewt_b01_s0,ewt_b01,0,speaker_frame,1,186,OC3,0.3169472271414143
ewt_b01_s0,ewt_b01,0,speaker_frame,1,187,OC3,0.19877958755376043
ewt_b01_s0,ewt_b01,0,speaker_frame,1,188,OC3,0.18085427115670252
ewt_b01_s0,ewt_b01,0,speaker_frame,1,189,OC3,0.26992342968532734
ewt_b01_s0,ewt_b01,0,speaker_frame,1,190,OC3,0.19801177184135624
ewt_b01_s0,ewt_b01,0,speaker_frame,1,191,OC3,0.38963338677920634
ewt_b01_s0,ewt_b01,0,vowel,2,0,X,0.5013347163384256
ewt_b01_s0,ewt_b01,0,vowel,2,1,X,0.3357670344757487
ewt_b01_s0,ewt_b01,0,vowel,2,2,X,0.0874618407694882
ewt_b01_s0,ewt_b01,0,vowel,2,3,X,0.5161774753494696
ewt_b01_s0,ewt_b01,0,vowel,2,4,X,0.4223805297308798
ewt_b01_s0,ewt_b01,0,vowel,2,5,X,0.3176582741287051
ewt_b01_s0,ewt_b01,0,vowel,2,6,X,1.0
ewt_b01_s0,ewt_b01,0,vowel,2,7,X,0.30866863072899015
ewt_b01_s0,ewt_b01,0,vowel,2,8,X,0.39927340471582184
ewt_b01_s0,ewt_b01,0,vowel,2,9,X,0.558935018051619
ewt_b01_s0,ewt_b01,0,vowel,2,10,X,0.591153848822298
ewt_b01_s0,ewt_b01,0,vowel,2,11,X,0.7177169926633418
ewt_b01_s0,ewt_b01,0,vowel,2,12,X,0.4613077328909918
ewt_b01_s0,ewt_b01,0,vowel,2,13,X,0.5006889524274645
ewt_b01_s0,ewt_b01,0,vowel,2,14,X,0.5561773679987745
ewt_b01_s0,ewt_b01,0,vowel,2,15,X,0.23370941966199552
ewt_b01_s0,ewt_b01,0,vowel,2,16,X,0.3340481652438229
ewt_b01_s0,ewt_b01,0,vowel,2,17,X,0.7479486721119359
ewt_b01_s0,ewt_b01,0,vowel,2,18,X,0.4085250158410965
ewt_b01_s0,ewt_b01,0,vowel,2,19,X,0.12645953579941588
ewt_b01_s0,ewt_b01,0,vowel,2,20,X,0.647930740254719
ewt_b01_s0,ewt_b01,0,vowel,2,21,X,0.2258231377498201
ewt_b01_s0,ewt_b01,0,vowel,2,22,X,0.4283325455085163
ewt_b01_s0,ewt_b01,0,vowel,2,23,X,0.6710675167523721
ewt_b01_s0,ewt_b01,0,vowel,2,24,X,0.48905781961837935
ewt_b01_s0,ewt_b01,0,vowel,2,25,X,0.23726642039903087
ewt_b01_s0,ewt_b01,0,vowel,2,26,X,0.3724426260471488
ewt_b01_s0,ewt_b01,0,vowel,2,27,X,0.27575150432277074
ewt_b01_s0,ewt_b01,0,vowel,2,28,X,0.21860651136418774
ewt_b01_s0,ewt_b01,0,vowel,2,29,X,0.3371322680641075
ewt_b01_s0,ewt_b01,0,vowel,2,30,X,0.7719592301842393
ewt_b01_s0,ewt_b01,0,vowel,2,31,X,0.23555339506147574
ewt_b01_s0,ewt_b01,0,vowel,2,32,X,0.44219309942604884
ewt_b01_s0,ewt_b01,0,vowel,2,33,X,0.5612408590705577
ewt_b01_s0,ewt_b01,0,vowel,2,34,X,0.5203740775827421
ewt_b01_s0,ewt_b01,0,vowel,2,35,X,0.40978144463855304
ewt_b01_s0,ewt_b01,0,vowel,2,36,X,0.37763955911690555
ewt_b01_s0,ewt_b01,0,vowel,2,37,X,0.2543021808847719
ewt_b01_s0,ewt_b01,0,vowel,2,38,X,0.38738282972670746
ewt_b01_s0,ewt_b01,0,vowel,2,39,X,0.10437650473393263
ewt_b01_s0,ewt_b01,0,vowel,2,40,X,0.4661617783034738
ewt_b01_s0,ewt_b01,0,vowel,2,41,X,0.39402569685490346
ewt_b01_s0,ewt_b01,0,vowel,2,42,X,0.5275833791263612
ewt_b01_s0,ewt_b01,0,vowel,2,43,X,0.2945857210023885
ewt_b01_s0,ewt_b01,0,vowel,2,44,X,0.5075727550845931
ewt_b01_s0,ewt_b01,0,vowel,2,45,X,0.5781206746406462
ewt_b01_s0,ewt_b01,0,vowel,2,46,X,0.444146972196541
ewt_b01_s0,ewt_b01,0,vowel,2,47,X,0.41215976328666865
ewt_b01_s0,ewt_b01,0,vowel,2,48,OC1,0.021608717848859024
ewt_b01_s0,ewt_b01,0,vowel,2,49,OC1,0.0664986619341591
ewt_b01_s0,ewt_b01,0,vowel,2,50,OC1,0.05403695750079454
ewt_b01_s0,ewt_b01,0,vowel,2,51,OC1,0.030935731804716666
ewt_b01_s0,ewt_b01,0,vowel,2,52,OC1,0.038376915770579084
ewt_b01_s0,ewt_b01,0,vowel,2,53,OC1,0.036720776723261545
ewt_b01_s0,ewt_b01,0,vowel,2,54,OC1,0.03348269892207721
ewt_b01_s0,ewt_b01,0,vowel,2,55,OC1,0.03996980340934706
ewt_b01_s0,ewt_b01,0,vowel,2,56,OC1,0.06678960093257777
ewt_b01_s0,ewt_b01,0,vowel,2,57,OC1,0.016178217357602706
ewt_b01_s0,ewt_b01,0,vowel,2,58,OC1,0.016235096760180846
ewt_b01_s0,ewt_b01,0,vowel,2,59,OC1,0.028166054050908454
ewt_b01_s0,ewt_b01,0,vowel,2,60,OC1,0.025560059742524708
ewt_b01_s0,ewt_b01,0,vowel,2,61,OC1,0.05929006599537628
ewt_b01_s0,ewt_b01,0,vowel,2,62,OC1,0.040972061935216776
ewt_b01_s0,ewt_b01,0,vowel,2,63,OC1,0.06830165085575793
ewt_b01_s0,ewt_b01,0,vowel,2,64,OC1,0.07353632304944609
ewt_b01_s0,ewt_b01,0,vowel,2,65,OC1,0.025543885983746035
ewt_b01_s0,ewt_b01,0,vowel,2,66,OC1,0.06706162960749104
ewt_b01_s0,ewt_b01,0,vowel,2,67,OC1,0.022746239259585167
ewt_b01_s0,ewt_b01,0,vowel,2,68,OC1,0.0318390296099737
ewt_b01_s0,ewt_b01,0,vowel,2,69,OC1,0.024423308345595373
ewt_b01_s0,ewt_b01,0,vowel,2,70,OC1,0.05996786479596932
ewt_b01_s0,ewt_b01,0,vowel,2,71,OC1,0.034859944519059057
ewt_b01_s0,ewt_b01,0,vowel,2,72,OC1,0.06724009947019186
ewt_b01_s0,ewt_b01,0,vowel,2,73,OC1,0.04204742000022703
ewt_b01_s0,ewt_b01,0,vowel,2,74,OC1,0.02856636022451928
ewt_b01_s0,ewt_b01,0,vowel,2,75,OC1,0.013078255757813455
ewt_b01_s0,ewt_b01,0,vowel,2,76,OC1,0.053042127408180983
ewt_b01_s0,ewt_b01,0,vowel,2,77,OC1,0.022482058995198513
ewt_b01_s0,ewt_b01,0,vowel,2,78,OC1,0.029883279578527103
ewt_b01_s0,ewt_b01,0,vowel,2,79,OC1,0.033513873952473246
ewt_b01_s0,ewt_b01,0,vowel,2,80,OC1,0.009157084254876165
ewt_b01_s0,ewt_b01,0,vowel,2,81,OC1,0.053873937304331126
ewt_b01_s0,ewt_b01,0,vowel,2,82,OC1,0.04722245529660121
ewt_b01_s0,ewt_b01,0,vowel,2,83,OC1,0.02593926974180304
ewt_b01_s0,ewt_b01,0,vowel,2,84,OC1,0.027847103932673773
ewt_b01_s0,ewt_b01,0,vowel,2,85,OC1,0.0931271045454418
ewt_b01_s0,ewt_b01,0,vowel,2,86,OC1,0.029404378348513217
ewt_b01_s0,ewt_b01,0,vowel,2,87,OC1,0.015704975264672263
ewt_b01_s0,ewt_b01,0,vowel,2,88,OC1,0.04114943227032079
ewt_b01_s0,ewt_b01,0,vowel,2,89,OC1,0.020254032465620898
ewt_b01_s0,ewt_b01,0,vowel,2,90,OC1,0.021402384085508167
ewt_b01_s0,ewt_b01,0,vowel,2,91,OC1,0.08659666736748717
ewt_b01_s0,ewt_b01,0,vowel,2,92,OC1,0.032175183772267975
ewt_b01_s0,ewt_b01,0,vowel,2,93,OC1,0.05806947354902254
ewt_b01_s0,ewt_b01,0,vowel,2,94,OC1,0.05305021700482486
ewt_b01_s0,ewt_b01,0,vowel,2,95,OC1,0.0314593416559779
ewt_b01_s0,ewt_b01,0,vowel,2,96,OC2,0.03678202462267131
ewt_b01_s0,ewt_b01,0,vowel,2,97,OC2,0.02511359276464569
ewt_b01_s0,ewt_b01,0,vowel,2,98,OC2,0.030222333794344323
ewt_b01_s0,ewt_b01,0,vowel,2,99,OC2,0.04403894129910762
ewt_b01_s0,ewt_b01,0,vowel,2,100,OC2,0.06678776046634295
ewt_b01_s0,ewt_b01,0,vowel,2,101,OC2,0.03242748583402336
ewt_b01_s0,ewt_b01,0,vowel,2,102,OC2,0.03892497269029208
ewt_b01_s0,ewt_b01,0,vowel,2,103,OC2,0.054574156063076217
ewt_b01_s0,ewt_b01,0,vowel,2,104,OC2,0.0396326425956276
ewt_b01_s0,ewt_b01,0,vowel,2,105,OC2,0.051451522730600996
ewt_b01_s0,ewt_b01,0,vowel,2,106,OC2,0.060522988523763206
ewt_b01_s0,ewt_b01,0,vowel,2,107,OC2,0.027467347754969094
ewt_b01_s0,ewt_b01,0,vowel,2,108,OC2,0.0958588386980849
ewt_b01_s0,ewt_b01,0,vowel,2,109,OC2,0.05419389448274367
ewt_b01_s0,ewt_b01,0,vowel,2,110,OC2,0.06064040392402458
ewt_b01_s0,ewt_b01,0,vowel,2,111,OC2,0.0722765021469771
ewt_b01_s0,ewt_b01,0,vowel,2,112,OC2,0.06094719145474055
ewt_b01_s0,ewt_b01,0,vowel,2,113,OC2,0.044414677998575826
ewt_b01_s0,ewt_b01,0,vowel,2,114,OC2,0.03935435897355857
ewt_b01_s0,ewt_b01,0,vowel,2,115,OC2,0.06425026485933483
ewt_b01_s0,ewt_b01,0,vowel,2,116,OC2,0.03918532787245627
ewt_b01_s0,ewt_b01,0,vowel,2,117,OC2,0.07133276850216863
ewt_b01_s0,ewt_b01,0,vowel,2,118,OC2,0.05504952081173688
ewt_b01_s0,ewt_b01,0,vowel,2,119,OC2,0.028877750352160763
ewt_b01_s0,ewt_b01,0,vowel,2,120,OC2,0.08297512264217641
ewt_b01_s0,ewt_b01,0,vowel,2,121,OC2,0.016641880132726872
ewt_b01_s0,ewt_b01,0,vowel,2,122,OC2,0.02498847716165617
ewt_b01_s0,ewt_b01,0,vowel,2,123,OC2,0.01534683719698182
ewt_b01_s0,ewt_b01,0,vowel,2,124,OC2,0.07016945574299104
ewt_b01_s0,ewt_b01,0,vowel,2,125,OC2,0.01769848767397769
ewt_b01_s0,ewt_b01,0,vowel,2,126,OC2,0.03698457518917676
ewt_b01_s0,ewt_b01,0,vowel,2,127,OC2,0.03381045203979277
ewt_b01_s0,ewt_b01,0,vowel,2,128,OC2,0.019707153512379234
ewt_b01_s0,ewt_b01,0,vowel,2,129,OC2,0.06586776210902474
ewt_b01_s0,ewt_b01,0,vowel,2,130,OC2,0.043877203123886724
ewt_b01_s0,ewt_b01,0,vowel,2,131,OC2,0.038804698522992724
ewt_b01_s0,ewt_b01,0,vowel,2,132,OC2,0.03585853860026998
ewt_b01_s0,ewt_b01,0,vowel,2,133,OC2,0.030963318659816923
ewt_b01_s0,ewt_b01,0,vowel,2,134,OC2,0.018499677690803677
ewt_b01_s0,ewt_b01,0,vowel,2,135,OC2,0.04117598874639341
ewt_b01_s0,ewt_b01,0,vowel,2,136,OC2,0.02111407145647866
ewt_b01_s0,ewt_b01,0,vowel,2,137,OC2,0.11035415702101713
ewt_b01_s0,ewt_b01,0,vowel,2,138,OC2,0.01847225857896385
ewt_b01_s0,ewt_b01,0,vowel,2,139,OC2,0.023154894718541555
ewt_b01_s0,ewt_b01,0,vowel,2,140,OC2,0.045769675865693894
ewt_b01_s0,ewt_b01,0,vowel,2,141,OC2,0.05581930818456546
ewt_b01_s0,ewt_b01,0,vowel,2,142,OC2,0.084702755153692
ewt_b01_s0,ewt_b01,0,vowel,2,143,OC2,0.09570692980368416
ewt_b01_s0,ewt_b01,0,vowel,2,144,OC3,0.05326823909408057
ewt_b01_s0,ewt_b01,0,vowel,2,145,OC3,0.026143602817366423
ewt_b01_s0,ewt_b01,0,vowel,2,146,OC3,0.038977371226289324
ewt_b01_s0,ewt_b01,0,vowel,2,147,OC3,0.04099578227748715
ewt_b01_s0,ewt_b01,0,vowel,2,148,OC3,0.026741054729549657
ewt_b01_s0,ewt_b01,0,vowel,2,149,OC3,0.05018034257683691
ewt_b01_s0,ewt_b01,0,vowel,2,150,OC3,0.05408061083102515
ewt_b01_s0,ewt_b01,0,vowel,2,151,OC3,0.02380494527462285
ewt_b01_s0,ewt_b01,0,vowel,2,152,OC3,0.02411077079274512
ewt_b01_s0,ewt_b01,0,vowel,2,153,OC3,0.013287962304930095
ewt_b01_s0,ewt_b01,0,vowel,2,154,OC3,0.02132712744567302
ewt_b01_s0,ewt_b01,0,vowel,2,155,OC3,0.07684826524979292
ewt_b01_s0,ewt_b01,0,vowel,2,156,OC3,0.018471650813687988
ewt_b01_s0,ewt_b01,0,vowel,2,157,OC3,0.02345264452739462
ewt_b01_s0,ewt_b01,0,vowel,2,158,OC3,0.011871724751493708
ewt_b01_s0,ewt_b01,0,vowel,2,159,OC3,0.022103013307277986
ewt_b01_s0,ewt_b01,0,vowel,2,160,OC3,0.04019858672608714
ewt_b01_s0,ewt_b01,0,vowel,2,161,OC3,0.07516326184215293
ewt_b01_s0,ewt_b01,0,vowel,2,162,OC3,0.03262086497613706
ewt_b01_s0,ewt_b01,0,vowel,2,163,OC3,0.06757937719417176
ewt_b01_s0,ewt_b01,0,vowel,2,164,OC3,0.03302348486785962
ewt_b01_s0,ewt_b01,0,vowel,2,165,OC3,0.03413585418128422
ewt_b01_s0,ewt_b01,0,vowel,2,166,OC3,0.019628511752420825
ewt_b01_s0,ewt_b01,0,vowel,2,167,OC3,0.034906402892594585
ewt_b01_s0,ewt_b01,0,vowel,2,168,OC3,0.061439578239089604
ewt_b01_s0,ewt_b01,0,vowel,2,169,OC3,0.018064720769285614
ewt_b01_s0,ewt_b01,0,vowel,2,170,OC3,0.03270993072514486
ewt_b01_s0,ewt_b01,0,vowel,2,171,OC3,0.06231607882088527
ewt_b01_s0,ewt_b01,0,vowel,2,172,OC3,0.018363100301127824
ewt_b01_s0,ewt_b01,0,vowel,2,173,OC3,0.04439628631980319
ewt_b01_s0,ewt_b01,0,vowel,2,174,OC3,0.05159792857676467
ewt_b01_s0,ewt_b01,0,vowel,2,175,OC3,0.06562120208103113
ewt_b01_s0,ewt_b01,0,vowel,2,176,OC3,0.04095185490679729
ewt_b01_s0,ewt_b01,0,vowel,2,177,OC3,0.05746937145926108
ewt_b01_s0,ewt_b01,0,vowel,2,178,OC3,0.03643371342794453
ewt_b01_s0,ewt_b01,0,vowel,2,179,OC3,0.029526768683700487
ewt_b01_s0,ewt_b01,0,vowel,2,180,OC3,0.02524595222816185
ewt_b01_s0,ewt_b01,0,vowel,2,181,OC3,0.03208327969758785
ewt_b01_s0,ewt_b01,0,vowel,2,182,OC3,0.10154506858026177
ewt_b01_s0,ewt_b01,0,vowel,2,183,OC3,0.03562163362757758
ewt_b01_s0,ewt_b01,0,vowel,2,184,OC3,0.03739081103628503
ewt_b01_s0,ewt_b01,0,vowel,2,185,OC3,0.03455201675376022
ewt_b01_s0,ewt_b01,0,vowel,2,186,OC3,0.03663395544130469
ewt_b01_s0,ewt_b01,0,vowel,2,187,OC3,0.012702273072419784
ewt_b01_s0,ewt_b01,0,vowel,2,188,OC3,0.03284473647869788
ewt_b01_s0,ewt_b01,0,vowel,2,189,OC3,0.02510514600208069
ewt_b01_s0,ewt_b01,0,vowel,2,190,OC3,0.02889177079062574
ewt_b01_s0,ewt_b01,0,vowel,2,191,OC3,0.04805802004575661
ewt_b01_s0,ewt_b01,0,speaker_frame,2,0,X,0.6059117987154328
ewt_b01_s0,ewt_b01,0,speaker_frame,2,1,X,0.2883084432301644
ewt_b01_s0,ewt_b01,0,speaker_frame,2,2,X,0.5758026475761713
ewt_b01_s0,ewt_b01,0,speaker_frame,2,3,X,0.4827007486441845
ewt_b01_s0,ewt_b01,0,speaker_frame,2,4,X,0.42227051491081913
ewt_b01_s0,ewt_b01,0,speaker_frame,2,5,X,0.5764216668277655
ewt_b01_s0,ewt_b01,0,speaker_frame,2,6,X,0.33028028845176904
ewt_b01_s0,ewt_b01,0,speaker_frame,2,7,X,0.39677433322519995
ewt_b01_s0,ewt_b01,0,speaker_frame,2,8,X,0.30929243792584077
ewt_b01_s0,ewt_b01,0,speaker_frame,2,9,X,0.25825094865784903
ewt_b01_s0,ewt_b01,0,speaker_frame,2,10,X,0.21790454084461985
ewt_b01_s0,ewt_b01,0,speaker_frame,2,11,X,0.3311669965500405
ewt_b01_s0,ewt_b01,0,speaker_frame,2,12,X,0.1940665961667157
ewt_b01_s0,ewt_b01,0,speaker_frame,2,13,X,0.4711053297025844
ewt_b01_s0,ewt_b01,0,speaker_frame,2,14,X,0.21342691763424734
ewt_b01_s0,ewt_b01,0,speaker_frame,2,15,X,0.29792127495230863
ewt_b01_s0,ewt_b01,0,speaker_frame,2,16,X,0.3599190873739424
ewt_b01_s0,ewt_b01,0,speaker_frame,2,17,X,0.4830499567586866
ewt_b01_s0,ewt_b01,0,speaker_frame,2,18,X,0.46886556031451915
ewt_b01_s0,ewt_b01,0,speaker_frame,2,19,X,0.2970831372150553
ewt_b01_s0,ewt_b01,0,speaker_frame,2,20,X,0.9247941782972234
ewt_b01_s0,ewt_b01,0,speaker_frame,2,21,X,0.43443545412331064
ewt_b01_s0,ewt_b01,0,speaker_frame,2,22,X,0.5606057084053245
ewt_b01_s0,ewt_b01,0,speaker_frame,2,23,X,0.3189888018189624
ewt_b01_s0,ewt_b01,0,speaker_frame,2,24,X,0.6552082247637827
ewt_b01_s0,ewt_b01,0,speaker_frame,2,25,X,0.5349132040632772
ewt_b01_s0,ewt_b01,0,speaker_frame,2,26,X,0.3617234921252247
ewt_b01_s0,ewt_b01,0,speaker_frame,2,27,X,0.3609330854873447
ewt_b01_s0,ewt_b01,0,speaker_frame,2,28,X,0.23413103437087412
ewt_b01_s0,ewt_b01,0,speaker_frame,2,29,X,0.37849838037911937
ewt_b01_s0,ewt_b01,0,speaker_frame,2,30,X,0.34747514810680274
ewt_b01_s0,ewt_b01,0,speaker_frame,2,31,X,0.35871422141802867
ewt_b01_s0,ewt_b01,0,speaker_frame,2,32,X,0.46751849044872473
ewt_b01_s0,ewt_b01,0,speaker_frame,2,33,X,0.29614888795067085
ewt_b01_s0,ewt_b01,0,speaker_frame,2,34,X,0.5284798100406514
ewt_b01_s0,ewt_b01,0,speaker_frame,2,35,X,0.27767485027737504
ewt_b01_s0,ewt_b01,0,speaker_frame,2,36,X,0.2625130831993415
ewt_b01_s0,ewt_b01,0,speaker_frame,2,37,X,0.24650355689957834
ewt_b01_s0,ewt_b01,0,speaker_frame,2,38,X,0.3229789930137926
ewt_b01_s0,ewt_b01,0,speaker_frame,2,39,X,0.26085183205686757
ewt_b01_s0,ewt_b01,0,speaker_frame,2,40,X,0.34779452307424613
ewt_b01_s0,ewt_b01,0,speaker_frame,2,41,X,0.3117057218402801
ewt_b01_s0,ewt_b01,0,speaker_frame,2,42,X,1.0
ewt_b01_s0,ewt_b01,0,speaker_frame,2,43,X,0.21270408346028444
ewt_b01_s0,ewt_b01,0,speaker_frame,2,44,X,0.2518128089931101
ewt_b01_s0,ewt_b01,0,speaker_frame,2,45,X,0.5750224500663603
ewt_b01_s0,ewt_b01,0,speaker_frame,2,46,X,0.2663227982688451
ewt_b01_s0,ewt_b01,0,speaker_frame,2,47,X,0.4299220031783809
ewt_b01_s0,ewt_b01,0,speaker_frame,2,48,OC1,0.044211683192344836
ewt_b01_s0,ewt_b01,0,speaker_frame,2,49,OC1,0.06385677963336113
ewt_b01_s0,ewt_b01,0,speaker_frame,2,50,OC1,0.06560899873781599
ewt_b01_s0,ewt_b01,0,speaker_frame,2,51,OC1,0.041164892199559454
ewt_b01_s0,ewt_b01,0,speaker_frame,2,52,OC1,0.027173229147286086
ewt_b01_s0,ewt_b01,0,speaker_frame,2,53,OC1,0.05141901220069148
ewt_b01_s0,ewt_b01,0,speaker_frame,2,54,OC1,0.032185892712898276
ewt_b01_s0,ewt_b01,0,speaker_frame,2,55,OC1,0.0804703792401707
ewt_b01_s0,ewt_b01,0,speaker_frame,2,56,OC1,0.07509074196765098
ewt_b01_s0,ewt_b01,0,speaker_frame,2,57,OC1,0.14659472371048488
ewt_b01_s0,ewt_b01,0,speaker_frame,2,58,OC1,0.072848645193113
ewt_b01_s0,ewt_b01,0,speaker_frame,2,59,OC1,0.11718178206099461
ewt_b01_s0,ewt_b01,0,speaker_frame,2,60,OC1,0.025709985894806785
ewt_b01_s0,ewt_b01,0,speaker_frame,2,61,OC1,0.050028707961333005
ewt_b01_s0,ewt_b01,0,speaker_frame,2,62,OC1,0.039126543126260335
ewt_b01_s0,ewt_b01,0,speaker_frame,2,63,OC1,0.0335855344488506
ewt_b01_s0,ewt_b01,0,speaker_frame,2,64,OC1,0.06591408775641194
ewt_b01_s0,ewt_b01,0,speaker_frame,2,65,OC1,0.06017873748008556
ewt_b01_s0,ewt_b01,0,speaker_frame,2,66,OC1,0.067892867882431
ewt_b01_s0,ewt_b01,0,speaker_frame,2,67,OC1,0.08405268721142126
ewt_b01_s0,ewt_b01,0,speaker_frame,2,68,OC1,0.042095676411991224
ewt_b01_s0,ewt_b01,0,speaker_frame,2,69,OC1,0.0879483585263044
ewt_b01_s0,ewt_b01,0,speaker_frame,2,70,OC1,0.043995772927009374
ewt_b01_s0,ewt_b01,0,speaker_frame,2,71,OC1,0.05220700642916728
ewt_b01_s0,ewt_b01,0,speaker_frame,2,72,OC1,0.10432556687951659
ewt_b01_s0,ewt_b01,0,speaker_frame,2,73,OC1,0.03901748727236792
ewt_b01_s0,ewt_b01,0,speaker_frame,2,74,OC1,0.07664750521751551
ewt_b01_s0,ewt_b01,0,speaker_frame,2,75,OC1,0.13082911648665999
ewt_b01_s0,ewt_b01,0,speaker_frame,2,76,OC1,0.13651048953183245
ewt_b01_s0,ewt_b01,0,speaker_frame,2,77,OC1,0.06524692578599633
ewt_b01_s0,ewt_b01,0,speaker_frame,2,78,OC1,0.09785486722551207
ewt_b01_s0,ewt_b01,0,speaker_frame,2,79,OC1,0.055996266081456775
ewt_b01_s0,ewt_b01,0,speaker_frame,2,80,OC1,0.04806786577656494
ewt_b01_s0,ewt_b01,0,speaker_frame,2,81,OC1,0.10636890047867718
ewt_b01_s0,ewt_b01,0,speaker_frame,2,82,OC1,0.037511436072103596
ewt_b01_s0,ewt_b01,0,speaker_frame,2,83,OC1,0.09487156786708048
ewt_b01_s0,ewt_b01,0,speaker_frame,2,84,OC1,0.0390162926898046
ewt_b01_s0,ewt_b01,0,speaker_frame,2,85,OC1,0.03307722498300301
ewt_b01_s0,ewt_b01,0,speaker_frame,2,86,OC1,0.16383822213396776
ewt_b01_s0,ewt_b01,0,speaker_frame,2,87,OC1,0.05917018313477315
ewt_b01_s0,ewt_b01,0,speaker_frame,2,88,OC1,0.03486295154385954
ewt_b01_s0,ewt_b01,0,speaker_frame,2,89,OC1,0.070458438314144
ewt_b01_s0,ewt_b01,0,speaker_frame,2,90,OC1,0.046770183265760386
ewt_b01_s0,ewt_b01,0,speaker_frame,2,91,OC1,0.04282960760939577
ewt_b01_s0,ewt_b01,0,speaker_frame,2,92,OC1,0.023588880643815972
ewt_b01_s0,ewt_b01,0,speaker_frame,2,93,OC1,0.04500242090189463
ewt_b01_s0,ewt_b01,0,speaker_frame,2,94,OC1,0.07988164137894184
ewt_b01_s0,ewt_b01,0,speaker_frame,2,95,OC1,0.14160060562596077
ewt_b01_s0,ewt_b01,0,speaker_frame,2,96,OC2,0.07182131945160622
ewt_b01_s0,ewt_b01,0,speaker_frame,2,97,OC2,0.15216708285491704
ewt_b01_s0,ewt_b01,0,speaker_frame,2,98,OC2,0.13900603250993993
ewt_b01_s0,ewt_b01,0,speaker_frame,2,99,OC2,0.33179097268383334
ewt_b01_s0,ewt_b01,0,speaker_frame,2,100,OC2,0.15307746541599732
ewt_b01_s0,ewt_b01,0,speaker_frame,2,101,OC2,0.19346651965984585
ewt_b01_s0,ewt_b01,0,speaker_frame,2,102,OC2,0.15099901972144067
ewt_b01_s0,ewt_b01,0,speaker_frame,2,103,OC2,0.08920664616854795
ewt_b01_s0,ewt_b01,0,speaker_frame,2,104,OC2,0.08255571609013551
ewt_b01_s0,ewt_b01,0,speaker_frame,2,105,OC2,0.03646669008819643
ewt_b01_s0,ewt_b01,0,speaker_frame,2,106,OC2,0.08540548846713224
ewt_b01_s0,ewt_b01,0,speaker_frame,2,107,OC2,0.14177262751593284
ewt_b01_s0,ewt_b01,0,speaker_frame,2,108,OC2,0.23688300056218353
ewt_b01_s0,ewt_b01,0,speaker_frame,2,109,OC2,0.1509410091199469
ewt_b01_s0,ewt_b01,0,speaker_frame,2,110,OC2,0.1355532811230316
ewt_b01_s0,ewt_b01,0,speaker_frame,2,111,OC2,0.2343143045393778
ewt_b01_s0,ewt_b01,0,speaker_frame,2,112,OC2,0.05498450665819682
ewt_b01_s0,ewt_b01,0,speaker_frame,2,113,OC2,0.23652604519159198
ewt_b01_s0,ewt_b01,0,speaker_frame,2,114,OC2,0.09239365234237235
ewt_b01_s0,ewt_b01,0,speaker_frame,2,115,OC2,0.08105541431467964
ewt_b01_s0,ewt_b01,0,speaker_frame,2,116,OC2,0.08404236781182574
ewt_b01_s0,ewt_b01,0,speaker_frame,2,117,OC2,0.06724103548975115
ewt_b01_s0,ewt_b01,0,speaker_frame,2,118,OC2,0.1082212796691634
ewt_b01_s0,ewt_b01,0,speaker_frame,2,119,OC2,0.046824137354370535
ewt_b01_s0,ewt_b01,0,speaker_frame,2,120,OC2,0.11251385047352146
ewt_b01_s0,ewt_b01,0,speaker_frame,2,121,OC2,0.19590605363292665
ewt_b01_s0,ewt_b01,0,speaker_frame,2,122,OC2,0.1738213303680521
ewt_b01_s0,ewt_b01,0,speaker_frame,2,123,OC2,0.1339257115931499
ewt_b01_s0,ewt_b01,0,speaker_frame,2,124,OC2,0.13661663700034182
ewt_b01_s0,ewt_b01,0,speaker_frame,2,125,OC2,0.11043150712803455
ewt_b01_s0,ewt_b01,0,speaker_frame,2,126,OC2,0.2406386653635415
ewt_b01_s0,ewt_b01,0,speaker_frame,2,127,OC2,0.15219307802176021
ewt_b01_s0,ewt_b01,0,speaker_frame,2,128,OC2,0.1932977488483509
ewt_b01_s0,ewt_b01,0,speaker_frame,2,129,OC2,0.0531147636050053
ewt_b01_s0,ewt_b01,0,speaker_frame,2,130,OC2,0.12563434251886701
ewt_b01_s0,ewt_b01,0,speaker_frame,2,131,OC2,0.26313304837728296
ewt_b01_s0,ewt_b01,0,speaker_frame,2,132,OC2,0.1032865348649834
ewt_b01_s0,ewt_b01,0,speaker_frame,2,133,OC2,0.0943006963689709
ewt_b01_s0,ewt_b01,0,speaker_frame,2,134,OC2,0.10734426566609893
ewt_b01_s0,ewt_b01,0,speaker_frame,2,135,OC2,0.13320591221600458
ewt_b01_s0,ewt_b01,0,speaker_frame,2,136,OC2,0.13750646200809613
ewt_b01_s0,ewt_b01,0,speaker_frame,2,137,OC2,0.18824848917568615
ewt_b01_s0,ewt_b01,0,speaker_frame,2,138,OC2,0.1411282959172607
ewt_b01_s0,ewt_b01,0,speaker_frame,2,139,OC2,0.09989631283265653
ewt_b01_s0,ewt_b01,0,speaker_frame,2,140,OC2,0.08051469224964637
ewt_b01_s0,ewt_b01,0,speaker_frame,2,141,OC2,0.20360288939430077
ewt_b01_s0,ewt_b01,0,speaker_frame,2,142,OC2,0.047848214799549246
ewt_b01_s0,ewt_b01,0,speaker_frame,2,143,OC2,0.22206033014208382
ewt_b01_s0,ewt_b01,0,speaker_frame,2,144,OC3,0.09793359517856978
ewt_b01_s0,ewt_b01,0,speaker_frame,2,145,OC3,0.2151611773293439
ewt_b01_s0,ewt_b01,0,speaker_frame,2,146,OC3,0.21054439920791568
ewt_b01_s0,ewt_b01,0,speaker_frame,2,147,OC3,0.22985031146444793
ewt_b01_s0,ewt_b01,0,speaker_frame,2,148,OC3,0.2223795034558549
ewt_b01_s0,ewt_b01,0,speaker_frame,2,149,OC3,0.6366886060276017
ewt_b01_s0,ewt_b01,0,speaker_frame,2,150,OC3,0.08326064528563706
ewt_b01_s0,ewt_b01,0,speaker_frame,2,151,OC3,0.19390437552501535
ewt_b01_s0,ewt_b01,0,speaker_frame,2,152,OC3,0.09954801402544648
ewt_b01_s0,ewt_b01,0,speaker_frame,2,153,OC3,0.1301694090490113
ewt_b01_s0,ewt_b01,0,speaker_frame,2,154,OC3,0.18799520306545073
ewt_b01_s0,ewt_b01,0,speaker_frame,2,155,OC3,0.8724364499797332
ewt_b01_s0,ewt_b01,0,speaker_frame,2,156,OC3,0.18407178100360366
ewt_b01_s0,ewt_b01,0,speaker_frame,2,157,OC3,0.08288663878540037
ewt_b01_s0,ewt_b01,0,speaker_frame,2,158,OC3,0.18951028889959984
ewt_b01_s0,ewt_b01,0,speaker_frame,2,159,OC3,0.19178482872891262
ewt_b01_s0,ewt_b01,0,speaker_frame,2,160,OC3,0.10985188870972686
ewt_b01_s0,ewt_b01,0,speaker_frame,2,161,OC3,0.31067409029124393
ewt_b01_s0,ewt_b01,0,speaker_frame,2,162,OC3,0.2659380821824856
ewt_b01_s0,ewt_b01,0,speaker_frame,2,163,OC3,0.2479746968564097
ewt_b01_s0,ewt_b01,0,speaker_frame,2,164,OC3,0.36110854811518583
ewt_b01_s0,ewt_b01,0,speaker_frame,2,165,OC3,0.5390899340773345
ewt_b01_s0,ewt_b01,0,speaker_frame,2,166,OC3,0.2321212373011755
ewt_b01_s0,ewt_b01,0,speaker_frame,2,167,OC3,0.21529807042399407
ewt_b01_s0,ewt_b01,0,speaker_frame,2,168,OC3,0.22344520589380593
ewt_b01_s0,ewt_b01,0,speaker_frame,2,169,OC3,0.20932508333808592
ewt_b01_s0,ewt_b01,0,speaker_frame,2,170,OC3,0.06819342870138696
ewt_b01_s0,ewt_b01,0,speaker_frame,2,171,OC3,0.3791682919031096
ewt_b01_s0,ewt_b01,0,speaker_frame,2,172,OC3,0.1481957698636679
ewt_b01_s0,ewt_b01,0,speaker_frame,2,173,OC3,0.16544689906935972
ewt_b01_s0,ewt_b01,0,speaker_frame,2,174,OC3,0.16522603463791996
ewt_b01_s0,ewt_b01,0,speaker_frame,2,175,OC3,0.16014528128121536
ewt_b01_s0,ewt_b01,0,speaker_frame,2,176,OC3,0.25683371517428144
ewt_b01_s0,ewt_b01,0,speaker_frame,2,177,OC3,0.111082367712162
ewt_b01_s0,ewt_b01,0,speaker_frame,2,178,OC3,0.22336493234737242
ewt_b01_s0,ewt_b01,0,speaker_frame,2,179,OC3,0.13445540010906232
ewt_b01_s0,ewt_b01,0,speaker_frame,2,180,OC3,0.2586466952183301
ewt_b01_s0,ewt_b01,0,speaker_frame,2,181,OC3,0.10678327960019716
ewt_b01_s0,ewt_b01,0,speaker_frame,2,182,OC3,0.48852300495254364
ewt_b01_s0,ewt_b01,0,speaker_frame,2,183,OC3,0.34480663420239027
ewt_b01_s0,ewt_b01,0,speaker_frame,2,184,OC3,0.2476108246219055
ewt_b01_s0,ewt_b01,0,speaker_frame,2,185,OC3,0.25474120056204363
ewt_b01_s0,ewt_b01,0,speaker_frame,2,186,OC3,0.3178541894256238
ewt_b01_s0,ewt_b01,0,speaker_frame,2,187,OC3,0.20048951710489957
ewt_b01_s0,ewt_b01,0,speaker_frame,2,188,OC3,0.1822681663813289
ewt_b01_s0,ewt_b01,0,speaker_frame,2,189,OC3,0.2430429512637194
ewt_b01_s0,ewt_b01,0,speaker_frame,2,190,OC3,0.194648894865411
ewt_b01_s0,ewt_b01,0,speaker_frame,2,191,OC3,0.38942764695677123
ewt_b01_s0,ewt_b01,0,vowel,3,0,X,0.5166924054685401
ewt_b01_s0,ewt_b01,0,vowel,3,1,X,0.33540153853595905
ewt_b01_s0,ewt_b01,0,vowel,3,2,X,0.06250439319371032
ewt_b01_s0,ewt_b01,0,vowel,3,3,X,0.5493795360802849
ewt_b01_s0,ewt_b01,0,vowel,3,4,X,0.4034570696590789
ewt_b01_s0,ewt_b01,0,vowel,3,5,X,0.3113102205908545
ewt_b01_s0,ewt_b01,0,vowel,3,6,X,1.0
ewt_b01_s0,ewt_b01,0,vowel,3,7,X,0.3268971945681522
ewt_b01_s0,ewt_b01,0,vowel,3,8,X,0.4080661622599785
ewt_b01_s0,ewt_b01,0,vowel,3,9,X,0.5806307876527941
ewt_b01_s0,ewt_b01,0,vowel,3,10,X,0.6169161672868356
ewt_b01_s0,ewt_b01,0,vowel,3,11,X,0.75718654878449
ewt_b01_s0,ewt_b01,0,vowel,3,12,X,0.4578245438395344
ewt_b01_s0,ewt_b01,0,vowel,3,13,X,0.48572286100081846
ewt_b01_s0,ewt_b01,0,vowel,3,14,X,0.5511643284151926
ewt_b01_s0,ewt_b01,0,vowel,3,15,X,0.21627042221303316
ewt_b01_s0,ewt_b01,0,vowel,3,16,X,0.324718867788616
ewt_b01_s0,ewt_b01,0,vowel,3,17,X,0.7591480451621293
ewt_b01_s0,ewt_b01,0,vowel,3,18,X,0.39011326882105535
ewt_b01_s0,ewt_b01,0,vowel,3,19,X,0.14663791005979374
ewt_b01_s0,ewt_b01,0,vowel,3,20,X,0.6427095616973063
ewt_b01_s0,ewt_b01,0,vowel,3,21,X,0.22333555022826695
ewt_b01_s0,ewt_b01,0,vowel,3,22,X,0.4232865376859523
ewt_b01_s0,ewt_b01,0,vowel,3,23,X,0.710649548281337
ewt_b01_s0,ewt_b01,0,vowel,3,24,X,0.5222436298120103
ewt_b01_s0,ewt_b01,0,vowel,3,25,X,0.22304197481499188
ewt_b01_s0,ewt_b01,0,vowel,3,26,X,0.3814636302913799
ewt_b01_s0,ewt_b01,0,vowel,3,27,X,0.25182281784868565
ewt_b01_s0,ewt_b01,0,vowel,3,28,X,0.20898236620343466
ewt_b01_s0,ewt_b01,0,vowel,3,29,X,0.3304272398859185
ewt_b01_s0,ewt_b01,0,vowel,3,30,X,0.7363890029261875
ewt_b01_s0,ewt_b01,0,vowel,3,31,X,0.2310219668091211
ewt_b01_s0,ewt_b01,0,vowel,3,32,X,0.4491521904261837
ewt_b01_s0,ewt_b01,0,vowel,3,33,X,0.5337672136062822
ewt_b01_s0,ewt_b01,0,vowel,3,34,X,0.5304188302753838
ewt_b01_s0,ewt_b01,0,vowel,3,35,X,0.3717677410884374
ewt_b01_s0,ewt_b01,0,vowel,3,36,X,0.3617256767719606
ewt_b01_s0,ewt_b01,0,vowel,3,37,X,0.2466246469262282
ewt_b01_s0,ewt_b01,0,vowel,3,38,X,0.3956498938959974
ewt_b01_s0,ewt_b01,0,vowel,3,39,X,0.12354576841372655
ewt_b01_s0,ewt_b01,0,vowel,3,40,X,0.4530300128262311
ewt_b01_s0,ewt_b01,0,vowel,3,41,X,0.3819416600446232
ewt_b01_s0,ewt_b01,0,vowel,3,42,X,0.5513867166582963
ewt_b01_s0,ewt_b01,0,vowel,3,43,X,0.2950563174385568
ewt_b01_s0,ewt_b01,0,vowel,3,44,X,0.5178461680270695
ewt_b01_s0,ewt_b01,0,vowel,3,45,X,0.5590401681673021
ewt_b01_s0,ewt_b01,0,vowel,3,46,X,0.46947485661268695
ewt_b01_s0,ewt_b01,0,vowel,3,47,X,0.40238182838259
ewt_b01_s0,ewt_b01,0,vowel,3,48,OC1,0.019036202392300493
ewt_b01_s0,ewt_b01,0,vowel,3,49,OC1,0.05853933174461295
ewt_b01_s0,ewt_b01,0,vowel,3,50,OC1,0.03960028095659187
ewt_b01_s0,ewt_b01,0,vowel,3,51,OC1,0.02233226534233918
ewt_b01_s0,ewt_b01,0,vowel,3,52,OC1,0.0370308827731108
ewt_b01_s0,ewt_b01,0,vowel,3,53,OC1,0.051088663704974856
ewt_b01_s0,ewt_b01,0,vowel,3,54,OC1,0.036204057041631314
ewt_b01_s0,ewt_b01,0,vowel,3,55,OC1,0.04467071364685726
ewt_b01_s0,ewt_b01,0,vowel,3,56,OC1,0.07337537131593878
ewt_b01_s0,ewt_b01,0,vowel,3,57,OC1,0.014226574601752081
ewt_b01_s0,ewt_b01,0,vowel,3,58,OC1,0.01447686504025687
ewt_b01_s0,ewt_b01,0,vowel,3,59,OC1,0.026877434070455192
ewt_b01_s0,ewt_b01,0,vowel,3,60,OC1,0.023153500192123578
ewt_b01_s0,ewt_b01,0,vowel,3,61,OC1,0.058466297960181796
ewt_b01_s0,ewt_b01,0,vowel,3,62,OC1,0.0351486160387957
ewt_b01_s0,ewt_b01,0,vowel,3,63,OC1,0.07752352411408281
ewt_b01_s0,ewt_b01,0,vowel,3,64,OC1,0.07859741343875458
ewt_b01_s0,ewt_b01,0,vowel,3,65,OC1,0.028414376061644014
ewt_b01_s0,ewt_b01,0,vowel,3,66,OC1,0.07055370563612487
ewt_b01_s0,ewt_b01,0,vowel,3,67,OC1,0.013235983975300774
ewt_b01_s0,ewt_b01,0,vowel,3,68,OC1,0.04416583312297176
ewt_b01_s0,ewt_b01,0,vowel,3,69,OC1,0.02751559711520587
ewt_b01_s0,ewt_b01,0,vowel,3,70,OC1,0.06613608780884825
ewt_b01_s0,ewt_b01,0,vowel,3,71,OC1,0.04192764164588794
ewt_b01_s0,ewt_b01,0,vowel,3,72,OC1,0.06627088296388974
ewt_b01_s0,ewt_b01,0,vowel,3,73,OC1,0.044862551183350405
ewt_b01_s0,ewt_b01,0,vowel,3,74,OC1,0.025161162679907183
ewt_b01_s0,ewt_b01,0,vowel,3,75,OC1,0.023538967471760083
ewt_b01_s0,ewt_b01,0,vowel,3,76,OC1,0.0549163086373049
ewt_b01_s0,ewt_b01,0,vowel,3,77,OC1,0.011019983569654461
ewt_b01_s0,ewt_b01,0,vowel,3,78,OC1,0.03397454792479244
ewt_b01_s0,ewt_b01,0,vowel,3,79,OC1,0.03704394236826452
ewt_b01_s0,ewt_b01,0,vowel,3,80,OC1,0.009024966264817236
ewt_b01_s0,ewt_b01,0,vowel,3,81,OC1,0.05373948760779721
ewt_b01_s0,ewt_b01,0,vowel,3,82,OC1,0.051307752452952333
ewt_b01_s0,ewt_b01,0,vowel,3,83,OC1,0.03719803702581373
ewt_b01_s0,ewt_b01,0,vowel,3,84,OC1,0.03253426814716775
ewt_b01_s0,ewt_b01,0,vowel,3,85,OC1,0.079110353309767
ewt_b01_s0,ewt_b01,0,vowel,3,86,OC1,0.04085725357215091
ewt_b01_s0,ewt_b01,0,vowel,3,87,OC1,0.024197508063735308
ewt_b01_s0,ewt_b01,0,vowel,3,88,OC1,0.03618078089159571
ewt_b01_s0,ewt_b01,0,vowel,3,89,OC1,0.028366547205193465
ewt_b01_s0,ewt_b01,0,vowel,3,90,OC1,0.02622977925147852
ewt_b01_s0,ewt_b01,0,vowel,3,91,OC1,0.09061424469449389
ewt_b01_s0,ewt_b01,0,vowel,3,92,OC1,0.03196496697253462
ewt_b01_s0,ewt_b01,0,vowel,3,93,OC1,0.0514172442663844
ewt_b01_s0,ewt_b01,0,vowel,3,94,OC1,0.05616320917064797
ewt_b01_s0,ewt_b01,0,vowel,3,95,OC1,0.03487645595628734
ewt_b01_s0,ewt_b01,0,vowel,3,96,OC2,0.04120467905561541
ewt_b01_s0,ewt_b01,0,vowel,3,97,OC2,0.030888546926832794
ewt_b01_s0,ewt_b01,0,vowel,3,98,OC2,0.027336761005115586
ewt_b01_s0,ewt_b01,0,vowel,3,99,OC2,0.03694147751418863
ewt_b01_s0,ewt_b01,0,vowel,3,100,OC2,0.06690877388224942
ewt_b01_s0,ewt_b01,0,vowel,3,101,OC2,0.038681297167333206
ewt_b01_s0,ewt_b01,0,vowel,3,102,OC2,0.04451169351767881
ewt_b01_s0,ewt_b01,0,vowel,3,103,OC2,0.05305378633650827
ewt_b01_s0,ewt_b01,0,vowel,3,104,OC2,0.03765702326996934
ewt_b01_s0,ewt_b01,0,vowel,3,105,OC2,0.054338516628911704
ewt_b01_s0,ewt_b01,0,vowel,3,106,OC2,0.06129458772406111
ewt_b01_s0,ewt_b01,0,vowel,3,107,OC2,0.028138753416106572
ewt_b01_s0,ewt_b01,0,vowel,3,108,OC2,0.09346894662301436
ewt_b01_s0,ewt_b01,0,vowel,3,109,OC2,0.05719760646294073
ewt_b01_s0,ewt_b01,0,vowel,3,110,OC2,0.059071705849832616
ewt_b01_s0,ewt_b01,0,vowel,3,111,OC2,0.08374301795224846
ewt_b01_s0,ewt_b01,0,vowel,3,112,OC2,0.059761952943261656
ewt_b01_s0,ewt_b01,0,vowel,3,113,OC2,0.0540623532076486
ewt_b01_s0,ewt_b01,0,vowel,3,114,OC2,0.041453035123461525
ewt_b01_s0,ewt_b01,0,vowel,3,115,OC2,0.06221819908531883
ewt_b01_s0,ewt_b01,0,vowel,3,116,OC2,0.03230088506287056
ewt_b01_s0,ewt_b01,0,vowel,3,117,OC2,0.07237006020382646
ewt_b01_s0,ewt_b01,0,vowel,3,118,OC2,0.05317911884366302
ewt_b01_s0,ewt_b01,0,vowel,3,119,OC2,0.022624999435907074
ewt_b01_s0,ewt_b01,0,vowel,3,120,OC2,0.08376416899203618
ewt_b01_s0,ewt_b01,0,vowel,3,121,OC2,0.018704400025580718
ewt_b01_s0,ewt_b01,0,vowel,3,122,OC2,0.02187099753764458
ewt_b01_s0,ewt_b01,0,vowel,3,123,OC2,0.015506111315557741
ewt_b01_s0,ewt_b01,0,vowel,3,124,OC2,0.06765203573084826
ewt_b01_s0,ewt_b01,0,vowel,3,125,OC2,0.019343604967578833
ewt_b01_s0,ewt_b01,0,vowel,3,126,OC2,0.03775943242459486
ewt_b01_s0,ewt_b01,0,vowel,3,127,OC2,0.035979496336662566
ewt_b01_s0,ewt_b01,0,vowel,3,128,OC2,0.018097642141307747
ewt_b01_s0,ewt_b01,0,vowel,3,129,OC2,0.06288268385052709
ewt_b01_s0,ewt_b01,0,vowel,3,130,OC2,0.04134406898213309
ewt_b01_s0,ewt_b01,0,vowel,3,131,OC2,0.03904732313699732
ewt_b01_s0,ewt_b01,0,vowel,3,132,OC2,0.03496824931434958
ewt_b01_s0,ewt_b01,0,vowel,3,133,OC2,0.03130827937086544
ewt_b01_s0,ewt_b01,0,vowel,3,134,OC2,0.014247188601627494
ewt_b01_s0,ewt_b01,0,vowel,3,135,OC2,0.03601371572864157
ewt_b01_s0,ewt_b01,0,vowel,3,136,OC2,0.01873451057550915
ewt_b01_s0,ewt_b01,0,vowel,3,137,OC2,0.11446022688225778
ewt_b01_s0,ewt_b01,0,vowel,3,138,OC2,0.021181148171053713
ewt_b01_s0,ewt_b01,0,vowel,3,139,OC2,0.02767982758561258
ewt_b01_s0,ewt_b01,0,vowel,3,140,OC2,0.04853453814088614
ewt_b01_s0,ewt_b01,0,vowel,3,141,OC2,0.05416316361901248
ewt_b01_s0,ewt_b01,0,vowel,3,142,OC2,0.08457027769443698
ewt_b01_s0,ewt_b01,0,vowel,3,143,OC2,0.09120939765378747
ewt_b01_s0,ewt_b01,0,vowel,3,144,OC3,0.061875722345702135
ewt_b01_s0,ewt_b01,0,vowel,3,145,OC3,0.029909386144401966
ewt_b01_s0,ewt_b01,0,vowel,3,146,OC3,0.04598557003577893
ewt_b01_s0,ewt_b01,0,vowel,3,147,OC3,0.04077478284450339
ewt_b01_s0,ewt_b01,0,vowel,3,148,OC3,0.028119558550890628
ewt_b01_s0,ewt_b01,0,vowel,3,149,OC3,0.057125814700667354
ewt_b01_s0,ewt_b01,0,vowel,3,150,OC3,0.05256289098442906
ewt_b01_s0,ewt_b01,0,vowel,3,151,OC3,0.026012874494015008
ewt_b01_s0,ewt_b01,0,vowel,3,152,OC3,0.027148177993075666
ewt_b01_s0,ewt_b01,0,vowel,3,153,OC3,0.010422115731165776
ewt_b01_s0,ewt_b01,0,vowel,3,154,OC3,0.0347156240086902
ewt_b01_s0,ewt_b01,0,vowel,3,155,OC3,0.0867395435970341
ewt_b01_s0,ewt_b01,0,vowel,3,156,OC3,0.013328836666565817
ewt_b01_s0,ewt_b01,0,vowel,3,157,OC3,0.018360825597444192
ewt_b01_s0,ewt_b01,0,vowel,3,158,OC3,0.013905922854326269
ewt_b01_s0,ewt_b01,0,vowel,3,159,OC3,0.028351451262335327
ewt_b01_s0,ewt_b01,0,vowel,3,160,OC3,0.04091534240142097
ewt_b01_s0,ewt_b01,0,vowel,3,161,OC3,0.08420335416417439
ewt_b01_s0,ewt_b01,0,vowel,3,162,OC3,0.027569386270412236
ewt_b01_s0,ewt_b01,0,vowel,3,163,OC3,0.06247284030863432
ewt_b01_s0,ewt_b01,0,vowel,3,164,OC3,0.04337257701100949
ewt_b01_s0,ewt_b01,0,vowel,3,165,OC3,0.04860108850050292
ewt_b01_s0,ewt_b01,0,vowel,3,166,OC3,0.014074773304377034
ewt_b01_s0,ewt_b01,0,vowel,3,167,OC3,0.032662067076545134
ewt_b01_s0,ewt_b01,0,vowel,3,168,OC3,0.06599601006316419
ewt_b01_s0,ewt_b01,0,vowel,3,169,OC3,0.016602799056190293
ewt_b01_s0,ewt_b01,0,vowel,3,170,OC3,0.034489224028723765
ewt_b01_s0,ewt_b01,0,vowel,3,171,OC3,0.08409740220427415
ewt_b01_s0,ewt_b01,0,vowel,3,172,OC3,0.01799915882076758
ewt_b01_s0,ewt_b01,0,vowel,3,173,OC3,0.04016280501846988
ewt_b01_s0,ewt_b01,0,vowel,3,174,OC3,0.05031763553847356
ewt_b01_s0,ewt_b01,0,vowel,3,175,OC3,0.06396821388445544
ewt_b01_s0,ewt_b01,0,vowel,3,176,OC3,0.031196849565017726
ewt_b01_s0,ewt_b01,0,vowel,3,177,OC3,0.05657856251389746
ewt_b01_s0,ewt_b01,0,vowel,3,178,OC3,0.030728421574768273
ewt_b01_s0,ewt_b01,0,vowel,3,179,OC3,0.040538223441569585
ewt_b01_s0,ewt_b01,0,vowel,3,180,OC3,0.027269253862711486
ewt_b01_s0,ewt_b01,0,vowel,3,181,OC3,0.034618721642221496
ewt_b01_s0,ewt_b01,0,vowel,3,182,OC3,0.09767881322959002
ewt_b01_s0,ewt_b01,0,vowel,3,183,OC3,0.044527318410265325
ewt_b01_s0,ewt_b01,0,vowel,3,184,OC3,0.037173417068750866
ewt_b01_s0,ewt_b01,0,vowel,3,185,OC3,0.030955423299666038
ewt_b01_s0,ewt_b01,0,vowel,3,186,OC3,0.041234358310923654
ewt_b01_s0,ewt_b01,0,vowel,3,187,OC3,0.016407511601908356
ewt_b01_s0,ewt_b01,0,vowel,3,188,OC3,0.025839710406362855
ewt_b01_s0,ewt_b01,0,vowel,3,189,OC3,0.01876981539778763
ewt_b01_s0,ewt_b01,0,vowel,3,190,OC3,0.01787207556268151
ewt_b01_s0,ewt_b01,0,vowel,3,191,OC3,0.05096668079551859
ewt_b01_s0,ewt_b01,0,speaker_frame,3,0,X,0.6408357940398551
ewt_b01_s0,ewt_b01,0,speaker_frame,3,1,X,0.323018525745553
ewt_b01_s0,ewt_b01,0,speaker_frame,3,2,X,0.5534553542280582
ewt_b01_s0,ewt_b01,0,speaker_frame,3,3,X,0.50611900863972
ewt_b01_s0,ewt_b01,0,speaker_frame,3,4,X,0.37467281723209356
ewt_b01_s0,ewt_b01,0,speaker_frame,3,5,X,0.520930287029328
ewt_b01_s0,ewt_b01,0,speaker_frame,3,6,X,0.3405092716849717
ewt_b01_s0,ewt_b01,0,speaker_frame,3,7,X,0.41252214669851867
ewt_b01_s0,ewt_b01,0,speaker_frame,3,8,X,0.3321041580510715
ewt_b01_s0,ewt_b01,0,speaker_frame,3,9,X,0.21313757385034496
ewt_b01_s0,ewt_b01,0,speaker_frame,3,10,X,0.20055113115218304
ewt_b01_s0,ewt_b01,0,speaker_frame,3,11,X,0.33275412919114794
ewt_b01_s0,ewt_b01,0,speaker_frame,3,12,X,0.20013230823202977
ewt_b01_s0,ewt_b01,0,speaker_frame,3,13,X,0.47037874056663465
ewt_b01_s0,ewt_b01,0,speaker_frame,3,14,X,0.31906653469081775
ewt_b01_s0,ewt_b01,0,speaker_frame,3,15,X,0.2987603263196407
ewt_b01_s0,ewt_b01,0,speaker_frame,3,16,X,0.3917175543325859
ewt_b01_s0,ewt_b01,0,speaker_frame,3,17,X,0.5272523603624654
ewt_b01_s0,ewt_b01,0,speaker_frame,3,18,X,0.5093969882622049
ewt_b01_s0,ewt_b01,0,speaker_frame,3,19,X,0.348167320833226
ewt_b01_s0,ewt_b01,0,speaker_frame,3,20,X,1.0
ewt_b01_s0,ewt_b01,0,speaker_frame,3,21,X,0.4404689989375948
ewt_b01_s0,ewt_b01,0,speaker_frame,3,22,X,0.5331784400713916
ewt_b01_s0,ewt_b01,0,speaker_frame,3,23,X,0.3791209996784162
ewt_b01_s0,ewt_b01,0,speaker_frame,3,24,X,0.6999066169348579
ewt_b01_s0,ewt_b01,0,speaker_frame,3,25,X,0.5571233920978773
ewt_b01_s0,ewt_b01,0,speaker_frame,3,26,X,0.36478302125435114
ewt_b01_s0,ewt_b01,0,speaker_frame,3,27,X,0.47961266469071057
ewt_b01_s0,ewt_b01,0,speaker_frame,3,28,X,0.18112754281845114
ewt_b01_s0,ewt_b01,0,speaker_frame,3,29,X,0.38580668261414386
ewt_b01_s0,ewt_b01,0,speaker_frame,3,30,X,0.38769812017985933
ewt_b01_s0,ewt_b01,0,speaker_frame,3,31,X,0.3234285302188542
ewt_b01_s0,ewt_b01,0,speaker_frame,3,32,X,0.4959741056168476
ewt_b01_s0,ewt_b01,0,speaker_frame,3,33,X,0.2401712201829413
ewt_b01_s0,ewt_b01,0,speaker_frame,3,34,X,0.6010392364341914
ewt_b01_s0,ewt_b01,0,speaker_frame,3,35,X,0.2805708921912211
ewt_b01_s0,ewt_b01,0,speaker_frame,3,36,X,0.30658528493113124
ewt_b01_s0,ewt_b01,0,speaker_frame,3,37,X,0.3221113794435562
ewt_b01_s0,ewt_b01,0,speaker_frame,3,38,X,0.3294526912555853
ewt_b01_s0,ewt_b01,0,speaker_frame,3,39,X,0.29595553704976674
ewt_b01_s0,ewt_b01,0,speaker_frame,3,40,X,0.3789029350806539
ewt_b01_s0,ewt_b01,0,speaker_frame,3,41,X,0.3974168613819549
ewt_b01_s0,ewt_b01,0,speaker_frame,3,42,X,0.973019330481541
ewt_b01_s0,ewt_b01,0,speaker_frame,3,43,X,0.2257625281814092
ewt_b01_s0,ewt_b01,0,speaker_frame,3,44,X,0.3205433844360349
ewt_b01_s0,ewt_b01,0,speaker_frame,3,45,X,0.6364377618470237
ewt_b01_s0,ewt_b01,0,speaker_frame,3,46,X,0.2882547326159136
ewt_b01_s0,ewt_b01,0,speaker_frame,3,47,X,0.41658715564556914
ewt_b01_s0,ewt_b01,0,speaker_frame,3,48,OC1,0.03663385689561992
ewt_b01_s0,ewt_b01,0,speaker_frame,3,49,OC1,0.08250621992108036
ewt_b01_s0,ewt_b01,0,speaker_frame,3,50,OC1,0.04628169793515184
ewt_b01_s0,ewt_b01,0,speaker_frame,3,51,OC1,0.035048157267842744
ewt_b01_s0,ewt_b01,0,speaker_frame,3,52,OC1,0.020211939942542098
ewt_b01_s0,ewt_b01,0,speaker_frame,3,53,OC1,0.03264467303042711
ewt_b01_s0,ewt_b01,0,speaker_frame,3,54,OC1,0.031968996045361374
ewt_b01_s0,ewt_b01,0,speaker_frame,3,55,OC1,0.06232271576025309
ewt_b01_s0,ewt_b01,0,speaker_frame,3,56,OC1,0.05777244525759502
ewt_b01_s0,ewt_b01,0,speaker_frame,3,57,OC1,0.15353335792619552
ewt_b01_s0,ewt_b01,0,speaker_frame,3,58,OC1,0.07259406734537834
ewt_b01_s0,ewt_b01,0,speaker_frame,3,59,OC1,0.09929766395562212
ewt_b01_s0,ewt_b01,0,speaker_frame,3,60,OC1,0.018199533191398554
ewt_b01_s0,ewt_b01,0,speaker_frame,3,61,OC1,0.08067772319397991
ewt_b01_s0,ewt_b01,0,speaker_frame,3,62,OC1,0.037825900490287896
ewt_b01_s0,ewt_b01,0,speaker_frame,3,63,OC1,0.037586090465349345
ewt_b01_s0,ewt_b01,0,speaker_frame,3,64,OC1,0.06952311874275299
ewt_b01_s0,ewt_b01,0,speaker_frame,3,65,OC1,0.056975816987856816
ewt_b01_s0,ewt_b01,0,speaker_frame,3,66,OC1,0.06077407707960933
ewt_b01_s0,ewt_b01,0,speaker_frame,3,67,OC1,0.08784302083165052
ewt_b01_s0,ewt_b01,0,speaker_frame,3,68,OC1,0.03745859473701568
ewt_b01_s0,ewt_b01,0,speaker_frame,3,69,OC1,0.10078980263636272
ewt_b01_s0,ewt_b01,0,speaker_frame,3,70,OC1,0.04980740599069062
ewt_b01_s0,ewt_b01,0,speaker_frame,3,71,OC1,0.05267826959724124
ewt_b01_s0,ewt_b01,0,speaker_frame,3,72,OC1,0.08336902301650327
ewt_b01_s0,ewt_b01,0,speaker_frame,3,73,OC1,0.03186048115998499
ewt_b01_s0,ewt_b01,0,speaker_frame,3,74,OC1,0.08143467371978517
ewt_b01_s0,ewt_b01,0,speaker_frame,3,75,OC1,0.17014439404742973
ewt_b01_s0,ewt_b01,0,speaker_frame,3,76,OC1,0.12182757470697388
ewt_b01_s0,ewt_b01,0,speaker_frame,3,77,OC1,0.06648868363723051
ewt_b01_s0,ewt_b01,0,speaker_frame,3,78,OC1,0.10658822471251345
ewt_b01_s0,ewt_b01,0,speaker_frame,3,79,OC1,0.057124625233866716
ewt_b01_s0,ewt_b01,0,speaker_frame,3,80,OC1,0.04699206314940746
ewt_b01_s0,ewt_b01,0,speaker_frame,3,81,OC1,0.08652846996930803
ewt_b01_s0,ewt_b01,0,speaker_frame,3,82,OC1,0.04312992116618863
ewt_b01_s0,ewt_b01,0,speaker_frame,3,83,OC1,0.07418525727580925
ewt_b01_s0,ewt_b01,0,speaker_frame,3,84,OC1,0.04651273295743501
ewt_b01_s0,ewt_b01,0,speaker_frame,3,85,OC1,0.019728847468099657
ewt_b01_s0,ewt_b01,0,speaker_frame,3,86,OC1,0.12920001106698392
ewt_b01_s0,ewt_b01,0,speaker_frame,3,87,OC1,0.05900829357742384
ewt_b01_s0,ewt_b01,0,speaker_frame,3,88,OC1,0.02705763362171865
ewt_b01_s0,ewt_b01,0,speaker_frame,3,89,OC1,0.06474775641170927
ewt_b01_s0,ewt_b01,0,speaker_frame,3,90,OC1,0.054679662621657604
ewt_b01_s0,ewt_b01,0,speaker_frame,3,91,OC1,0.04887139566915954
ewt_b01_s0,ewt_b01,0,speaker_frame,3,92,OC1,0.03275092498576888
ewt_b01_s0,ewt_b01,0,speaker_frame,3,93,OC1,0.045119011150047836
ewt_b01_s0,ewt_b01,0,speaker_frame,3,94,OC1,0.06682497500566052
ewt_b01_s0,ewt_b01,0,speaker_frame,3,95,OC1,0.1592545500165544
ewt_b01_s0,ewt_b01,0,speaker_frame,3,96,OC2,0.10550541639581827
ewt_b01_s0,ewt_b01,0,speaker_frame,3,97,OC2,0.16254971065997842
ewt_b01_s0,ewt_b01,0,speaker_frame,3,98,OC2,0.16022087635022766
ewt_b01_s0,ewt_b01,0,speaker_frame,3,99,OC2,0.2926362212781514
ewt_b01_s0,ewt_b01,0,speaker_frame,3,100,OC2,0.17306575430409152
ewt_b01_s0,ewt_b01,0,speaker_frame,3,101,OC2,0.16757866306345684
ewt_b01_s0,ewt_b01,0,speaker_frame,3,102,OC2,0.17216025404243473
ewt_b01_s0,ewt_b01,0,speaker_frame,3,103,OC2,0.10631383980718795
ewt_b01_s0,ewt_b01,0,speaker_frame,3,104,OC2,0.11051204621544322
ewt_b01_s0,ewt_b01,0,speaker_frame,3,105,OC2,0.035408973847328586
ewt_b01_s0,ewt_b01,0,speaker_frame,3,106,OC2,0.09347584652439515
ewt_b01_s0,ewt_b01,0,speaker_frame,3,107,OC2,0.15216069592666798
ewt_b01_s0,ewt_b01,0,speaker_frame,3,108,OC2,0.22966705277396365
ewt_b01_s0,ewt_b01,0,speaker_frame,3,109,OC2,0.14774499648631195
ewt_b01_s0,ewt_b01,0,speaker_frame,3,110,OC2,0.12735524943053225
ewt_b01_s0,ewt_b01,0,speaker_frame,3,111,OC2,0.2591979833465423
ewt_b01_s0,ewt_b01,0,speaker_frame,3,112,OC2,0.06094328127693359
ewt_b01_s0,ewt_b01,0,speaker_frame,3,113,OC2,0.2258251685822442
ewt_b01_s0,ewt_b01,0,speaker_frame,3,114,OC2,0.0940274736145905
ewt_b01_s0,ewt_b01,0,speaker_frame,3,115,OC2,0.07203853548300841
ewt_b01_s0,ewt_b01,0,speaker_frame,3,116,OC2,0.08032976636632129
ewt_b01_s0,ewt_b01,0,speaker_frame,3,117,OC2,0.07270047515249026
ewt_b01_s0,ewt_b01,0,speaker_frame,3,118,OC2,0.10474380322518334
ewt_b01_s0,ewt_b01,0,speaker_frame,3,119,OC2,0.046258987498100604
ewt_b01_s0,ewt_b01,0,speaker_frame,3,120,OC2,0.13386770283644905
ewt_b01_s0,ewt_b01,0,speaker_frame,3,121,OC2,0.1838156891694554
ewt_b01_s0,ewt_b01,0,speaker_frame,3,122,OC2,0.18039506074706096
ewt_b01_s0,ewt_b01,0,speaker_frame,3,123,OC2,0.12400776899337959
ewt_b01_s0,ewt_b01,0,speaker_frame,3,124,OC2,0.14522769826633708
ewt_b01_s0,ewt_b01,0,speaker_frame,3,125,OC2,0.12744966557967136
ewt_b01_s0,ewt_b01,0,speaker_frame,3,126,OC2,0.2426864969151629
ewt_b01_s0,ewt_b01,0,speaker_frame,3,127,OC2,0.14949521451848352
ewt_b01_s0,ewt_b01,0,speaker_frame,3,128,OC2,0.18369697092708068
ewt_b01_s0,ewt_b01,0,speaker_frame,3,129,OC2,0.07287203682428088
ewt_b01_s0,ewt_b01,0,speaker_frame,3,130,OC2,0.11541963149430136
ewt_b01_s0,ewt_b01,0,speaker_frame,3,131,OC2,0.24085080993305713
ewt_b01_s0,ewt_b01,0,speaker_frame,3,132,OC2,0.09556210921108935
ewt_b01_s0,ewt_b01,0,speaker_frame,3,133,OC2,0.08012804215344628
ewt_b01_s0,ewt_b01,0,speaker_frame,3,134,OC2,0.09831626310674373
ewt_b01_s0,ewt_b01,0,speaker_frame,3,135,OC2,0.1282495430586419
ewt_b01_s0,ewt_b01,0,speaker_frame,3,136,OC2,0.13230917332267847
ewt_b01_s0,ewt_b01,0,speaker_frame,3,137,OC2,0.17760328728825028
ewt_b01_s0,ewt_b01,0,speaker_frame,3,138,OC2,0.14536633008710118
ewt_b01_s0,ewt_b01,0,speaker_frame,3,139,OC2,0.08199325542319129
ewt_b01_s0,ewt_b01,0,speaker_frame,3,140,OC2,0.07664688220238479
ewt_b01_s0,ewt_b01,0,speaker_frame,3,141,OC2,0.19746770927646584
ewt_b01_s0,ewt_b01,0,speaker_frame,3,142,OC2,0.06682284501564577
ewt_b01_s0,ewt_b01,0,speaker_frame,3,143,OC2,0.23307993196363236
ewt_b01_s0,ewt_b01,0,speaker_frame,3,144,OC3,0.09028421532652373
ewt_b01_s0,ewt_b01,0,speaker_frame,3,145,OC3,0.20698850488529744
ewt_b01_s0,ewt_b01,0,speaker_frame,3,146,OC3,0.25584024204056643
ewt_b01_s0,ewt_b01,0,speaker_frame,3,147,OC3,0.2101722413912814
ewt_b01_s0,ewt_b01,0,speaker_frame,3,148,OC3,0.20409973994443784
ewt_b01_s0,ewt_b01,0,speaker_frame,3,149,OC3,0.6226696855724699
ewt_b01_s0,ewt_b01,0,speaker_frame,3,150,OC3,0.1040292668242457
ewt_b01_s0,ewt_b01,0,speaker_frame,3,151,OC3,0.20590285216017376
ewt_b01_s0,ewt_b01,0,speaker_frame,3,152,OC3,0.11739233315530649
ewt_b01_s0,ewt_b01,0,speaker_frame,3,153,OC3,0.14471080680457196
ewt_b01_s0,ewt_b01,0,speaker_frame,3,154,OC3,0.2128844188914181
ewt_b01_s0,ewt_b01,0,speaker_frame,3,155,OC3,0.9239173462619437
ewt_b01_s0,ewt_b01,0,speaker_frame,3,156,OC3,0.18429627136423224
ewt_b01_s0,ewt_b01,0,speaker_frame,3,157,OC3,0.08387942164772838
ewt_b01_s0,ewt_b01,0,speaker_frame,3,158,OC3,0.169462594907534
ewt_b01_s0,ewt_b01,0,speaker_frame,3,159,OC3,0.18984214399384408
ewt_b01_s0,ewt_b01,0,speaker_frame,3,160,OC3,0.11088840344851762
ewt_b01_s0,ewt_b01,0,speaker_frame,3,161,OC3,0.2897620458176744
ewt_b01_s0,ewt_b01,0,speaker_frame,3,162,OC3,0.27608188811143664
ewt_b01_s0,ewt_b01,0,speaker_frame,3,163,OC3,0.2301597777553951
ewt_b01_s0,ewt_b01,0,speaker_frame,3,164,OC3,0.40806481222302
ewt_b01_s0,ewt_b01,0,speaker_frame,3,165,OC3,0.5686149909647162
ewt_b01_s0,ewt_b01,0,speaker_frame,3,166,OC3,0.2168675667778414
ewt_b01_s0,ewt_b01,0,speaker_frame,3,167,OC3,0.17597985089785562
ewt_b01_s0,ewt_b01,0,speaker_frame,3,168,OC3,0.23123656852034133
ewt_b01_s0,ewt_b01,0,speaker_frame,3,169,OC3,0.193834029025997
ewt_b01_s0,ewt_b01,0,speaker_frame,3,170,OC3,0.07547859737493916
ewt_b01_s0,ewt_b01,0,speaker_frame,3,171,OC3,0.3651707751221273
ewt_b01_s0,ewt_b01,0,speaker_frame,3,172,OC3,0.14003231565484792
ewt_b01_s0,ewt_b01,0,speaker_frame,3,173,OC3,0.1689827942991889
ewt_b01_s0,ewt_b01,0,speaker_frame,3,174,OC3,0.17561004619415366
ewt_b01_s0,ewt_b01,0,speaker_frame,3,175,OC3,0.16808703021722288
ewt_b01_s0,ewt_b01,0,speaker_frame,3,176,OC3,0.2876919794238845
ewt_b01_s0,ewt_b01,0,speaker_frame,3,177,OC3,0.11577477204192728
ewt_b01_s0,ewt_b01,0,speaker_frame,3,178,OC3,0.2033886906903692
ewt_b01_s0,ewt_b01,0,speaker_frame,3,179,OC3,0.14255887738439868
ewt_b01_s0,ewt_b01,0,speaker_frame,3,180,OC3,0.24570209514542965
ewt_b01_s0,ewt_b01,0,speaker_frame,3,181,OC3,0.09591922926152445
ewt_b01_s0,ewt_b01,0,speaker_frame,3,182,OC3,0.47223040766569724
ewt_b01_s0,ewt_b01,0,speaker_frame,3,183,OC3,0.3187287835885097
ewt_b01_s0,ewt_b01,0,speaker_frame,3,184,OC3,0.2469587826938139
ewt_b01_s0,ewt_b01,0,speaker_frame,3,185,OC3,0.23416810892811518
ewt_b01_s0,ewt_b01,0,speaker_frame,3,186,OC3,0.3458517972989834
ewt_b01_s0,ewt_b01,0,speaker_frame,3,187,OC3,0.20988975882007777
ewt_b01_s0,ewt_b01,0,speaker_frame,3,188,OC3,0.14770577151099018
ewt_b01_s0,ewt_b01,0,speaker_frame,3,189,OC3,0.2390826420492381
ewt_b01_s0,ewt_b01,0,speaker_frame,3,190,OC3,0.1735556971743492
ewt_b01_s0,ewt_b01,0,speaker_frame,3,191,OC3,0.36609044218088604
ewt_b01_s0,ewt_b01,0,vowel,4,0,X,0.5296154372947892
ewt_b01_s0,ewt_b01,0,vowel,4,1,X,0.33981814557328943
ewt_b01_s0,ewt_b01,0,vowel,4,2,X,0.06227558942737105
ewt_b01_s0,ewt_b01,0,vowel,4,3,X,0.5663479351155608
ewt_b01_s0,ewt_b01,0,vowel,4,4,X,0.4335766005826386
ewt_b01_s0,ewt_b01,0,vowel,4,5,X,0.3372180837991032
ewt_b01_s0,ewt_b01,0,vowel,4,6,X,1.0
ewt_b01_s0,ewt_b01,0,vowel,4,7,X,0.30124243680309937
ewt_b01_s0,ewt_b01,0,vowel,4,8,X,0.41115893635233264
ewt_b01_s0,ewt_b01,0,vowel,4,9,X,0.5622858808196848
ewt_b01_s0,ewt_b01,0,vowel,4,10,X,0.5951172945956643
ewt_b01_s0,ewt_b01,0,vowel,4,11,X,0.7486965322314987
ewt_b01_s0,ewt_b01,0,vowel,4,12,X,0.4826482074295514
ewt_b01_s0,ewt_b01,0,vowel,4,13,X,0.48889859192279067
ewt_b01_s0,ewt_b01,0,vowel,4,14,X,0.5392717609012269
ewt_b01_s0,ewt_b01,0,vowel,4,15,X,0.21867343281530124
ewt_b01_s0,ewt_b01,0,vowel,4,16,X,0.34454725343029957
ewt_b01_s0,ewt_b01,0,vowel,4,17,X,0.7767924748791358
ewt_b01_s0,ewt_b01,0,vowel,4,18,X,0.38033881188943064
ewt_b01_s0,ewt_b01,0,vowel,4,19,X,0.14549926039450162
ewt_b01_s0,ewt_b01,0,vowel,4,20,X,0.652296552970902
ewt_b01_s0,ewt_b01,0,vowel,4,21,X,0.23877863959020162
ewt_b01_s0,ewt_b01,0,vowel,4,22,X,0.4179560870120939
ewt_b01_s0,ewt_b01,0,vowel,4,23,X,0.6871607718744023
ewt_b01_s0,ewt_b01,0,vowel,4,24,X,0.48647197040181844
ewt_b01_s0,ewt_b01,0,vowel,4,25,X,0.22733251991960832
ewt_b01_s0,ewt_b01,0,vowel,4,26,X,0.362815668324423
ewt_b01_s0,ewt_b01,0,vowel,4,27,X,0.2584872263227859
ewt_b01_s0,ewt_b01,0,vowel,4,28,X,0.21612398520298381
ewt_b01_s0,ewt_b01,0,vowel,4,29,X,0.3523625340375966
ewt_b01_s0,ewt_b01,0,vowel,4,30,X,0.7695365259040374
ewt_b01_s0,ewt_b01,0,vowel,4,31,X,0.25300367063021284
ewt_b01_s0,ewt_b01,0,vowel,4,32,X,0.3978643892257432
ewt_b01_s0,ewt_b01,0,vowel,4,33,X,0.5712868163983397
ewt_b01_s0,ewt_b01,0,vowel,4,34,X,0.5329822694485608
ewt_b01_s0,ewt_b01,0,vowel,4,35,X,0.3954121166441572
ewt_b01_s0,ewt_b01,0,vowel,4,36,X,0.3666214284161297
ewt_b01_s0,ewt_b01,0,vowel,4,37,X,0.25258391103388717
ewt_b01_s0,ewt_b01,0,vowel,4,38,X,0.4240482890874454
ewt_b01_s0,ewt_b01,0,vowel,4,39,X,0.13173767452628948
ewt_b01_s0,ewt_b01,0,vowel,4,40,X,0.44178570504549924
ewt_b01_s0,ewt_b01,0,vowel,4,41,X,0.3747054532845971
ewt_b01_s0,ewt_b01,0,vowel,4,42,X,0.5153498878887027
ewt_b01_s0,ewt_b01,0,vowel,4,43,X,0.29460401772328926
ewt_b01_s0,ewt_b01,0,vowel,4,44,X,0.5440085728857943
ewt_b01_s0,ewt_b01,0,vowel,4,45,X,0.5757833347151847
ewt_b01_s0,ewt_b01,0,vowel,4,46,X,0.4828256032947231
ewt_b01_s0,ewt_b01,0,vowel,4,47,X,0.4134993085665064
ewt_b01_s0,ewt_b01,0,vowel,4,48,OC1,0.023577820024029073
ewt_b01_s0,ewt_b01,0,vowel,4,49,OC1,0.06503490878357669
ewt_b01_s0,ewt_b01,0,vowel,4,50,OC1,0.04592557775559565
ewt_b01_s0,ewt_b01,0,vowel,4,51,OC1,0.026660029380448983
ewt_b01_s0,ewt_b01,0,vowel,4,52,OC1,0.036477065908033755
ewt_b01_s0,ewt_b01,0,vowel,4,53,OC1,0.03842149724174091
ewt_b01_s0,ewt_b01,0,vowel,4,54,OC1,0.034640764415624845
ewt_b01_s0,ewt_b01,0,vowel,4,55,OC1,0.041107780093384956
ewt_b01_s0,ewt_b01,0,vowel,4,56,OC1,0.06298589984830938
ewt_b01_s0,ewt_b01,0,vowel,4,57,OC1,0.02105331229681968
ewt_b01_s0,ewt_b01,0,vowel,4,58,OC1,0.017816003919806953
ewt_b01_s0,ewt_b01,0,vowel,4,59,OC1,0.02109174983735473
ewt_b01_s0,ewt_b01,0,vowel,4,60,OC1,0.023158646042304887
ewt_b01_s0,ewt_b01,0,vowel,4,61,OC1,0.05509299333549842
ewt_b01_s0,ewt_b01,0,vowel,4,62,OC1,0.034209940975944014
ewt_b01_s0,ewt_b01,0,vowel,4,63,OC1,0.06927130128396998
ewt_b01_s0,ewt_b01,0,vowel,4,64,OC1,0.0733806273245299
ewt_b01_s0,ewt_b01,0,vowel,4,65,OC1,0.02359117750625642
ewt_b01_s0,ewt_b01,0,vowel,4,66,OC1,0.06839216487996064
ewt_b01_s0,ewt_b01,0,vowel,4,67,OC1,0.017831147067257205
ewt_b01_s0,ewt_b01,0,vowel,4,68,OC1,0.033603285004012586
ewt_b01_s0,ewt_b01,0,vowel,4,69,OC1,0.028136064636296882
ewt_b01_s0,ewt_b01,0,vowel,4,70,OC1,0.057568438384829924
ewt_b01_s0,ewt_b01,0,vowel,4,71,OC1,0.036134714839653935
ewt_b01_s0,ewt_b01,0,vowel,4,72,OC1,0.06493667620524607
ewt_b01_s0,ewt_b01,0,vowel,4,73,OC1,0.044918446534206104
ewt_b01_s0,ewt_b01,0,vowel,4,74,OC1,0.027907832045598525
ewt_b01_s0,ewt_b01,0,vowel,4,75,OC1,0.01886397631320393
ewt_b01_s0,ewt_b01,0,vowel,4,76,OC1,0.04899667840878119
ewt_b01_s0,ewt_b01,0,vowel,4,77,OC1,0.014390088413617191
ewt_b01_s0,ewt_b01,0,vowel,4,78,OC1,0.029615277655631995
ewt_b01_s0,ewt_b01,0,vowel,4,79,OC1,0.03863394060598105
ewt_b01_s0,ewt_b01,0,vowel,4,80,OC1,0.006499899585883187
ewt_b01_s0,ewt_b01,0,vowel,4,81,OC1,0.05574900401763083
ewt_b01_s0,ewt_b01,0,vowel,4,82,OC1,0.04595130463072994
ewt_b01_s0,ewt_b01,0,vowel,4,83,OC1,0.03114307785718051
ewt_b01_s0,ewt_b01,0,vowel,4,84,OC1,0.027145083308480304
ewt_b01_s0,ewt_b01,0,vowel,4,85,OC1,0.07899743879068123
ewt_b01_s0,ewt_b01,0,vowel,4,86,OC1,0.03829259307382258
ewt_b01_s0,ewt_b01,0,vowel,4,87,OC1,0.018238459987403643
ewt_b01_s0,ewt_b01,0,vowel,4,88,OC1,0.037087050156136454
ewt_b01_s0,ewt_b01,0,vowel,4,89,OC1,0.018096401373692336
ewt_b01_s0,ewt_b01,0,vowel,4,90,OC1,0.022623767204157534
ewt_b01_s0,ewt_b01,0,vowel,4,91,OC1,0.08664286010838673
ewt_b01_s0,ewt_b01,0,vowel,4,92,OC1,0.028811507750551132
ewt_b01_s0,ewt_b01,0,vowel,4,93,OC1,0.057076053336673184
ewt_b01_s0,ewt_b01,0,vowel,4,94,OC1,0.05278313196347016
ewt_b01_s0,ewt_b01,0,vowel,4,95,OC1,0.033512986263867284
ewt_b01_s0,ewt_b01,0,vowel,4,96,OC2,0.039059206592454244
ewt_b01_s0,ewt_b01,0,vowel,4,97,OC2,0.024086546803396915
ewt_b01_s0,ewt_b01,0,vowel,4,98,OC2,0.03189405889124388
ewt_b01_s0,ewt_b01,0,vowel,4,99,OC2,0.03976284434632405
ewt_b01_s0,ewt_b01,0,vowel,4,100,OC2,0.06671974051630006
ewt_b01_s0,ewt_b01,0,vowel,4,101,OC2,0.033517646240413604
ewt_b01_s0,ewt_b01,0,vowel,4,102,OC2,0.03997215576480607
ewt_b01_s0,ewt_b01,0,vowel,4,103,OC2,0.055510472977056614
ewt_b01_s0,ewt_b01,0,vowel,4,104,OC2,0.04081865522137176
ewt_b01_s0,ewt_b01,0,vowel,4,105,OC2,0.04872451441284475
ewt_b01_s0,ewt_b01,0,vowel,4,106,OC2,0.0611741827466847
ewt_b01_s0,ewt_b01,0,vowel,4,107,OC2,0.02627703178398839
ewt_b01_s0,ewt_b01,0,vowel,4,108,OC2,0.09805546298409995
ewt_b01_s0,ewt_b01,0,vowel,4,109,OC2,0.05640586282977526
ewt_b01_s0,ewt_b01,0,vowel,4,110,OC2,0.06342646645565184
ewt_b01_s0,ewt_b01,0,vowel,4,111,OC2,0.07488211242717144
ewt_b01_s0,ewt_b01,0,vowel,4,112,OC2,0.056747600637559494
ewt_b01_s0,ewt_b01,0,vowel,4,113,OC2,0.0460650692834798
ewt_b01_s0,ewt_b01,0,vowel,4,114,OC2,0.03996059698145871
ewt_b01_s0,ewt_b01,0,vowel,4,115,OC2,0.059197759848574595
ewt_b01_s0,ewt_b01,0,vowel,4,116,OC2,0.035029000016243525
ewt_b01_s0,ewt_b01,0,vowel,4,117,OC2,0.07056433372679423
ewt_b01_s0,ewt_b01,0,vowel,4,118,OC2,0.052280546518756146
ewt_b01_s0,ewt_b01,0,vowel,4,119,OC2,0.027750029370606503
ewt_b01_s0,ewt_b01,0,vowel,4,120,OC2,0.07934597188103344
ewt_b01_s0,ewt_b01,0,vowel,4,121,OC2,0.01735358404005452
ewt_b01_s0,ewt_b01,0,vowel,4,122,OC2,0.022624180731238504
ewt_b01_s0,ewt_b01,0,vowel,4,123,OC2,0.01611747988020555
ewt_b01_s0,ewt_b01,0,vowel,4,124,OC2,0.06254475534626466
ewt_b01_s0,ewt_b01,0,vowel,4,125,OC2,0.014330512923128202
ewt_b01_s0,ewt_b01,0,vowel,4,126,OC2,0.035570077039717346
ewt_b01_s0,ewt_b01,0,vowel,4,127,OC2,0.03197397706549592
ewt_b01_s0,ewt_b01,0,vowel,4,128,OC2,0.02034215616563588
ewt_b01_s0,ewt_b01,0,vowel,4,129,OC2,0.06672426763317965
ewt_b01_s0,ewt_b01,0,vowel,4,130,OC2,0.04605662951938626
ewt_b01_s0,ewt_b01,0,vowel,4,131,OC2,0.03926133021805477
ewt_b01_s0,ewt_b01,0,vowel,4,132,OC2,0.038984903358093854
ewt_b01_s0,ewt_b01,0,vowel,4,133,OC2,0.02858407507053923
ewt_b01_s0,ewt_b01,0,vowel,4,134,OC2,0.019656740891138058
ewt_b01_s0,ewt_b01,0,vowel,4,135,OC2,0.03713276923424402
ewt_b01_s0,ewt_b01,0,vowel,4,136,OC2,0.024567539969892183
ewt_b01_s0,ewt_b01,0,vowel,4,137,OC2,0.1078469624747427
ewt_b01_s0,ewt_b01,0,vowel,4,138,OC2,0.016969553082952345
ewt_b01_s0,ewt_b01,0,vowel,4,139,OC2,0.030316256353123197
ewt_b01_s0,ewt_b01,0,vowel,4,140,OC2,0.04558186753059339
ewt_b01_s0,ewt_b01,0,vowel,4,141,OC2,0.0532272621131007
ewt_b01_s0,ewt_b01,0,vowel,4,142,OC2,0.08514365905355674
ewt_b01_s0,ewt_b01,0,vowel,4,143,OC2,0.09259464382268846
ewt_b01_s0,ewt_b01,0,vowel,4,144,OC3,0.05091402742364786
ewt_b01_s0,ewt_b01,0,vowel,4,145,OC3,0.03365573181079298
ewt_b01_s0,ewt_b01,0,vowel,4,146,OC3,0.031212048001250728
ewt_b01_s0,ewt_b01,0,vowel,4,147,OC3,0.03926362585144413
ewt_b01_s0,ewt_b01,0,vowel,4,148,OC3,0.02602531735457816
ewt_b01_s0,ewt_b01,0,vowel,4,149,OC3,0.043749149298818145
ewt_b01_s0,ewt_b01,0,vowel,4,150,OC3,0.046372793390721326
ewt_b01_s0,ewt_b01,0,vowel,4,151,OC3,0.023371013307704205
ewt_b01_s0,ewt_b01,0,vowel,4,152,OC3,0.02132338159761375
ewt_b01_s0,ewt_b01,0,vowel,4,153,OC3,0.008175619726931075
ewt_b01_s0,ewt_b01,0,vowel,4,154,OC3,0.026454519563188485
ewt_b01_s0,ewt_b01,0,vowel,4,155,OC3,0.07060932569049447
ewt_b01_s0,ewt_b01,0,vowel,4,156,OC3,0.01658068105221073
ewt_b01_s0,ewt_b01,0,vowel,4,157,OC3,0.02595884341448889
ewt_b01_s0,ewt_b01,0,vowel,4,158,OC3,0.010560086844162764
ewt_b01_s0,ewt_b01,0,vowel,4,159,OC3,0.020057385256772097
ewt_b01_s0,ewt_b01,0,vowel,4,160,OC3,0.033977092896422964
ewt_b01_s0,ewt_b01,0,vowel,4,161,OC3,0.06891250418620078
ewt_b01_s0,ewt_b01,0,vowel,4,162,OC3,0.037023154825055214
ewt_b01_s0,ewt_b01,0,vowel,4,163,OC3,0.06727370837814338
ewt_b01_s0,ewt_b01,0,vowel,4,164,OC3,0.031712501623645584
ewt_b01_s0,ewt_b01,0,vowel,4,165,OC3,0.03625269760717199
ewt_b01_s0,ewt_b01,0,vowel,4,166,OC3,0.019111478603916706
ewt_b01_s0,ewt_b01,0,vowel,4,167,OC3,0.03362873622163476
ewt_b01_s0,ewt_b01,0,vowel,4,168,OC3,0.05465307723078142
ewt_b01_s0,ewt_b01,0,vowel,4,169,OC3,0.0169670602985807
ewt_b01_s0,ewt_b01,0,vowel,4,170,OC3,0.03646842218237775
ewt_b01_s0,ewt_b01,0,vowel,4,171,OC3,0.06217208229973058
ewt_b01_s0,ewt_b01,0,vowel,4,172,OC3,0.015552790515934197
ewt_b01_s0,ewt_b01,0,vowel,4,173,OC3,0.041203988737999846
ewt_b01_s0,ewt_b01,0,vowel,4,174,OC3,0.04558369768657802
ewt_b01_s0,ewt_b01,0,vowel,4,175,OC3,0.0638028733264025
ewt_b01_s0,ewt_b01,0,vowel,4,176,OC3,0.03987345144386099
ewt_b01_s0,ewt_b01,0,vowel,4,177,OC3,0.05405827445547767
ewt_b01_s0,ewt_b01,0,vowel,4,178,OC3,0.043318952315803516
ewt_b01_s0,ewt_b01,0,vowel,4,179,OC3,0.03945816315845396
ewt_b01_s0,ewt_b01,0,vowel,4,180,OC3,0.018417288757348892
ewt_b01_s0,ewt_b01,0,vowel,4,181,OC3,0.03554949144083033
ewt_b01_s0,ewt_b01,0,vowel,4,182,OC3,0.1063092397894514
ewt_b01_s0,ewt_b01,0,vowel,4,183,OC3,0.043301156054158595
ewt_b01_s0,ewt_b01,0,vowel,4,184,OC3,0.033161210304634633
ewt_b01_s0,ewt_b01,0,vowel,4,185,OC3,0.03490081628324127
ewt_b01_s0,ewt_b01,0,vowel,4,186,OC3,0.04063868595761918
ewt_b01_s0,ewt_b01,0,vowel,4,187,OC3,0.011123980875833356
ewt_b01_s0,ewt_b01,0,vowel,4,188,OC3,0.021868636853634084
ewt_b01_s0,ewt_b01,0,vowel,4,189,OC3,0.021328570679959545
ewt_b01_s0,ewt_b01,0,vowel,4,190,OC3,0.021836345942458025
ewt_b01_s0,ewt_b01,0,vowel,4,191,OC3,0.04883912319738004
ewt_b01_s0,ewt_b01,0,speaker_frame,4,0,X,0.6370901652932526
ewt_b01_s0,ewt_b01,0,speaker_frame,4,1,X,0.30030640235735667
ewt_b01_s0,ewt_b01,0,speaker_frame,4,2,X,0.5514956946227857
ewt_b01_s0,ewt_b01,0,speaker_frame,4,3,X,0.49949522653685086
ewt_b01_s0,ewt_b01,0,speaker_frame,4,4,X,0.3945917712245617
ewt_b01_s0,ewt_b01,0,speaker_frame,4,5,X,0.6047107466408475
ewt_b01_s0,ewt_b01,0,speaker_frame,4,6,X,0.3579175952935565
ewt_b01_s0,ewt_b01,0,speaker_frame,4,7,X,0.424183033108782
ewt_b01_s0,ewt_b01,0,speaker_frame,4,8,X,0.37690343252825254
ewt_b01_s0,ewt_b01,0,speaker_frame,4,9,X,0.24409318069082447
ewt_b01_s0,ewt_b01,0,speaker_frame,4,10,X,0.22810037471683584
ewt_b01_s0,ewt_b01,0,speaker_frame,4,11,X,0.327276410403916
ewt_b01_s0,ewt_b01,0,speaker_frame,4,12,X,0.24704813949970028
ewt_b01_s0,ewt_b01,0,speaker_frame,4,13,X,0.5513637792312357
ewt_b01_s0,ewt_b01,0,speaker_frame,4,14,X,0.2673070883792169
ewt_b01_s0,ewt_b01,0,speaker_frame,4,15,X,0.29756038613769875
ewt_b01_s0,ewt_b01,0,speaker_frame,4,16,X,0.35572757312493347
ewt_b01_s0,ewt_b01,0,speaker_frame,4,17,X,0.46957472836056935
ewt_b01_s0,ewt_b01,0,speaker_frame,4,18,X,0.44743121537779895
ewt_b01_s0,ewt_b01,0,speaker_frame,4,19,X,0.3018792802106643
ewt_b01_s0,ewt_b01,0,speaker_frame,4,20,X,1.0
ewt_b01_s0,ewt_b01,0,speaker_frame,4,21,X,0.4949276728547112
ewt_b01_s0,ewt_b01,0,speaker_frame,4,22,X,0.5244939034607047
ewt_b01_s0,ewt_b01,0,speaker_frame,4,23,X,0.3479452158514055
ewt_b01_s0,ewt_b01,0,speaker_frame,4,24,X,0.6922870063822272
ewt_b01_s0,ewt_b01,0,speaker_frame,4,25,X,0.522965771170604
ewt_b01_s0,ewt_b01,0,speaker_frame,4,26,X,0.29425727945904123
ewt_b01_s0,ewt_b01,0,speaker_frame,4,27,X,0.3827780924295027
ewt_b01_s0,ewt_b01,0,speaker_frame,4,28,X,0.2403871152269323
ewt_b01_s0,ewt_b01,0,speaker_frame,4,29,X,0.4115105561318497
ewt_b01_s0,ewt_b01,0,speaker_frame,4,30,X,0.3412869064764264
ewt_b01_s0,ewt_b01,0,speaker_frame,4,31,X,0.3479064513027549
ewt_b01_s0,ewt_b01,0,speaker_frame,4,32,X,0.48673242386821053
ewt_b01_s0,ewt_b01,0,speaker_frame,4,33,X,0.3061332962759344
ewt_b01_s0,ewt_b01,0,speaker_frame,4,34,X,0.4790954541847647
ewt_b01_s0,ewt_b01,0,speaker_frame,4,35,X,0.2703955604468896
ewt_b01_s0,ewt_b01,0,speaker_frame,4,36,X,0.3235582343149524
ewt_b01_s0,ewt_b01,0,speaker_frame,4,37,X,0.2775181280861907
ewt_b01_s0,ewt_b01,0,speaker_frame,4,38,X,0.32468017563165585
ewt_b01_s0,ewt_b01,0,speaker_frame,4,39,X,0.2889527340281789
ewt_b01_s0,ewt_b01,0,speaker_frame,4,40,X,0.3643763089104561
ewt_b01_s0,ewt_b01,0,speaker_frame,4,41,X,0.2634400423373328
ewt_b01_s0,ewt_b01,0,speaker_frame,4,42,X,0.9099170078597774
ewt_b01_s0,ewt_b01,0,speaker_frame,4,43,X,0.16907212717410672
ewt_b01_s0,ewt_b01,0,speaker_frame,4,44,X,0.25053600467728904
ewt_b01_s0,ewt_b01,0,speaker_frame,4,45,X,0.6680908476175187
ewt_b01_s0,ewt_b01,0,speaker_frame,4,46,X,0.269684286157939
ewt_b01_s0,ewt_b01,0,speaker_frame,4,47,X,0.4469751346600805
ewt_b01_s0,ewt_b01,0,speaker_frame,4,48,OC1,0.037300089947992034
ewt_b01_s0,ewt_b01,0,speaker_frame,4,49,OC1,0.06588100769471612
ewt_b01_s0,ewt_b01,0,speaker_frame,4,50,OC1,0.0445153434323518
ewt_b01_s0,ewt_b01,0,speaker_frame,4,51,OC1,0.03478204257733864
ewt_b01_s0,ewt_b01,0,speaker_frame,4,52,OC1,0.026688528737476666
ewt_b01_s0,ewt_b01,0,speaker_frame,4,53,OC1,0.05361371524378622
ewt_b01_s0,ewt_b01,0,speaker_frame,4,54,OC1,0.04394147706159276
ewt_b01_s0,ewt_b01,0,speaker_frame,4,55,OC1,0.0737287310920821
ewt_b01_s0,ewt_b01,0,speaker_frame,4,56,OC1,0.0688424871155192
ewt_b01_s0,ewt_b01,0,speaker_frame,4,57,OC1,0.14249844919339588
ewt_b01_s0,ewt_b01,0,speaker_frame,4,58,OC1,0.06557739201199614
ewt_b01_s0,ewt_b01,0,speaker_frame,4,59,OC1,0.0939918758072638
ewt_b01_s0,ewt_b01,0,speaker_frame,4,60,OC1,0.03261311382863404
ewt_b01_s0,ewt_b01,0,speaker_frame,4,61,OC1,0.07328486849841892
ewt_b01_s0,ewt_b01,0,speaker_frame,4,62,OC1,0.04132608901640545
ewt_b01_s0,ewt_b01,0,speaker_frame,4,63,OC1,0.04824744253466041
ewt_b01_s0,ewt_b01,0,speaker_frame,4,64,OC1,0.08760980686422024
ewt_b01_s0,ewt_b01,0,speaker_frame,4,65,OC1,0.06657378658500232
ewt_b01_s0,ewt_b01,0,speaker_frame,4,66,OC1,0.059588760392376344
ewt_b01_s0,ewt_b01,0,speaker_frame,4,67,OC1,0.09424757518344246
ewt_b01_s0,ewt_b01,0,speaker_frame,4,68,OC1,0.04284883263332613
ewt_b01_s0,ewt_b01,0,speaker_frame,4,69,OC1,0.08462913486713322
ewt_b01_s0,ewt_b01,0,speaker_frame,4,70,OC1,0.03857779105939167
ewt_b01_s0,ewt_b01,0,speaker_frame,4,71,OC1,0.05553591732792947
ewt_b01_s0,ewt_b01,0,speaker_frame,4,72,OC1,0.09584761697984777
ewt_b01_s0,ewt_b01,0,speaker_frame,4,73,OC1,0.04221431301832672
ewt_b01_s0,ewt_b01,0,speaker_frame,4,74,OC1,0.08777734982031166
ewt_b01_s0,ewt_b01,0,speaker_frame,4,75,OC1,0.1276917901068926
ewt_b01_s0,ewt_b01,0,speaker_frame,4,76,OC1,0.11245600858058312
ewt_b01_s0,ewt_b01,0,speaker_frame,4,77,OC1,0.08689596606117846
ewt_b01_s0,ewt_b01,0,speaker_frame,4,78,OC1,0.09924941253683024
ewt_b01_s0,ewt_b01,0,speaker_frame,4,79,OC1,0.0573010523804069
ewt_b01_s0,ewt_b01,0,speaker_frame,4,80,OC1,0.041268216476482475
ewt_b01_s0,ewt_b01,0,speaker_frame,4,81,OC1,0.10681249010968152
ewt_b01_s0,ewt_b01,0,speaker_frame,4,82,OC1,0.051617141210057574
ewt_b01_s0,ewt_b01,0,speaker_frame,4,83,OC1,0.09964907144259043
ewt_b01_s0,ewt_b01,0,speaker_frame,4,84,OC1,0.049949463377979654
ewt_b01_s0,ewt_b01,0,speaker_frame,4,85,OC1,0.039019416973960185
ewt_b01_s0,ewt_b01,0,speaker_frame,4,86,OC1,0.1566359357299203
ewt_b01_s0,ewt_b01,0,speaker_frame,4,87,OC1,0.04705979529721026
ewt_b01_s0,ewt_b01,0,speaker_frame,4,88,OC1,0.02332916553131485
ewt_b01_s0,ewt_b01,0,speaker_frame,4,89,OC1,0.07360673189527012
ewt_b01_s0,ewt_b01,0,speaker_frame,4,90,OC1,0.055648041469629865
ewt_b01_s0,ewt_b01,0,speaker_frame,4,91,OC1,0.04513854707001363
ewt_b01_s0,ewt_b01,0,speaker_frame,4,92,OC1,0.026181687449220784
ewt_b01_s0,ewt_b01,0,speaker_frame,4,93,OC1,0.0504204878438728
ewt_b01_s0,ewt_b01,0,speaker_frame,4,94,OC1,0.08437399249218414
ewt_b01_s0,ewt_b01,0,speaker_frame,4,95,OC1,0.1408755506379414
ewt_b01_s0,ewt_b01,0,speaker_frame,4,96,OC2,0.08581654310869874
ewt_b01_s0,ewt_b01,0,speaker_frame,4,97,OC2,0.16799744090499266
ewt_b01_s0,ewt_b01,0,speaker_frame,4,98,OC2,0.14331241534979572
ewt_b01_s0,ewt_b01,0,speaker_frame,4,99,OC2,0.2848613810886024
ewt_b01_s0,ewt_b01,0,speaker_frame,4,100,OC2,0.15097967384878772
ewt_b01_s0,ewt_b01,0,speaker_frame,4,101,OC2,0.1995116022307948
ewt_b01_s0,ewt_b01,0,speaker_frame,4,102,OC2,0.14267555439003304
ewt_b01_s0,ewt_b01,0,speaker_frame,4,103,OC2,0.11520201541989147
ewt_b01_s0,ewt_b01,0,speaker_frame,4,104,OC2,0.09662562084219341
ewt_b01_s0,ewt_b01,0,speaker_frame,4,105,OC2,0.04401693022146087
ewt_b01_s0,ewt_b01,0,speaker_frame,4,106,OC2,0.0946541765804888
ewt_b01_s0,ewt_b01,0,speaker_frame,4,107,OC2,0.1460057200519364
ewt_b01_s0,ewt_b01,0,speaker_frame,4,108,OC2,0.1923859803355198
ewt_b01_s0,ewt_b01,0,speaker_frame,4,109,OC2,0.1723307665316174
ewt_b01_s0,ewt_b01,0,speaker_frame,4,110,OC2,0.13483832524188336
ewt_b01_s0,ewt_b01,0,speaker_frame,4,111,OC2,0.2400296209903573
ewt_b01_s0,ewt_b01,0,speaker_frame,4,112,OC2,0.07583468884892205
ewt_b01_s0,ewt_b01,0,speaker_frame,4,113,OC2,0.23192303371583198
ewt_b01_s0,ewt_b01,0,speaker_frame,4,114,OC2,0.1263119006340958
ewt_b01_s0,ewt_b01,0,speaker_frame,4,115,OC2,0.07024196993449192
ewt_b01_s0,ewt_b01,0,speaker_frame,4,116,OC2,0.08188865240228528
ewt_b01_s0,ewt_b01,0,speaker_frame,4,117,OC2,0.07887559629881465
ewt_b01_s0,ewt_b01,0,speaker_frame,4,118,OC2,0.15073832839344034
ewt_b01_s0,ewt_b01,0,speaker_frame,4,119,OC2,0.051967669789874354
ewt_b01_s0,ewt_b01,0,speaker_frame,4,120,OC2,0.1373699082014148
ewt_b01_s0,ewt_b01,0,speaker_frame,4,121,OC2,0.21166493553470592
ewt_b01_s0,ewt_b01,0,speaker_frame,4,122,OC2,0.17893337199109646
ewt_b01_s0,ewt_b01,0,speaker_frame,4,123,OC2,0.12798247435631388
ewt_b01_s0,ewt_b01,0,speaker_frame,4,124,OC2,0.1599891479088764
ewt_b01_s0,ewt_b01,0,speaker_frame,4,125,OC2,0.12880013369048607
ewt_b01_s0,ewt_b01,0,speaker_frame,4,126,OC2,0.24319581241372987
ewt_b01_s0,ewt_b01,0,speaker_frame,4,127,OC2,0.152508790001833
ewt_b01_s0,ewt_b01,0,speaker_frame,4,128,OC2,0.18770054080202198
ewt_b01_s0,ewt_b01,0,speaker_frame,4,129,OC2,0.07256433657531625
ewt_b01_s0,ewt_b01,0,speaker_frame,4,130,OC2,0.13015513793906375
ewt_b01_s0,ewt_b01,0,speaker_frame,4,131,OC2,0.25133202517318215
ewt_b01_s0,ewt_b01,0,speaker_frame,4,132,OC2,0.08130759693789957
ewt_b01_s0,ewt_b01,0,speaker_frame,4,133,OC2,0.09726859286022539
ewt_b01_s0,ewt_b01,0,speaker_frame,4,134,OC2,0.10571790127652086
ewt_b01_s0,ewt_b01,0,speaker_frame,4,135,OC2,0.1394516114080187
ewt_b01_s0,ewt_b01,0,speaker_frame,4,136,OC2,0.16385911918205107
ewt_b01_s0,ewt_b01,0,speaker_frame,4,137,OC2,0.1965688656353495
ewt_b01_s0,ewt_b01,0,speaker_frame,4,138,OC2,0.16030489734186176
ewt_b01_s0,ewt_b01,0,speaker_frame,4,139,OC2,0.0788760943831714
ewt_b01_s0,ewt_b01,0,speaker_frame,4,140,OC2,0.0747386119307917
ewt_b01_s0,ewt_b01,0,speaker_frame,4,141,OC2,0.2039758402798952
ewt_b01_s0,ewt_b01,0,speaker_frame,4,142,OC2,0.05932367005320304
ewt_b01_s0,ewt_b01,0,speaker_frame,4,143,OC2,0.2404520505736709
ewt_b01_s0,ewt_b01,0,speaker_frame,4,144,OC3,0.09636118173839633
ewt_b01_s0,ewt_b01,0,speaker_frame,4,145,OC3,0.22797958974812
ewt_b01_s0,ewt_b01,0,speaker_frame,4,146,OC3,0.23841959771080268
ewt_b01_s0,ewt_b01,0,speaker_frame,4,147,OC3,0.2031023571734701
ewt_b01_s0,ewt_b01,0,speaker_frame,4,148,OC3,0.23912255418899686
ewt_b01_s0,ewt_b01,0,speaker_frame,4,149,OC3,0.6374704670322984
ewt_b01_s0,ewt_b01,0,speaker_frame,4,150,OC3,0.09842579944851969
ewt_b01_s0,ewt_b01,0,speaker_frame,4,151,OC3,0.1828268670375769
ewt_b01_s0,ewt_b01,0,speaker_frame,4,152,OC3,0.10802034999081968
ewt_b01_s0,ewt_b01,0,speaker_frame,4,153,OC3,0.14541868488206397
ewt_b01_s0,ewt_b01,0,speaker_frame,4,154,OC3,0.21088314906733774
ewt_b01_s0,ewt_b01,0,speaker_frame,4,155,OC3,0.9092154671842732
ewt_b01_s0,ewt_b01,0,speaker_frame,4,156,OC3,0.18999527147755116
ewt_b01_s0,ewt_b01,0,speaker_frame,4,157,OC3,0.07817542213471121
ewt_b01_s0,ewt_b01,0,speaker_frame,4,158,OC3,0.19394520620360683
ewt_b01_s0,ewt_b01,0,speaker_frame,4,159,OC3,0.2003223007748086
ewt_b01_s0,ewt_b01,0,speaker_frame,4,160,OC3,0.10634286274100116
ewt_b01_s0,ewt_b01,0,speaker_frame,4,161,OC3,0.319187235300843
ewt_b01_s0,ewt_b01,0,speaker_frame,4,162,OC3,0.28216723795218024
ewt_b01_s0,ewt_b01,0,speaker_frame,4,163,OC3,0.21460587541297013
ewt_b01_s0,ewt_b01,0,speaker_frame,4,164,OC3,0.36758338853990297
ewt_b01_s0,ewt_b01,0,speaker_frame,4,165,OC3,0.5580644270687026
ewt_b01_s0,ewt_b01,0,speaker_frame,4,166,OC3,0.24446815871990635
ewt_b01_s0,ewt_b01,0,speaker_frame,4,167,OC3,0.19957926087659747
ewt_b01_s0,ewt_b01,0,speaker_frame,4,168,OC3,0.23923153964319088
ewt_b01_s0,ewt_b01,0,speaker_frame,4,169,OC3,0.22122426928404373
ewt_b01_s0,ewt_b01,0,speaker_frame,4,170,OC3,0.06843088288135904
ewt_b01_s0,ewt_b01,0,speaker_frame,4,171,OC3,0.4013556891918189
ewt_b01_s0,ewt_b01,0,speaker_frame,4,172,OC3,0.13706225596714153
ewt_b01_s0,ewt_b01,0,speaker_frame,4,173,OC3,0.18987724908099116
ewt_b01_s0,ewt_b01,0,speaker_frame,4,174,OC3,0.1685161567556587
ewt_b01_s0,ewt_b01,0,speaker_frame,4,175,OC3,0.17285031003329895
ewt_b01_s0,ewt_b01,0,speaker_frame,4,176,OC3,0.2694221479185706
ewt_b01_s0,ewt_b01,0,speaker_frame,4,177,OC3,0.10363566305647522
ewt_b01_s0,ewt_b01,0,speaker_frame,4,178,OC3,0.20788364956419542
ewt_b01_s0,ewt_b01,0,speaker_frame,4,179,OC3,0.0996688610221146
ewt_b01_s0,ewt_b01,0,speaker_frame,4,180,OC3,0.23971671468231945
ewt_b01_s0,ewt_b01,0,speaker_frame,4,181,OC3,0.11023013743627023
ewt_b01_s0,ewt_b01,0,speaker_frame,4,182,OC3,0.45479022332317726
ewt_b01_s0,ewt_b01,0,speaker_frame,4,183,OC3,0.35942869542400163
ewt_b01_s0,ewt_b01,0,speaker_frame,4,184,OC3,0.24231299221645458
ewt_b01_s0,ewt_b01,0,speaker_frame,4,185,OC3,0.2390799648614596
ewt_b01_s0,ewt_b01,0,speaker_frame,4,186,OC3,0.35476630019956285
ewt_b01_s0,ewt_b01,0,speaker_frame,4,187,OC3,0.21159528029254338
ewt_b01_s0,ewt_b01,0,speaker_frame,4,188,OC3,0.1671031032052106
ewt_b01_s0,ewt_b01,0,speaker_frame,4,189,OC3,0.25603229379363135
ewt_b01_s0,ewt_b01,0,speaker_frame,4,190,OC3,0.188853681372497
ewt_b01_s0,ewt_b01,0,speaker_frame,4,191,OC3,0.35329395789875495
