dataset,model,beta,transfer_from,NoC,run_id,checkpoint,branch,split,measure,value
sim_vowels,FD,0.0,,3,FD_b0,training_ckp_epoch_111_min_val_loss,z,validation,n_utt,500.0
sim_vowels,FD,0.0,,3,FD_b0,training_ckp_epoch_111_min_val_loss,z,validation,n_frames,99500.0
sim_vowels,FD,0.0,,3,FD_b0,training_ckp_epoch_111_min_val_loss,z,validation,d_frame_div_0_1,0.0038110750492201255
sim_vowels,FD,0.0,,3,FD_b0,training_ckp_epoch_111_min_val_loss,z,validation,d_frame_div_0_2,0.0038292945801772773
sim_vowels,FD,0.0,,3,FD_b0,training_ckp_epoch_111_min_val_loss,z,validation,d_frame_div_0_3,0.0038356856889656026
sim_vowels,FD,0.0,,3,FD_b0,training_ckp_epoch_111_min_val_loss,z,validation,d_frame_div_2_1,0.009563363016622573
sim_vowels,FD,0.0,,3,FD_b0,training_ckp_epoch_111_min_val_loss,z,validation,d_frame_div_3_1,0.009600922423477385
sim_vowels,FD,0.0,,3,FD_b0,training_ckp_epoch_111_min_val_loss,z,validation,d_frame_div_3_2,0.009646273236592324
sim_vowels,FD,0.0,,3,FD_b0,training_ckp_epoch_111_min_val_loss,z,validation,d_recon,0.0038253517727876688
sim_vowels,FD,0.0,,3,FD_b0,training_ckp_epoch_111_min_val_loss,z,validation,d_ortho,0.009603519558897426
sim_vowels,FD,0.0,,3,FD_b0,training_ckp_epoch_111_min_val_loss,z,validation,d_recon_norm,0.005518816032256574
sim_vowels,FD,0.0,,3,FD_b0,training_ckp_epoch_111_min_val_loss,z,validation,d_ortho_norm,0.013854950042701483
sim_vowels,FD,0.0,,3,FD_b0,training_ckp_epoch_111_min_val_loss,z,validation,d_recon_utt,0.761245002784746
sim_vowels,FD,0.0,,3,FD_b0,training_ckp_epoch_111_min_val_loss,z,validation,d_ortho_utt,1.0
sim_vowels,FD,0.0,,3,FD_b0,training_ckp_epoch_111_min_val_loss,z,validation,clamp_frac_recon,0.0
sim_vowels,FD,0.0,,3,FD_b0,training_ckp_epoch_111_min_val_loss,z,validation,clamp_frac_ortho,1.0
sim_vowels,FD,0.0,,3,FD_b0,training_ckp_epoch_111_min_val_loss,z,validation,model_div_pos,0.7612907160073519
sim_vowels,FD,0.0,,3,FD_b0,training_ckp_epoch_111_min_val_loss,z,validation,model_div_neg,1.0
sim_vowels,FD,0.0,,3,FD_b0,training_ckp_epoch_111_min_val_loss,z,validation,model_ce_pos,4.467779569327831
sim_vowels,FD,0.0,,3,FD_b0,training_ckp_epoch_111_min_val_loss,z,validation,model_ce_neg,0.0
sim_vowels,FD,0.0,,3,FD_b0,training_ckp_epoch_111_min_val_loss,z,validation,model_decomposition_loss,1.4891109056770802
sim_vowels,FD,0.0,,3,FD_b0,training_ckp_epoch_111_min_val_loss,z,validation,model_prior_loss,0.0
sim_vowels,FD,0.0,,3,FD_b0,training_ckp_epoch_111_min_val_loss,z,validation,model_div_0_1,0.7586739026010036
sim_vowels,FD,0.0,,3,FD_b0,training_ckp_epoch_111_min_val_loss,z,validation,model_div_0_2,0.762243339791894
sim_vowels,FD,0.0,,3,FD_b0,training_ckp_epoch_111_min_val_loss,z,validation,model_div_0_3,0.7629548404365778
sim_vowels,FD,0.0,,3,FD_b0,training_ckp_epoch_111_min_val_loss,z,validation,model_div_2_1,1.0
sim_vowels,FD,0.0,,3,FD_b0,training_ckp_epoch_111_min_val_loss,z,validation,model_div_3_1,1.0
sim_vowels,FD,0.0,,3,FD_b0,training_ckp_epoch_111_min_val_loss,z,validation,model_div_3_2,1.0
sim_vowels,FD,0.0,,3,FD_b0,training_ckp_epoch_111_min_val_loss,z,validation,rate_per_frame,
sim_vowels,FD,0.0,,3,FD_b0,training_ckp_epoch_111_min_val_loss,z,validation,check_max_abs_diff,8.131161138180687e-06
sim_vowels,FD,0.0,,3,FD_b0,training_ckp_epoch_111_min_val_loss,s,validation,n_utt,500.0
sim_vowels,FD,0.0,,3,FD_b0,training_ckp_epoch_111_min_val_loss,s,validation,n_frames,500.0
sim_vowels,FD,0.0,,3,FD_b0,training_ckp_epoch_111_min_val_loss,s,validation,d_frame_div_0_1,0.2438959855817066
sim_vowels,FD,0.0,,3,FD_b0,training_ckp_epoch_111_min_val_loss,s,validation,d_frame_div_0_2,0.28404530292248076
sim_vowels,FD,0.0,,3,FD_b0,training_ckp_epoch_111_min_val_loss,s,validation,d_frame_div_0_3,0.30960779994356646
sim_vowels,FD,0.0,,3,FD_b0,training_ckp_epoch_111_min_val_loss,s,validation,d_frame_div_2_1,0.575413690760921
sim_vowels,FD,0.0,,3,FD_b0,training_ckp_epoch_111_min_val_loss,s,validation,d_frame_div_3_1,0.5564525591381192
sim_vowels,FD,0.0,,3,FD_b0,training_ckp_epoch_111_min_val_loss,s,validation,d_frame_div_3_2,0.1912693672653631
sim_vowels,FD,0.0,,3,FD_b0,training_ckp_epoch_111_min_val_loss,s,validation,d_recon,0.2791830294825846
sim_vowels,FD,0.0,,3,FD_b0,training_ckp_epoch_111_min_val_loss,s,validation,d_ortho,0.44104520572146777
sim_vowels,FD,0.0,,3,FD_b0,training_ckp_epoch_111_min_val_loss,s,validation,d_recon_norm,0.4027759721348821
sim_vowels,FD,0.0,,3,FD_b0,training_ckp_epoch_111_min_val_loss,s,validation,d_ortho_norm,0.6362937311022142
sim_vowels,FD,0.0,,3,FD_b0,training_ckp_epoch_111_min_val_loss,s,validation,d_recon_utt,0.2791830294825846
sim_vowels,FD,0.0,,3,FD_b0,training_ckp_epoch_111_min_val_loss,s,validation,d_ortho_utt,0.44104520572146777
sim_vowels,FD,0.0,,3,FD_b0,training_ckp_epoch_111_min_val_loss,s,validation,clamp_frac_recon,0.0
sim_vowels,FD,0.0,,3,FD_b0,training_ckp_epoch_111_min_val_loss,s,validation,clamp_frac_ortho,0.0
sim_vowels,FD,0.0,,3,FD_b0,training_ckp_epoch_111_min_val_loss,s,validation,model_div_pos,0.2799674617126584
sim_vowels,FD,0.0,,3,FD_b0,training_ckp_epoch_111_min_val_loss,s,validation,model_div_neg,0.44050025939941406
sim_vowels,FD,0.0,,3,FD_b0,training_ckp_epoch_111_min_val_loss,s,validation,model_ce_pos,1.0331247709691525
sim_vowels,FD,0.0,,3,FD_b0,training_ckp_epoch_111_min_val_loss,s,validation,model_ce_neg,7.025077685713768
sim_vowels,FD,0.0,,3,FD_b0,training_ckp_epoch_111_min_val_loss,s,validation,model_decomposition_loss,2.6857988610863686
sim_vowels,FD,0.0,,3,FD_b0,training_ckp_epoch_111_min_val_loss,s,validation,model_prior_loss,0.0
sim_vowels,FD,0.0,,3,FD_b0,training_ckp_epoch_111_min_val_loss,s,validation,model_div_0_1,0.24531413055956364
sim_vowels,FD,0.0,,3,FD_b0,training_ckp_epoch_111_min_val_loss,s,validation,model_div_0_2,0.28518936038017273
sim_vowels,FD,0.0,,3,FD_b0,training_ckp_epoch_111_min_val_loss,s,validation,model_div_0_3,0.30939886532723904
sim_vowels,FD,0.0,,3,FD_b0,training_ckp_epoch_111_min_val_loss,s,validation,model_div_2_1,0.5768680851906538
sim_vowels,FD,0.0,,3,FD_b0,training_ckp_epoch_111_min_val_loss,s,validation,model_div_3_1,0.5576356984674931
sim_vowels,FD,0.0,,3,FD_b0,training_ckp_epoch_111_min_val_loss,s,validation,model_div_3_2,0.18699694919632748
sim_vowels,FD,0.0,,3,FD_b0,training_ckp_epoch_111_min_val_loss,s,validation,rate_per_frame,
sim_vowels,FD,0.0,,3,FD_b0,training_ckp_epoch_111_min_val_loss,s,validation,check_max_abs_diff,7.211353636460416e-08
sim_vowels,FD,0.0,,3,FD_b0,training_ckp_epoch_111_min_val_loss,z,test,n_utt,300.0
sim_vowels,FD,0.0,,3,FD_b0,training_ckp_epoch_111_min_val_loss,z,test,n_frames,59700.0
sim_vowels,FD,0.0,,3,FD_b0,training_ckp_epoch_111_min_val_loss,z,test,d_frame_div_0_1,0.003749258868507746
sim_vowels,FD,0.0,,3,FD_b0,training_ckp_epoch_111_min_val_loss,z,test,d_frame_div_0_2,0.003753101036254862
sim_vowels,FD,0.0,,3,FD_b0,training_ckp_epoch_111_min_val_loss,z,test,d_frame_div_0_3,0.0037988450871359624
sim_vowels,FD,0.0,,3,FD_b0,training_ckp_epoch_111_min_val_loss,z,test,d_frame_div_2_1,0.009270977188408311
sim_vowels,FD,0.0,,3,FD_b0,training_ckp_epoch_111_min_val_loss,z,test,d_frame_div_3_1,0.009283065563055857
sim_vowels,FD,0.0,,3,FD_b0,training_ckp_epoch_111_min_val_loss,z,test,d_frame_div_3_2,0.009364301360294763
sim_vowels,FD,0.0,,3,FD_b0,training_ckp_epoch_111_min_val_loss,z,test,d_recon,0.0037670683306328563
sim_vowels,FD,0.0,,3,FD_b0,training_ckp_epoch_111_min_val_loss,z,test,d_ortho,0.009306114703919644
sim_vowels,FD,0.0,,3,FD_b0,training_ckp_epoch_111_min_val_loss,z,test,d_recon_norm,0.005434730799293888
sim_vowels,FD,0.0,,3,FD_b0,training_ckp_epoch_111_min_val_loss,z,test,d_ortho_norm,0.013425885533288735
sim_vowels,FD,0.0,,3,FD_b0,training_ckp_epoch_111_min_val_loss,z,test,d_recon_utt,0.7496465977959385
sim_vowels,FD,0.0,,3,FD_b0,training_ckp_epoch_111_min_val_loss,z,test,d_ortho_utt,1.0
sim_vowels,FD,0.0,,3,FD_b0,training_ckp_epoch_111_min_val_loss,z,test,clamp_frac_recon,0.0
sim_vowels,FD,0.0,,3,FD_b0,training_ckp_epoch_111_min_val_loss,z,test,clamp_frac_ortho,1.0
sim_vowels,FD,0.0,,3,FD_b0,training_ckp_epoch_111_min_val_loss,z,test,model_div_pos,0.749934943098771
sim_vowels,FD,0.0,,3,FD_b0,training_ckp_epoch_111_min_val_loss,z,test,model_div_neg,1.0
sim_vowels,FD,0.0,,3,FD_b0,training_ckp_epoch_111_min_val_loss,z,test,model_ce_pos,4.366367465571353
sim_vowels,FD,0.0,,3,FD_b0,training_ckp_epoch_111_min_val_loss,z,test,model_ce_neg,0.0
sim_vowels,FD,0.0,,3,FD_b0,training_ckp_epoch_111_min_val_loss,z,test,model_decomposition_loss,1.455310256857621
sim_vowels,FD,0.0,,3,FD_b0,training_ckp_epoch_111_min_val_loss,z,test,model_prior_loss,0.0
sim_vowels,FD,0.0,,3,FD_b0,training_ckp_epoch_111_min_val_loss,z,test,model_div_0_1,0.7467229836865475
sim_vowels,FD,0.0,,3,FD_b0,training_ckp_epoch_111_min_val_loss,z,test,model_div_0_2,0.7470221739066275
sim_vowels,FD,0.0,,3,FD_b0,training_ckp_epoch_111_min_val_loss,z,test,model_div_0_3,0.7560596215097528
sim_vowels,FD,0.0,,3,FD_b0,training_ckp_epoch_111_min_val_loss,z,test,model_div_2_1,1.0
sim_vowels,FD,0.0,,3,FD_b0,training_ckp_epoch_111_min_val_loss,z,test,model_div_3_1,1.0
sim_vowels,FD,0.0,,3,FD_b0,training_ckp_epoch_111_min_val_loss,z,test,model_div_3_2,1.0
sim_vowels,FD,0.0,,3,FD_b0,training_ckp_epoch_111_min_val_loss,z,test,rate_per_frame,
sim_vowels,FD,0.0,,3,FD_b0,training_ckp_epoch_111_min_val_loss,z,test,check_max_abs_diff,8.125250342327917e-06
sim_vowels,FD,0.0,,3,FD_b0,training_ckp_epoch_111_min_val_loss,s,test,n_utt,300.0
sim_vowels,FD,0.0,,3,FD_b0,training_ckp_epoch_111_min_val_loss,s,test,n_frames,300.0
sim_vowels,FD,0.0,,3,FD_b0,training_ckp_epoch_111_min_val_loss,s,test,d_frame_div_0_1,0.22908774135626733
sim_vowels,FD,0.0,,3,FD_b0,training_ckp_epoch_111_min_val_loss,s,test,d_frame_div_0_2,0.30230834430931514
sim_vowels,FD,0.0,,3,FD_b0,training_ckp_epoch_111_min_val_loss,s,test,d_frame_div_0_3,0.3230044414764874
sim_vowels,FD,0.0,,3,FD_b0,training_ckp_epoch_111_min_val_loss,s,test,d_frame_div_2_1,0.5839827791632048
sim_vowels,FD,0.0,,3,FD_b0,training_ckp_epoch_111_min_val_loss,s,test,d_frame_div_3_1,0.5515354139995272
sim_vowels,FD,0.0,,3,FD_b0,training_ckp_epoch_111_min_val_loss,s,test,d_frame_div_3_2,0.22335524151747346
sim_vowels,FD,0.0,,3,FD_b0,training_ckp_epoch_111_min_val_loss,s,test,d_recon,0.2848001757140233
sim_vowels,FD,0.0,,3,FD_b0,training_ckp_epoch_111_min_val_loss,s,test,d_ortho,0.45295781156006854
sim_vowels,FD,0.0,,3,FD_b0,training_ckp_epoch_111_min_val_loss,s,test,d_recon_norm,0.4108798011469268
sim_vowels,FD,0.0,,3,FD_b0,training_ckp_epoch_111_min_val_loss,s,test,d_ortho_norm,0.6534799884696285
sim_vowels,FD,0.0,,3,FD_b0,training_ckp_epoch_111_min_val_loss,s,test,d_recon_utt,0.2848001757140233
sim_vowels,FD,0.0,,3,FD_b0,training_ckp_epoch_111_min_val_loss,s,test,d_ortho_utt,0.45295781156006854
sim_vowels,FD,0.0,,3,FD_b0,training_ckp_epoch_111_min_val_loss,s,test,clamp_frac_recon,0.0
sim_vowels,FD,0.0,,3,FD_b0,training_ckp_epoch_111_min_val_loss,s,test,clamp_frac_ortho,0.0
sim_vowels,FD,0.0,,3,FD_b0,training_ckp_epoch_111_min_val_loss,s,test,model_div_pos,0.2846244259884483
sim_vowels,FD,0.0,,3,FD_b0,training_ckp_epoch_111_min_val_loss,s,test,model_div_neg,0.45256152435352925
sim_vowels,FD,0.0,,3,FD_b0,training_ckp_epoch_111_min_val_loss,s,test,model_ce_pos,1.0515966540888737
sim_vowels,FD,0.0,,3,FD_b0,training_ckp_epoch_111_min_val_loss,s,test,model_ce_neg,6.837368387924998
sim_vowels,FD,0.0,,3,FD_b0,training_ckp_epoch_111_min_val_loss,s,test,model_decomposition_loss,2.6293920027582267
sim_vowels,FD,0.0,,3,FD_b0,training_ckp_epoch_111_min_val_loss,s,test,model_prior_loss,0.0
sim_vowels,FD,0.0,,3,FD_b0,training_ckp_epoch_111_min_val_loss,s,test,model_div_0_1,0.22872885120542427
sim_vowels,FD,0.0,,3,FD_b0,training_ckp_epoch_111_min_val_loss,s,test,model_div_0_2,0.3020209434785341
sim_vowels,FD,0.0,,3,FD_b0,training_ckp_epoch_111_min_val_loss,s,test,model_div_0_3,0.32312346289032384
sim_vowels,FD,0.0,,3,FD_b0,training_ckp_epoch_111_min_val_loss,s,test,model_div_2_1,0.5834642554584303
sim_vowels,FD,0.0,,3,FD_b0,training_ckp_epoch_111_min_val_loss,s,test,model_div_3_1,0.551082946752247
sim_vowels,FD,0.0,,3,FD_b0,training_ckp_epoch_111_min_val_loss,s,test,model_div_3_2,0.22313734587576045
sim_vowels,FD,0.0,,3,FD_b0,training_ckp_epoch_111_min_val_loss,s,test,rate_per_frame,
sim_vowels,FD,0.0,,3,FD_b0,training_ckp_epoch_111_min_val_loss,s,test,check_max_abs_diff,9.174406612189046e-08
sim_vowels,FD,0.1,,3,FD_b0.1,training_ckp_epoch_109,z,validation,n_utt,500.0
sim_vowels,FD,0.1,,3,FD_b0.1,training_ckp_epoch_109,z,validation,n_frames,99500.0
sim_vowels,FD,0.1,,3,FD_b0.1,training_ckp_epoch_109,z,validation,d_frame_div_0_1,0.0036850744952370063
sim_vowels,FD,0.1,,3,FD_b0.1,training_ckp_epoch_109,z,validation,d_frame_div_0_2,0.0037170133996285463
sim_vowels,FD,0.1,,3,FD_b0.1,training_ckp_epoch_109,z,validation,d_frame_div_0_3,0.0037531369556560545
sim_vowels,FD,0.1,,3,FD_b0.1,training_ckp_epoch_109,z,validation,d_frame_div_2_1,0.008938292450510853
sim_vowels,FD,0.1,,3,FD_b0.1,training_ckp_epoch_109,z,validation,d_frame_div_3_1,0.00900347776546658
sim_vowels,FD,0.1,,3,FD_b0.1,training_ckp_epoch_109,z,validation,d_frame_div_3_2,0.009036037978805693
sim_vowels,FD,0.1,,3,FD_b0.1,training_ckp_epoch_109,z,validation,d_recon,0.0037184082835072024
sim_vowels,FD,0.1,,3,FD_b0.1,training_ckp_epoch_109,z,validation,d_ortho,0.008992602731594374
sim_vowels,FD,0.1,,3,FD_b0.1,training_ckp_epoch_109,z,validation,d_recon_norm,0.005364529190616284
sim_vowels,FD,0.1,,3,FD_b0.1,training_ckp_epoch_109,z,validation,d_ortho_norm,0.012973583365555751
sim_vowels,FD,0.1,,3,FD_b0.1,training_ckp_epoch_109,z,validation,d_recon_utt,0.7396920921518937
sim_vowels,FD,0.1,,3,FD_b0.1,training_ckp_epoch_109,z,validation,d_ortho_utt,1.0
sim_vowels,FD,0.1,,3,FD_b0.1,training_ckp_epoch_109,z,validation,clamp_frac_recon,0.007333333333333333
sim_vowels,FD,0.1,,3,FD_b0.1,training_ckp_epoch_109,z,validation,clamp_frac_ortho,1.0
sim_vowels,FD,0.1,,3,FD_b0.1,training_ckp_epoch_109,z,validation,model_div_pos,0.739589286968112
sim_vowels,FD,0.1,,3,FD_b0.1,training_ckp_epoch_109,z,validation,model_div_neg,1.0
sim_vowels,FD,0.1,,3,FD_b0.1,training_ckp_epoch_109,z,validation,model_ce_pos,6.438068024814129
sim_vowels,FD,0.1,,3,FD_b0.1,training_ckp_epoch_109,z,validation,model_ce_neg,0.0
sim_vowels,FD,0.1,,3,FD_b0.1,training_ckp_epoch_109,z,validation,model_decomposition_loss,2.1458080485463142
sim_vowels,FD,0.1,,3,FD_b0.1,training_ckp_epoch_109,z,validation,model_prior_loss,0.027895891340449452
sim_vowels,FD,0.1,,3,FD_b0.1,training_ckp_epoch_109,z,validation,model_div_0_1,0.7325294502079487
sim_vowels,FD,0.1,,3,FD_b0.1,training_ckp_epoch_109,z,validation,model_div_0_2,0.7400890681892633
sim_vowels,FD,0.1,,3,FD_b0.1,training_ckp_epoch_109,z,validation,model_div_0_3,0.7461492475122213
sim_vowels,FD,0.1,,3,FD_b0.1,training_ckp_epoch_109,z,validation,model_div_2_1,1.0
sim_vowels,FD,0.1,,3,FD_b0.1,training_ckp_epoch_109,z,validation,model_div_3_1,1.0
sim_vowels,FD,0.1,,3,FD_b0.1,training_ckp_epoch_109,z,validation,model_div_3_2,1.0
sim_vowels,FD,0.1,,3,FD_b0.1,training_ckp_epoch_109,z,validation,rate_per_frame,8.971542943662136e-06
sim_vowels,FD,0.1,,3,FD_b0.1,training_ckp_epoch_109,z,validation,check_max_abs_diff,8.234599808698562e-06
sim_vowels,FD,0.1,,3,FD_b0.1,training_ckp_epoch_109,s,validation,n_utt,500.0
sim_vowels,FD,0.1,,3,FD_b0.1,training_ckp_epoch_109,s,validation,n_frames,500.0
sim_vowels,FD,0.1,,3,FD_b0.1,training_ckp_epoch_109,s,validation,d_frame_div_0_1,0.323174320269443
sim_vowels,FD,0.1,,3,FD_b0.1,training_ckp_epoch_109,s,validation,d_frame_div_0_2,0.3066309811566559
sim_vowels,FD,0.1,,3,FD_b0.1,training_ckp_epoch_109,s,validation,d_frame_div_0_3,0.3086436763642428
sim_vowels,FD,0.1,,3,FD_b0.1,training_ckp_epoch_109,s,validation,d_frame_div_2_1,0.6845217731864249
sim_vowels,FD,0.1,,3,FD_b0.1,training_ckp_epoch_109,s,validation,d_frame_div_3_1,0.6853969310640534
sim_vowels,FD,0.1,,3,FD_b0.1,training_ckp_epoch_109,s,validation,d_frame_div_3_2,0.11792260540686696
sim_vowels,FD,0.1,,3,FD_b0.1,training_ckp_epoch_109,s,validation,d_recon,0.3128163259301139
sim_vowels,FD,0.1,,3,FD_b0.1,training_ckp_epoch_109,s,validation,d_ortho,0.4959471032191151
sim_vowels,FD,0.1,,3,FD_b0.1,training_ckp_epoch_109,s,validation,d_recon_norm,0.45129856212848096
sim_vowels,FD,0.1,,3,FD_b0.1,training_ckp_epoch_109,s,validation,d_ortho_norm,0.7155004263574642
sim_vowels,FD,0.1,,3,FD_b0.1,training_ckp_epoch_109,s,validation,d_recon_utt,0.3128163259301139
sim_vowels,FD,0.1,,3,FD_b0.1,training_ckp_epoch_109,s,validation,d_ortho_utt,0.4959471032191151
sim_vowels,FD,0.1,,3,FD_b0.1,training_ckp_epoch_109,s,validation,clamp_frac_recon,0.0
sim_vowels,FD,0.1,,3,FD_b0.1,training_ckp_epoch_109,s,validation,clamp_frac_ortho,0.0
sim_vowels,FD,0.1,,3,FD_b0.1,training_ckp_epoch_109,s,validation,model_div_pos,0.3134100865572691
sim_vowels,FD,0.1,,3,FD_b0.1,training_ckp_epoch_109,s,validation,model_div_neg,0.4951365599408746
sim_vowels,FD,0.1,,3,FD_b0.1,training_ckp_epoch_109,s,validation,model_ce_pos,1.1370644457638264
sim_vowels,FD,0.1,,3,FD_b0.1,training_ckp_epoch_109,s,validation,model_ce_neg,9.132031843066216
sim_vowels,FD,0.1,,3,FD_b0.1,training_ckp_epoch_109,s,validation,model_decomposition_loss,3.422689765691757
sim_vowels,FD,0.1,,3,FD_b0.1,training_ckp_epoch_109,s,validation,model_prior_loss,0.04825729876756668
sim_vowels,FD,0.1,,3,FD_b0.1,training_ckp_epoch_109,s,validation,model_div_0_1,0.3235999336466193
sim_vowels,FD,0.1,,3,FD_b0.1,training_ckp_epoch_109,s,validation,model_div_0_2,0.30731354746967554
sim_vowels,FD,0.1,,3,FD_b0.1,training_ckp_epoch_109,s,validation,model_div_0_3,0.3093167571350932
sim_vowels,FD,0.1,,3,FD_b0.1,training_ckp_epoch_109,s,validation,model_div_2_1,0.6846956498920918
sim_vowels,FD,0.1,,3,FD_b0.1,training_ckp_epoch_109,s,validation,model_div_3_1,0.6855522077530622
sim_vowels,FD,0.1,,3,FD_b0.1,training_ckp_epoch_109,s,validation,model_div_3_2,0.11516176245277165
sim_vowels,FD,0.1,,3,FD_b0.1,training_ckp_epoch_109,s,validation,rate_per_frame,7.721167802810669e-05
sim_vowels,FD,0.1,,3,FD_b0.1,training_ckp_epoch_109,s,validation,check_max_abs_diff,8.284126606916686e-08
sim_vowels,FD,0.1,,3,FD_b0.1,training_ckp_epoch_109,z,test,n_utt,300.0
sim_vowels,FD,0.1,,3,FD_b0.1,training_ckp_epoch_109,z,test,n_frames,59700.0
sim_vowels,FD,0.1,,3,FD_b0.1,training_ckp_epoch_109,z,test,d_frame_div_0_1,0.003721572427476741
sim_vowels,FD,0.1,,3,FD_b0.1,training_ckp_epoch_109,z,test,d_frame_div_0_2,0.003728172976915274
sim_vowels,FD,0.1,,3,FD_b0.1,training_ckp_epoch_109,z,test,d_frame_div_0_3,0.003746508074375529
sim_vowels,FD,0.1,,3,FD_b0.1,training_ckp_epoch_109,z,test,d_frame_div_2_1,0.008893530325359264
sim_vowels,FD,0.1,,3,FD_b0.1,training_ckp_epoch_109,z,test,d_frame_div_3_1,0.008856600233813901
sim_vowels,FD,0.1,,3,FD_b0.1,training_ckp_epoch_109,z,test,d_frame_div_3_2,0.008954105216098594
sim_vowels,FD,0.1,,3,FD_b0.1,training_ckp_epoch_109,z,test,d_recon,0.0037320844929225154
sim_vowels,FD,0.1,,3,FD_b0.1,training_ckp_epoch_109,z,test,d_ortho,0.008901411925090587
sim_vowels,FD,0.1,,3,FD_b0.1,training_ckp_epoch_109,z,test,d_recon_norm,0.005384259790117914
sim_vowels,FD,0.1,,3,FD_b0.1,training_ckp_epoch_109,z,test,d_ortho_norm,0.012842022841238072
sim_vowels,FD,0.1,,3,FD_b0.1,training_ckp_epoch_109,z,test,d_recon_utt,0.7425053938418663
sim_vowels,FD,0.1,,3,FD_b0.1,training_ckp_epoch_109,z,test,d_ortho_utt,1.0
sim_vowels,FD,0.1,,3,FD_b0.1,training_ckp_epoch_109,z,test,clamp_frac_recon,0.0044444444444444444
sim_vowels,FD,0.1,,3,FD_b0.1,training_ckp_epoch_109,z,test,clamp_frac_ortho,1.0
sim_vowels,FD,0.1,,3,FD_b0.1,training_ckp_epoch_109,z,test,model_div_pos,0.7423077100201657
sim_vowels,FD,0.1,,3,FD_b0.1,training_ckp_epoch_109,z,test,model_div_neg,1.0
sim_vowels,FD,0.1,,3,FD_b0.1,training_ckp_epoch_109,z,test,model_ce_pos,5.585801475926449
sim_vowels,FD,0.1,,3,FD_b0.1,training_ckp_epoch_109,z,test,model_ce_neg,0.0
sim_vowels,FD,0.1,,3,FD_b0.1,training_ckp_epoch_109,z,test,model_decomposition_loss,1.8617476350382756
sim_vowels,FD,0.1,,3,FD_b0.1,training_ckp_epoch_109,z,test,model_prior_loss,0.027615332681881755
sim_vowels,FD,0.1,,3,FD_b0.1,training_ckp_epoch_109,z,test,model_div_0_1,0.7407860348099157
sim_vowels,FD,0.1,,3,FD_b0.1,training_ckp_epoch_109,z,test,model_div_0_2,0.7413049716698495
sim_vowels,FD,0.1,,3,FD_b0.1,training_ckp_epoch_109,z,test,model_div_0_3,0.744832063976087
sim_vowels,FD,0.1,,3,FD_b0.1,training_ckp_epoch_109,z,test,model_div_2_1,1.0
sim_vowels,FD,0.1,,3,FD_b0.1,training_ckp_epoch_109,z,test,model_div_3_1,1.0
sim_vowels,FD,0.1,,3,FD_b0.1,training_ckp_epoch_109,z,test,model_div_3_2,1.0
sim_vowels,FD,0.1,,3,FD_b0.1,training_ckp_epoch_109,z,test,rate_per_frame,8.788799345992519e-06
sim_vowels,FD,0.1,,3,FD_b0.1,training_ckp_epoch_109,z,test,check_max_abs_diff,8.258137345618088e-06
sim_vowels,FD,0.1,,3,FD_b0.1,training_ckp_epoch_109,s,test,n_utt,300.0
sim_vowels,FD,0.1,,3,FD_b0.1,training_ckp_epoch_109,s,test,n_frames,300.0
sim_vowels,FD,0.1,,3,FD_b0.1,training_ckp_epoch_109,s,test,d_frame_div_0_1,0.31762925351958143
sim_vowels,FD,0.1,,3,FD_b0.1,training_ckp_epoch_109,s,test,d_frame_div_0_2,0.32378805344438055
sim_vowels,FD,0.1,,3,FD_b0.1,training_ckp_epoch_109,s,test,d_frame_div_0_3,0.31471774088292703
sim_vowels,FD,0.1,,3,FD_b0.1,training_ckp_epoch_109,s,test,d_frame_div_2_1,0.6864122254498144
sim_vowels,FD,0.1,,3,FD_b0.1,training_ckp_epoch_109,s,test,d_frame_div_3_1,0.6862707883953503
sim_vowels,FD,0.1,,3,FD_b0.1,training_ckp_epoch_109,s,test,d_frame_div_3_2,0.11191955353665
sim_vowels,FD,0.1,,3,FD_b0.1,training_ckp_epoch_109,s,test,d_recon,0.3187116826156297
sim_vowels,FD,0.1,,3,FD_b0.1,training_ckp_epoch_109,s,test,d_ortho,0.4948675224606049
sim_vowels,FD,0.1,,3,FD_b0.1,training_ckp_epoch_109,s,test,d_recon_norm,0.45980376398294626
sim_vowels,FD,0.1,,3,FD_b0.1,training_ckp_epoch_109,s,test,d_ortho_norm,0.7139429205509225
sim_vowels,FD,0.1,,3,FD_b0.1,training_ckp_epoch_109,s,test,d_recon_utt,0.3187116826156297
sim_vowels,FD,0.1,,3,FD_b0.1,training_ckp_epoch_109,s,test,d_ortho_utt,0.4948675224606049
sim_vowels,FD,0.1,,3,FD_b0.1,training_ckp_epoch_109,s,test,clamp_frac_recon,0.0
sim_vowels,FD,0.1,,3,FD_b0.1,training_ckp_epoch_109,s,test,clamp_frac_ortho,0.0
sim_vowels,FD,0.1,,3,FD_b0.1,training_ckp_epoch_109,s,test,model_div_pos,0.318670591241435
sim_vowels,FD,0.1,,3,FD_b0.1,training_ckp_epoch_109,s,test,model_div_neg,0.4948558038786838
sim_vowels,FD,0.1,,3,FD_b0.1,training_ckp_epoch_109,s,test,model_ce_pos,1.1613269416909469
sim_vowels,FD,0.1,,3,FD_b0.1,training_ckp_epoch_109,s,test,model_ce_neg,8.918632858677915
sim_vowels,FD,0.1,,3,FD_b0.1,training_ckp_epoch_109,s,test,model_decomposition_loss,3.3596505742324028
sim_vowels,FD,0.1,,3,FD_b0.1,training_ckp_epoch_109,s,test,model_prior_loss,0.04817380716926173
sim_vowels,FD,0.1,,3,FD_b0.1,training_ckp_epoch_109,s,test,model_div_0_1,0.31747739565999883
sim_vowels,FD,0.1,,3,FD_b0.1,training_ckp_epoch_109,s,test,model_div_0_2,0.3237861394882202
sim_vowels,FD,0.1,,3,FD_b0.1,training_ckp_epoch_109,s,test,model_div_0_3,0.3147482087737636
sim_vowels,FD,0.1,,3,FD_b0.1,training_ckp_epoch_109,s,test,model_div_2_1,0.6862737222721702
sim_vowels,FD,0.1,,3,FD_b0.1,training_ckp_epoch_109,s,test,model_div_3_1,0.6862945525269759
sim_vowels,FD,0.1,,3,FD_b0.1,training_ckp_epoch_109,s,test,model_div_3_2,0.11199910351780618
sim_vowels,FD,0.1,,3,FD_b0.1,training_ckp_epoch_109,s,test,rate_per_frame,7.627519468466441e-05
sim_vowels,FD,0.1,,3,FD_b0.1,training_ckp_epoch_109,s,test,check_max_abs_diff,7.111451272301395e-08
sim_vowels,FD,1.0,,3,FD_b1,training_ckp_epoch_109,z,validation,n_utt,500.0
sim_vowels,FD,1.0,,3,FD_b1,training_ckp_epoch_109,z,validation,n_frames,99500.0
sim_vowels,FD,1.0,,3,FD_b1,training_ckp_epoch_109,z,validation,d_frame_div_0_1,0.004709311290338706
sim_vowels,FD,1.0,,3,FD_b1,training_ckp_epoch_109,z,validation,d_frame_div_0_2,0.004742024141598695
sim_vowels,FD,1.0,,3,FD_b1,training_ckp_epoch_109,z,validation,d_frame_div_0_3,0.0048296839242615765
sim_vowels,FD,1.0,,3,FD_b1,training_ckp_epoch_109,z,validation,d_frame_div_2_1,0.010063375557303847
sim_vowels,FD,1.0,,3,FD_b1,training_ckp_epoch_109,z,validation,d_frame_div_3_1,0.010113417287113732
sim_vowels,FD,1.0,,3,FD_b1,training_ckp_epoch_109,z,validation,d_frame_div_3_2,0.010172830308521974
sim_vowels,FD,1.0,,3,FD_b1,training_ckp_epoch_109,z,validation,d_recon,0.004760339785399659
sim_vowels,FD,1.0,,3,FD_b1,training_ckp_epoch_109,z,validation,d_ortho,0.01011654105097985
sim_vowels,FD,1.0,,3,FD_b1,training_ckp_epoch_109,z,validation,d_recon_norm,0.006867718601342521
sim_vowels,FD,1.0,,3,FD_b1,training_ckp_epoch_109,z,validation,d_ortho_norm,0.014595083605198253
sim_vowels,FD,1.0,,3,FD_b1,training_ckp_epoch_109,z,validation,d_recon_utt,0.9082458850951002
sim_vowels,FD,1.0,,3,FD_b1,training_ckp_epoch_109,z,validation,d_ortho_utt,1.0
sim_vowels,FD,1.0,,3,FD_b1,training_ckp_epoch_109,z,validation,clamp_frac_recon,0.35933333333333334
sim_vowels,FD,1.0,,3,FD_b1,training_ckp_epoch_109,z,validation,clamp_frac_ortho,1.0
sim_vowels,FD,1.0,,3,FD_b1,training_ckp_epoch_109,z,validation,model_div_pos,0.9086633659899235
sim_vowels,FD,1.0,,3,FD_b1,training_ckp_epoch_109,z,validation,model_div_neg,1.0
sim_vowels,FD,1.0,,3,FD_b1,training_ckp_epoch_109,z,validation,model_ce_pos,111.9420371055603
sim_vowels,FD,1.0,,3,FD_b1,training_ckp_epoch_109,z,validation,model_ce_neg,0.0
sim_vowels,FD,1.0,,3,FD_b1,training_ckp_epoch_109,z,validation,model_decomposition_loss,37.31028038263321
sim_vowels,FD,1.0,,3,FD_b1,training_ckp_epoch_109,z,validation,model_prior_loss,0.05923314718529582
sim_vowels,FD,1.0,,3,FD_b1,training_ckp_epoch_109,z,validation,model_div_0_1,0.9022140167653561
sim_vowels,FD,1.0,,3,FD_b1,training_ckp_epoch_109,z,validation,model_div_0_2,0.9056537486612797
sim_vowels,FD,1.0,,3,FD_b1,training_ckp_epoch_109,z,validation,model_div_0_3,0.9181222692131996
sim_vowels,FD,1.0,,3,FD_b1,training_ckp_epoch_109,z,validation,model_div_2_1,1.0
sim_vowels,FD,1.0,,3,FD_b1,training_ckp_epoch_109,z,validation,model_div_3_1,1.0
sim_vowels,FD,1.0,,3,FD_b1,training_ckp_epoch_109,z,validation,model_div_3_2,1.0
sim_vowels,FD,1.0,,3,FD_b1,training_ckp_epoch_109,z,validation,rate_per_frame,1.9049856381200667e-06
sim_vowels,FD,1.0,,3,FD_b1,training_ckp_epoch_109,z,validation,check_max_abs_diff,7.027922469871051e-06
sim_vowels,FD,1.0,,3,FD_b1,training_ckp_epoch_109,s,validation,n_utt,500.0
sim_vowels,FD,1.0,,3,FD_b1,training_ckp_epoch_109,s,validation,n_frames,500.0
sim_vowels,FD,1.0,,3,FD_b1,training_ckp_epoch_109,s,validation,d_frame_div_0_1,0.26202723997972155
sim_vowels,FD,1.0,,3,FD_b1,training_ckp_epoch_109,s,validation,d_frame_div_0_2,0.3076973952528151
sim_vowels,FD,1.0,,3,FD_b1,training_ckp_epoch_109,s,validation,d_frame_div_0_3,0.3072971395716799
sim_vowels,FD,1.0,,3,FD_b1,training_ckp_epoch_109,s,validation,d_frame_div_2_1,0.6774333820315168
sim_vowels,FD,1.0,,3,FD_b1,training_ckp_epoch_109,s,validation,d_frame_div_3_1,0.6750186317585933
sim_vowels,FD,1.0,,3,FD_b1,training_ckp_epoch_109,s,validation,d_frame_div_3_2,0.06168093285920625
sim_vowels,FD,1.0,,3,FD_b1,training_ckp_epoch_109,s,validation,d_recon,0.2923405916014056
sim_vowels,FD,1.0,,3,FD_b1,training_ckp_epoch_109,s,validation,d_ortho,0.4713776488831054
sim_vowels,FD,1.0,,3,FD_b1,training_ckp_epoch_109,s,validation,d_recon_norm,0.4217583217538936
sim_vowels,FD,1.0,,3,FD_b1,training_ckp_epoch_109,s,validation,d_ortho_norm,0.6800541964295552
sim_vowels,FD,1.0,,3,FD_b1,training_ckp_epoch_109,s,validation,d_recon_utt,0.2923405916014056
sim_vowels,FD,1.0,,3,FD_b1,training_ckp_epoch_109,s,validation,d_ortho_utt,0.4713776488831054
sim_vowels,FD,1.0,,3,FD_b1,training_ckp_epoch_109,s,validation,clamp_frac_recon,0.0
sim_vowels,FD,1.0,,3,FD_b1,training_ckp_epoch_109,s,validation,clamp_frac_ortho,0.0
sim_vowels,FD,1.0,,3,FD_b1,training_ckp_epoch_109,s,validation,model_div_pos,0.2929356675595045
sim_vowels,FD,1.0,,3,FD_b1,training_ckp_epoch_109,s,validation,model_div_neg,0.4711131937801838
sim_vowels,FD,1.0,,3,FD_b1,training_ckp_epoch_109,s,validation,model_ce_pos,1.0524130314588547
sim_vowels,FD,1.0,,3,FD_b1,training_ckp_epoch_109,s,validation,model_ce_neg,8.785448580980301
sim_vowels,FD,1.0,,3,FD_b1,training_ckp_epoch_109,s,validation,model_decomposition_loss,3.27895924448967
sim_vowels,FD,1.0,,3,FD_b1,training_ckp_epoch_109,s,validation,model_prior_loss,0.11801179498434067
sim_vowels,FD,1.0,,3,FD_b1,training_ckp_epoch_109,s,validation,model_div_0_1,0.262630024459213
sim_vowels,FD,1.0,,3,FD_b1,training_ckp_epoch_109,s,validation,model_div_0_2,0.30828158371150494
sim_vowels,FD,1.0,,3,FD_b1,training_ckp_epoch_109,s,validation,model_div_0_3,0.3078953633084893
sim_vowels,FD,1.0,,3,FD_b1,training_ckp_epoch_109,s,validation,model_div_2_1,0.6777309961616993
sim_vowels,FD,1.0,,3,FD_b1,training_ckp_epoch_109,s,validation,model_div_3_1,0.6753711123019457
sim_vowels,FD,1.0,,3,FD_b1,training_ckp_epoch_109,s,validation,model_div_3_2,0.06023743769083012
sim_vowels,FD,1.0,,3,FD_b1,training_ckp_epoch_109,s,validation,rate_per_frame,1.8881887197494508e-05
sim_vowels,FD,1.0,,3,FD_b1,training_ckp_epoch_109,s,validation,check_max_abs_diff,7.660809520082523e-08
sim_vowels,FD,1.0,,3,FD_b1,training_ckp_epoch_109,z,test,n_utt,300.0
sim_vowels,FD,1.0,,3,FD_b1,training_ckp_epoch_109,z,test,n_frames,59700.0
sim_vowels,FD,1.0,,3,FD_b1,training_ckp_epoch_109,z,test,d_frame_div_0_1,0.004526822941116618
sim_vowels,FD,1.0,,3,FD_b1,training_ckp_epoch_109,z,test,d_frame_div_0_2,0.004575924252223758
sim_vowels,FD,1.0,,3,FD_b1,training_ckp_epoch_109,z,test,d_frame_div_0_3,0.004607384976338552
sim_vowels,FD,1.0,,3,FD_b1,training_ckp_epoch_109,z,test,d_frame_div_2_1,0.009651001021747438
sim_vowels,FD,1.0,,3,FD_b1,training_ckp_epoch_109,z,test,d_frame_div_3_1,0.009641893873299551
sim_vowels,FD,1.0,,3,FD_b1,training_ckp_epoch_109,z,test,d_frame_div_3_2,0.009681419517838729
sim_vowels,FD,1.0,,3,FD_b1,training_ckp_epoch_109,z,test,d_recon,0.004570044056559643
sim_vowels,FD,1.0,,3,FD_b1,training_ckp_epoch_109,z,test,d_ortho,0.00965810480429524
sim_vowels,FD,1.0,,3,FD_b1,training_ckp_epoch_109,z,test,d_recon_norm,0.006593179897042678
sim_vowels,FD,1.0,,3,FD_b1,training_ckp_epoch_109,z,test,d_ortho_norm,0.013933699905542616
sim_vowels,FD,1.0,,3,FD_b1,training_ckp_epoch_109,z,test,d_recon_utt,0.8862024222117317
sim_vowels,FD,1.0,,3,FD_b1,training_ckp_epoch_109,z,test,d_ortho_utt,1.0
sim_vowels,FD,1.0,,3,FD_b1,training_ckp_epoch_109,z,test,clamp_frac_recon,0.2688888888888889
sim_vowels,FD,1.0,,3,FD_b1,training_ckp_epoch_109,z,test,clamp_frac_ortho,1.0
sim_vowels,FD,1.0,,3,FD_b1,training_ckp_epoch_109,z,test,model_div_pos,0.8854110115452817
sim_vowels,FD,1.0,,3,FD_b1,training_ckp_epoch_109,z,test,model_div_neg,1.0
sim_vowels,FD,1.0,,3,FD_b1,training_ckp_epoch_109,z,test,model_ce_pos,85.33864543312474
sim_vowels,FD,1.0,,3,FD_b1,training_ckp_epoch_109,z,test,model_ce_neg,0.0
sim_vowels,FD,1.0,,3,FD_b1,training_ckp_epoch_109,z,test,model_decomposition_loss,28.443370317157946
sim_vowels,FD,1.0,,3,FD_b1,training_ckp_epoch_109,z,test,model_prior_loss,0.05156024506217555
sim_vowels,FD,1.0,,3,FD_b1,training_ckp_epoch_109,z,test,model_div_0_1,0.8811461674539667
sim_vowels,FD,1.0,,3,FD_b1,training_ckp_epoch_109,z,test,model_div_0_2,0.8860680335446408
sim_vowels,FD,1.0,,3,FD_b1,training_ckp_epoch_109,z,test,model_div_0_3,0.889018780306766
sim_vowels,FD,1.0,,3,FD_b1,training_ckp_epoch_109,z,test,model_div_2_1,1.0
sim_vowels,FD,1.0,,3,FD_b1,training_ckp_epoch_109,z,test,model_div_3_1,1.0
sim_vowels,FD,1.0,,3,FD_b1,training_ckp_epoch_109,z,test,model_div_3_2,1.0
sim_vowels,FD,1.0,,3,FD_b1,training_ckp_epoch_109,z,test,rate_per_frame,1.6409458227493057e-06
sim_vowels,FD,1.0,,3,FD_b1,training_ckp_epoch_109,z,test,check_max_abs_diff,8.00966732517061e-06
sim_vowels,FD,1.0,,3,FD_b1,training_ckp_epoch_109,s,test,n_utt,300.0
sim_vowels,FD,1.0,,3,FD_b1,training_ckp_epoch_109,s,test,n_frames,300.0
sim_vowels,FD,1.0,,3,FD_b1,training_ckp_epoch_109,s,test,d_frame_div_0_1,0.25258636406784574
sim_vowels,FD,1.0,,3,FD_b1,training_ckp_epoch_109,s,test,d_frame_div_0_2,0.3307449058786422
sim_vowels,FD,1.0,,3,FD_b1,training_ckp_epoch_109,s,test,d_frame_div_0_3,0.3248053605689098
sim_vowels,FD,1.0,,3,FD_b1,training_ckp_epoch_109,s,test,d_frame_div_2_1,0.6805109776625197
sim_vowels,FD,1.0,,3,FD_b1,training_ckp_epoch_109,s,test,d_frame_div_3_1,0.6728847844306804
sim_vowels,FD,1.0,,3,FD_b1,training_ckp_epoch_109,s,test,d_frame_div_3_2,0.07237640943603321
sim_vowels,FD,1.0,,3,FD_b1,training_ckp_epoch_109,s,test,d_recon,0.30271221017179917
sim_vowels,FD,1.0,,3,FD_b1,training_ckp_epoch_109,s,test,d_ortho,0.47525739050974447
sim_vowels,FD,1.0,,3,FD_b1,training_ckp_epoch_109,s,test,d_recon_norm,0.4367214044313923
sim_vowels,FD,1.0,,3,FD_b1,training_ckp_epoch_109,s,test,d_ortho_norm,0.6856514804342378
sim_vowels,FD,1.0,,3,FD_b1,training_ckp_epoch_109,s,test,d_recon_utt,0.30271221017179917
sim_vowels,FD,1.0,,3,FD_b1,training_ckp_epoch_109,s,test,d_ortho_utt,0.47525739050974447
sim_vowels,FD,1.0,,3,FD_b1,training_ckp_epoch_109,s,test,clamp_frac_recon,0.0
sim_vowels,FD,1.0,,3,FD_b1,training_ckp_epoch_109,s,test,clamp_frac_ortho,0.0
sim_vowels,FD,1.0,,3,FD_b1,training_ckp_epoch_109,s,test,model_div_pos,0.3025790076506765
sim_vowels,FD,1.0,,3,FD_b1,training_ckp_epoch_109,s,test,model_div_neg,0.4753277035135972
sim_vowels,FD,1.0,,3,FD_b1,training_ckp_epoch_109,s,test,model_ce_pos,1.097133667845475
sim_vowels,FD,1.0,,3,FD_b1,training_ckp_epoch_109,s,test,model_ce_neg,8.568557638871042
sim_vowels,FD,1.0,,3,FD_b1,training_ckp_epoch_109,s,test,model_decomposition_loss,3.221574959002043
sim_vowels,FD,1.0,,3,FD_b1,training_ckp_epoch_109,s,test,model_prior_loss,0.11877041114004035
sim_vowels,FD,1.0,,3,FD_b1,training_ckp_epoch_109,s,test,model_div_0_1,0.2522508972569516
sim_vowels,FD,1.0,,3,FD_b1,training_ckp_epoch_109,s,test,model_div_0_2,0.33063042163848877
sim_vowels,FD,1.0,,3,FD_b1,training_ckp_epoch_109,s,test,model_div_0_3,0.32485566170592056
sim_vowels,FD,1.0,,3,FD_b1,training_ckp_epoch_109,s,test,model_div_2_1,0.6803679560360155
sim_vowels,FD,1.0,,3,FD_b1,training_ckp_epoch_109,s,test,model_div_3_1,0.6729880100802371
sim_vowels,FD,1.0,,3,FD_b1,training_ckp_epoch_109,s,test,model_div_3_2,0.07262711299125313
sim_vowels,FD,1.0,,3,FD_b1,training_ckp_epoch_109,s,test,rate_per_frame,1.8805315097173055e-05
sim_vowels,FD,1.0,,3,FD_b1,training_ckp_epoch_109,s,test,check_max_abs_diff,6.192933299509207e-08
sim_vowels,FD,5.0,,3,FD_b5,training_ckp_epoch_111_min_val_loss,z,validation,n_utt,500.0
sim_vowels,FD,5.0,,3,FD_b5,training_ckp_epoch_111_min_val_loss,z,validation,n_frames,99500.0
sim_vowels,FD,5.0,,3,FD_b5,training_ckp_epoch_111_min_val_loss,z,validation,d_frame_div_0_1,0.004009426650385413
sim_vowels,FD,5.0,,3,FD_b5,training_ckp_epoch_111_min_val_loss,z,validation,d_frame_div_0_2,0.004009940032569832
sim_vowels,FD,5.0,,3,FD_b5,training_ckp_epoch_111_min_val_loss,z,validation,d_frame_div_0_3,0.004074686617183363
sim_vowels,FD,5.0,,3,FD_b5,training_ckp_epoch_111_min_val_loss,z,validation,d_frame_div_2_1,0.008289194581593846
sim_vowels,FD,5.0,,3,FD_b5,training_ckp_epoch_111_min_val_loss,z,validation,d_frame_div_3_1,0.008357597932653222
sim_vowels,FD,5.0,,3,FD_b5,training_ckp_epoch_111_min_val_loss,z,validation,d_frame_div_3_2,0.008356165591270424
sim_vowels,FD,5.0,,3,FD_b5,training_ckp_epoch_111_min_val_loss,z,validation,d_recon,0.004031351100046204
sim_vowels,FD,5.0,,3,FD_b5,training_ckp_epoch_111_min_val_loss,z,validation,d_ortho,0.008334319368505832
sim_vowels,FD,5.0,,3,FD_b5,training_ckp_epoch_111_min_val_loss,z,validation,d_recon_norm,0.0058160102401189255
sim_vowels,FD,5.0,,3,FD_b5,training_ckp_epoch_111_min_val_loss,z,validation,d_ortho_norm,0.012023881222128201
sim_vowels,FD,5.0,,3,FD_b5,training_ckp_epoch_111_min_val_loss,z,validation,d_recon_utt,0.7969981014804522
sim_vowels,FD,5.0,,3,FD_b5,training_ckp_epoch_111_min_val_loss,z,validation,d_ortho_utt,0.9999811100997223
sim_vowels,FD,5.0,,3,FD_b5,training_ckp_epoch_111_min_val_loss,z,validation,clamp_frac_recon,0.072
sim_vowels,FD,5.0,,3,FD_b5,training_ckp_epoch_111_min_val_loss,z,validation,clamp_frac_ortho,0.9993333333333333
sim_vowels,FD,5.0,,3,FD_b5,training_ckp_epoch_111_min_val_loss,z,validation,model_div_pos,0.796799797564745
sim_vowels,FD,5.0,,3,FD_b5,training_ckp_epoch_111_min_val_loss,z,validation,model_div_neg,0.9999815486371517
sim_vowels,FD,5.0,,3,FD_b5,training_ckp_epoch_111_min_val_loss,z,validation,model_ce_pos,25.92071431875229
sim_vowels,FD,5.0,,3,FD_b5,training_ckp_epoch_111_min_val_loss,z,validation,model_ce_neg,5.6156510254368186e-05
sim_vowels,FD,5.0,,3,FD_b5,training_ckp_epoch_111_min_val_loss,z,validation,model_decomposition_loss,8.639392711222172
sim_vowels,FD,5.0,,3,FD_b5,training_ckp_epoch_111_min_val_loss,z,validation,model_prior_loss,0.3230835534632206
sim_vowels,FD,5.0,,3,FD_b5,training_ckp_epoch_111_min_val_loss,z,validation,model_div_0_1,0.7919704988598824
sim_vowels,FD,5.0,,3,FD_b5,training_ckp_epoch_111_min_val_loss,z,validation,model_div_0_2,0.7923042643815279
sim_vowels,FD,5.0,,3,FD_b5,training_ckp_epoch_111_min_val_loss,z,validation,model_div_0_3,0.8061245232820511
sim_vowels,FD,5.0,,3,FD_b5,training_ckp_epoch_111_min_val_loss,z,validation,model_div_2_1,1.0
sim_vowels,FD,5.0,,3,FD_b5,training_ckp_epoch_111_min_val_loss,z,validation,model_div_3_1,1.0
sim_vowels,FD,5.0,,3,FD_b5,training_ckp_epoch_111_min_val_loss,z,validation,model_div_3_2,0.9999446421861649
sim_vowels,FD,5.0,,3,FD_b5,training_ckp_epoch_111_min_val_loss,z,validation,rate_per_frame,2.07812536900966e-06
sim_vowels,FD,5.0,,3,FD_b5,training_ckp_epoch_111_min_val_loss,z,validation,check_max_abs_diff,8.387658025466038e-06
sim_vowels,FD,5.0,,3,FD_b5,training_ckp_epoch_111_min_val_loss,s,validation,n_utt,500.0
sim_vowels,FD,5.0,,3,FD_b5,training_ckp_epoch_111_min_val_loss,s,validation,n_frames,500.0
sim_vowels,FD,5.0,,3,FD_b5,training_ckp_epoch_111_min_val_loss,s,validation,d_frame_div_0_1,0.22533993559238594
sim_vowels,FD,5.0,,3,FD_b5,training_ckp_epoch_111_min_val_loss,s,validation,d_frame_div_0_2,0.28917790794017095
sim_vowels,FD,5.0,,3,FD_b5,training_ckp_epoch_111_min_val_loss,s,validation,d_frame_div_0_3,0.2897339987191549
sim_vowels,FD,5.0,,3,FD_b5,training_ckp_epoch_111_min_val_loss,s,validation,d_frame_div_2_1,0.6303278208531661
sim_vowels,FD,5.0,,3,FD_b5,training_ckp_epoch_111_min_val_loss,s,validation,d_frame_div_3_1,0.6395382465341339
sim_vowels,FD,5.0,,3,FD_b5,training_ckp_epoch_111_min_val_loss,s,validation,d_frame_div_3_2,0.04436662416208369
sim_vowels,FD,5.0,,3,FD_b5,training_ckp_epoch_111_min_val_loss,s,validation,d_recon,0.2680839474172373
sim_vowels,FD,5.0,,3,FD_b5,training_ckp_epoch_111_min_val_loss,s,validation,d_ortho,0.4380775638497945
sim_vowels,FD,5.0,,3,FD_b5,training_ckp_epoch_111_min_val_loss,s,validation,d_recon_norm,0.3867633814807859
sim_vowels,FD,5.0,,3,FD_b5,training_ckp_epoch_111_min_val_loss,s,validation,d_ortho_norm,0.6320123288908168
sim_vowels,FD,5.0,,3,FD_b5,training_ckp_epoch_111_min_val_loss,s,validation,d_recon_utt,0.2680839474172373
sim_vowels,FD,5.0,,3,FD_b5,training_ckp_epoch_111_min_val_loss,s,validation,d_ortho_utt,0.4380775638497945
sim_vowels,FD,5.0,,3,FD_b5,training_ckp_epoch_111_min_val_loss,s,validation,clamp_frac_recon,0.0
sim_vowels,FD,5.0,,3,FD_b5,training_ckp_epoch_111_min_val_loss,s,validation,clamp_frac_ortho,0.0
sim_vowels,FD,5.0,,3,FD_b5,training_ckp_epoch_111_min_val_loss,s,validation,model_div_pos,0.2685944358818233
sim_vowels,FD,5.0,,3,FD_b5,training_ckp_epoch_111_min_val_loss,s,validation,model_div_neg,0.43840759340673685
sim_vowels,FD,5.0,,3,FD_b5,training_ckp_epoch_111_min_val_loss,s,validation,model_ce_pos,1.0008619148284197
sim_vowels,FD,5.0,,3,FD_b5,training_ckp_epoch_111_min_val_loss,s,validation,model_ce_neg,8.3126679956913
sim_vowels,FD,5.0,,3,FD_b5,training_ckp_epoch_111_min_val_loss,s,validation,model_decomposition_loss,3.1041994243860245
sim_vowels,FD,5.0,,3,FD_b5,training_ckp_epoch_111_min_val_loss,s,validation,model_prior_loss,0.580816064029932
sim_vowels,FD,5.0,,3,FD_b5,training_ckp_epoch_111_min_val_loss,s,validation,model_div_0_1,0.2259327545762062
sim_vowels,FD,5.0,,3,FD_b5,training_ckp_epoch_111_min_val_loss,s,validation,model_div_0_2,0.2896543894894421
sim_vowels,FD,5.0,,3,FD_b5,training_ckp_epoch_111_min_val_loss,s,validation,model_div_0_3,0.2901961300522089
sim_vowels,FD,5.0,,3,FD_b5,training_ckp_epoch_111_min_val_loss,s,validation,model_div_2_1,0.6314508486539125
sim_vowels,FD,5.0,,3,FD_b5,training_ckp_epoch_111_min_val_loss,s,validation,model_div_3_1,0.6404421012848616
sim_vowels,FD,5.0,,3,FD_b5,training_ckp_epoch_111_min_val_loss,s,validation,model_div_3_2,0.043329799555522186
sim_vowels,FD,5.0,,3,FD_b5,training_ckp_epoch_111_min_val_loss,s,validation,rate_per_frame,1.8586114048957823e-05
sim_vowels,FD,5.0,,3,FD_b5,training_ckp_epoch_111_min_val_loss,s,validation,check_max_abs_diff,8.651436056439366e-08
sim_vowels,FD,5.0,,3,FD_b5,training_ckp_epoch_111_min_val_loss,z,test,n_utt,300.0
sim_vowels,FD,5.0,,3,FD_b5,training_ckp_epoch_111_min_val_loss,z,test,n_frames,59700.0
sim_vowels,FD,5.0,,3,FD_b5,training_ckp_epoch_111_min_val_loss,z,test,d_frame_div_0_1,0.0037022857061338142
sim_vowels,FD,5.0,,3,FD_b5,training_ckp_epoch_111_min_val_loss,z,test,d_frame_div_0_2,0.003746654491099645
sim_vowels,FD,5.0,,3,FD_b5,training_ckp_epoch_111_min_val_loss,z,test,d_frame_div_0_3,0.0037892639755337377
sim_vowels,FD,5.0,,3,FD_b5,training_ckp_epoch_111_min_val_loss,z,test,d_frame_div_2_1,0.0077572407074712555
sim_vowels,FD,5.0,,3,FD_b5,training_ckp_epoch_111_min_val_loss,z,test,d_frame_div_3_1,0.007784520344615359
sim_vowels,FD,5.0,,3,FD_b5,training_ckp_epoch_111_min_val_loss,z,test,d_frame_div_3_2,0.007838629595938567
sim_vowels,FD,5.0,,3,FD_b5,training_ckp_epoch_111_min_val_loss,z,test,d_recon,0.0037460680575890654
sim_vowels,FD,5.0,,3,FD_b5,training_ckp_epoch_111_min_val_loss,z,test,d_ortho,0.007793463549341728
sim_vowels,FD,5.0,,3,FD_b5,training_ckp_epoch_111_min_val_loss,z,test,d_recon_norm,0.005404433809516297
sim_vowels,FD,5.0,,3,FD_b5,training_ckp_epoch_111_min_val_loss,z,test,d_ortho_norm,0.011243591213984211
sim_vowels,FD,5.0,,3,FD_b5,training_ckp_epoch_111_min_val_loss,z,test,d_recon_utt,0.7442332985330753
sim_vowels,FD,5.0,,3,FD_b5,training_ckp_epoch_111_min_val_loss,z,test,d_ortho_utt,0.9993245998631696
sim_vowels,FD,5.0,,3,FD_b5,training_ckp_epoch_111_min_val_loss,z,test,clamp_frac_recon,0.024444444444444446
sim_vowels,FD,5.0,,3,FD_b5,training_ckp_epoch_111_min_val_loss,z,test,clamp_frac_ortho,0.99
sim_vowels,FD,5.0,,3,FD_b5,training_ckp_epoch_111_min_val_loss,z,test,model_div_pos,0.7441227812516061
sim_vowels,FD,5.0,,3,FD_b5,training_ckp_epoch_111_min_val_loss,z,test,model_div_neg,0.9993334067495245
sim_vowels,FD,5.0,,3,FD_b5,training_ckp_epoch_111_min_val_loss,z,test,model_ce_pos,11.532080298975893
sim_vowels,FD,5.0,,3,FD_b5,training_ckp_epoch_111_min_val_loss,z,test,model_ce_neg,0.0021152983934275412
sim_vowels,FD,5.0,,3,FD_b5,training_ckp_epoch_111_min_val_loss,z,test,model_decomposition_loss,3.844347414217497
sim_vowels,FD,5.0,,3,FD_b5,training_ckp_epoch_111_min_val_loss,z,test,model_prior_loss,0.29519890327202647
sim_vowels,FD,5.0,,3,FD_b5,training_ckp_epoch_111_min_val_loss,z,test,model_div_0_1,0.736157919231214
sim_vowels,FD,5.0,,3,FD_b5,training_ckp_epoch_111_min_val_loss,z,test,model_div_0_2,0.7449323472223783
sim_vowels,FD,5.0,,3,FD_b5,training_ckp_epoch_111_min_val_loss,z,test,model_div_0_3,0.7512780114224082
sim_vowels,FD,5.0,,3,FD_b5,training_ckp_epoch_111_min_val_loss,z,test,model_div_2_1,0.9988251391210055
sim_vowels,FD,5.0,,3,FD_b5,training_ckp_epoch_111_min_val_loss,z,test,model_div_3_1,0.9996060634914198
sim_vowels,FD,5.0,,3,FD_b5,training_ckp_epoch_111_min_val_loss,z,test,model_div_3_2,0.9995690207732352
sim_vowels,FD,5.0,,3,FD_b5,training_ckp_epoch_111_min_val_loss,z,test,rate_per_frame,1.878987994026299e-06
sim_vowels,FD,5.0,,3,FD_b5,training_ckp_epoch_111_min_val_loss,z,test,check_max_abs_diff,8.275444225769313e-06
sim_vowels,FD,5.0,,3,FD_b5,training_ckp_epoch_111_min_val_loss,s,test,n_utt,300.0
sim_vowels,FD,5.0,,3,FD_b5,training_ckp_epoch_111_min_val_loss,s,test,n_frames,300.0
sim_vowels,FD,5.0,,3,FD_b5,training_ckp_epoch_111_min_val_loss,s,test,d_frame_div_0_1,0.2375620398895505
sim_vowels,FD,5.0,,3,FD_b5,training_ckp_epoch_111_min_val_loss,s,test,d_frame_div_0_2,0.2915068523092122
sim_vowels,FD,5.0,,3,FD_b5,training_ckp_epoch_111_min_val_loss,s,test,d_frame_div_0_3,0.2779292002421859
sim_vowels,FD,5.0,,3,FD_b5,training_ckp_epoch_111_min_val_loss,s,test,d_frame_div_2_1,0.6448897888346052
sim_vowels,FD,5.0,,3,FD_b5,training_ckp_epoch_111_min_val_loss,s,test,d_frame_div_3_1,0.6348744411365476
sim_vowels,FD,5.0,,3,FD_b5,training_ckp_epoch_111_min_val_loss,s,test,d_frame_div_3_2,0.041131508223098905
sim_vowels,FD,5.0,,3,FD_b5,training_ckp_epoch_111_min_val_loss,s,test,d_recon,0.2689993641469829
sim_vowels,FD,5.0,,3,FD_b5,training_ckp_epoch_111_min_val_loss,s,test,d_ortho,0.440298579398084
sim_vowels,FD,5.0,,3,FD_b5,training_ckp_epoch_111_min_val_loss,s,test,d_recon_norm,0.38808404865713664
sim_vowels,FD,5.0,,3,FD_b5,training_ckp_epoch_111_min_val_loss,s,test,d_ortho_norm,0.6352165770080713
sim_vowels,FD,5.0,,3,FD_b5,training_ckp_epoch_111_min_val_loss,s,test,d_recon_utt,0.2689993641469829
sim_vowels,FD,5.0,,3,FD_b5,training_ckp_epoch_111_min_val_loss,s,test,d_ortho_utt,0.440298579398084
sim_vowels,FD,5.0,,3,FD_b5,training_ckp_epoch_111_min_val_loss,s,test,clamp_frac_recon,0.0
sim_vowels,FD,5.0,,3,FD_b5,training_ckp_epoch_111_min_val_loss,s,test,clamp_frac_ortho,0.0
sim_vowels,FD,5.0,,3,FD_b5,training_ckp_epoch_111_min_val_loss,s,test,model_div_pos,0.26866207546309423
sim_vowels,FD,5.0,,3,FD_b5,training_ckp_epoch_111_min_val_loss,s,test,model_div_neg,0.4400629636488463
sim_vowels,FD,5.0,,3,FD_b5,training_ckp_epoch_111_min_val_loss,s,test,model_ce_pos,0.994458860472629
sim_vowels,FD,5.0,,3,FD_b5,training_ckp_epoch_111_min_val_loss,s,test,model_ce_neg,8.05936218562879
sim_vowels,FD,5.0,,3,FD_b5,training_ckp_epoch_111_min_val_loss,s,test,model_decomposition_loss,3.017638507642244
sim_vowels,FD,5.0,,3,FD_b5,training_ckp_epoch_111_min_val_loss,s,test,model_prior_loss,0.5751550197601318
sim_vowels,FD,5.0,,3,FD_b5,training_ckp_epoch_111_min_val_loss,s,test,model_div_0_1,0.23741871040118367
sim_vowels,FD,5.0,,3,FD_b5,training_ckp_epoch_111_min_val_loss,s,test,model_div_0_2,0.29090131897675364
sim_vowels,FD,5.0,,3,FD_b5,training_ckp_epoch_111_min_val_loss,s,test,model_div_0_3,0.2776661577977632
sim_vowels,FD,5.0,,3,FD_b5,training_ckp_epoch_111_min_val_loss,s,test,model_div_2_1,0.6443783201669392
sim_vowels,FD,5.0,,3,FD_b5,training_ckp_epoch_111_min_val_loss,s,test,model_div_3_1,0.6348078407739338
sim_vowels,FD,5.0,,3,FD_b5,training_ckp_epoch_111_min_val_loss,s,test,model_div_3_2,0.04100269892890202
sim_vowels,FD,5.0,,3,FD_b5,training_ckp_epoch_111_min_val_loss,s,test,rate_per_frame,1.8213242292404175e-05
sim_vowels,FD,5.0,,3,FD_b5,training_ckp_epoch_111_min_val_loss,s,test,check_max_abs_diff,7.307271199241683e-08
sim_vowels,FD,10.0,,3,FD_b10,training_ckp_epoch_109,z,validation,n_utt,500.0
sim_vowels,FD,10.0,,3,FD_b10,training_ckp_epoch_109,z,validation,n_frames,99500.0
sim_vowels,FD,10.0,,3,FD_b10,training_ckp_epoch_109,z,validation,d_frame_div_0_1,0.00478073458027929
sim_vowels,FD,10.0,,3,FD_b10,training_ckp_epoch_109,z,validation,d_frame_div_0_2,0.004764802685829627
sim_vowels,FD,10.0,,3,FD_b10,training_ckp_epoch_109,z,validation,d_frame_div_0_3,0.004788060265909562
sim_vowels,FD,10.0,,3,FD_b10,training_ckp_epoch_109,z,validation,d_frame_div_2_1,0.008866487156471136
sim_vowels,FD,10.0,,3,FD_b10,training_ckp_epoch_109,z,validation,d_frame_div_3_1,0.008862335385412768
sim_vowels,FD,10.0,,3,FD_b10,training_ckp_epoch_109,z,validation,d_frame_div_3_2,0.008863655621939043
sim_vowels,FD,10.0,,3,FD_b10,training_ckp_epoch_109,z,validation,d_recon,0.004777865844006159
sim_vowels,FD,10.0,,3,FD_b10,training_ckp_epoch_109,z,validation,d_ortho,0.008864159387940981
sim_vowels,FD,10.0,,3,FD_b10,training_ckp_epoch_109,z,validation,d_recon_norm,0.0068930033591804475
sim_vowels,FD,10.0,,3,FD_b10,training_ckp_epoch_109,z,validation,d_ortho_norm,0.012788278790631803
sim_vowels,FD,10.0,,3,FD_b10,training_ckp_epoch_109,z,validation,d_recon_utt,0.8863224829299979
sim_vowels,FD,10.0,,3,FD_b10,training_ckp_epoch_109,z,validation,d_ortho_utt,0.9996373601041466
sim_vowels,FD,10.0,,3,FD_b10,training_ckp_epoch_109,z,validation,clamp_frac_recon,0.398
sim_vowels,FD,10.0,,3,FD_b10,training_ckp_epoch_109,z,validation,clamp_frac_ortho,0.9973333333333333
sim_vowels,FD,10.0,,3,FD_b10,training_ckp_epoch_109,z,validation,model_div_pos,0.8859163951128721
sim_vowels,FD,10.0,,3,FD_b10,training_ckp_epoch_109,z,validation,model_div_neg,0.9996458422392607
sim_vowels,FD,10.0,,3,FD_b10,training_ckp_epoch_109,z,validation,model_ce_pos,122.69427466392517
sim_vowels,FD,10.0,,3,FD_b10,training_ckp_epoch_109,z,validation,model_ce_neg,0.0012166541127953678
sim_vowels,FD,10.0,,3,FD_b10,training_ckp_epoch_109,z,validation,model_decomposition_loss,40.89440721273422
sim_vowels,FD,10.0,,3,FD_b10,training_ckp_epoch_109,z,validation,model_prior_loss,0.22332346998155117
sim_vowels,FD,10.0,,3,FD_b10,training_ckp_epoch_109,z,validation,model_div_0_1,0.8822893630713224
sim_vowels,FD,10.0,,3,FD_b10,training_ckp_epoch_109,z,validation,model_div_0_2,0.8874834291636944
sim_vowels,FD,10.0,,3,FD_b10,training_ckp_epoch_109,z,validation,model_div_0_3,0.8879763521254063
sim_vowels,FD,10.0,,3,FD_b10,training_ckp_epoch_109,z,validation,model_div_2_1,0.9996946230530739
sim_vowels,FD,10.0,,3,FD_b10,training_ckp_epoch_109,z,validation,model_div_3_1,0.9998806975781918
sim_vowels,FD,10.0,,3,FD_b10,training_ckp_epoch_109,z,validation,model_div_3_2,0.9993621930480003
sim_vowels,FD,10.0,,3,FD_b10,training_ckp_epoch_109,z,validation,rate_per_frame,7.182262351165465e-07
sim_vowels,FD,10.0,,3,FD_b10,training_ckp_epoch_109,z,validation,check_max_abs_diff,6.768286405112178e-06
sim_vowels,FD,10.0,,3,FD_b10,training_ckp_epoch_109,s,validation,n_utt,500.0
sim_vowels,FD,10.0,,3,FD_b10,training_ckp_epoch_109,s,validation,n_frames,500.0
sim_vowels,FD,10.0,,3,FD_b10,training_ckp_epoch_109,s,validation,d_frame_div_0_1,0.198568330047048
sim_vowels,FD,10.0,,3,FD_b10,training_ckp_epoch_109,s,validation,d_frame_div_0_2,0.23119803780999587
sim_vowels,FD,10.0,,3,FD_b10,training_ckp_epoch_109,s,validation,d_frame_div_0_3,0.23187674925528698
sim_vowels,FD,10.0,,3,FD_b10,training_ckp_epoch_109,s,validation,d_frame_div_2_1,0.5872504989892641
sim_vowels,FD,10.0,,3,FD_b10,training_ckp_epoch_109,s,validation,d_frame_div_3_1,0.5765643238937
sim_vowels,FD,10.0,,3,FD_b10,training_ckp_epoch_109,s,validation,d_frame_div_3_2,0.024625312677558554
sim_vowels,FD,10.0,,3,FD_b10,training_ckp_epoch_109,s,validation,d_recon,0.22054770570411028
sim_vowels,FD,10.0,,3,FD_b10,training_ckp_epoch_109,s,validation,d_ortho,0.3961467118535075
sim_vowels,FD,10.0,,3,FD_b10,training_ckp_epoch_109,s,validation,d_recon_norm,0.31818308129875844
sim_vowels,FD,10.0,,3,FD_b10,training_ckp_epoch_109,s,validation,d_ortho_norm,0.5715188966555245
sim_vowels,FD,10.0,,3,FD_b10,training_ckp_epoch_109,s,validation,d_recon_utt,0.22054770570411028
sim_vowels,FD,10.0,,3,FD_b10,training_ckp_epoch_109,s,validation,d_ortho_utt,0.3961467118535075
sim_vowels,FD,10.0,,3,FD_b10,training_ckp_epoch_109,s,validation,clamp_frac_recon,0.0
sim_vowels,FD,10.0,,3,FD_b10,training_ckp_epoch_109,s,validation,clamp_frac_ortho,0.0
sim_vowels,FD,10.0,,3,FD_b10,training_ckp_epoch_109,s,validation,model_div_pos,0.2214909577742219
sim_vowels,FD,10.0,,3,FD_b10,training_ckp_epoch_109,s,validation,model_div_neg,0.3972197799012065
sim_vowels,FD,10.0,,3,FD_b10,training_ckp_epoch_109,s,validation,model_ce_pos,0.7709793969988823
sim_vowels,FD,10.0,,3,FD_b10,training_ckp_epoch_109,s,validation,model_ce_neg,9.62094247341156
sim_vowels,FD,10.0,,3,FD_b10,training_ckp_epoch_109,s,validation,model_decomposition_loss,3.463627554476261
sim_vowels,FD,10.0,,3,FD_b10,training_ckp_epoch_109,s,validation,model_prior_loss,0.13322941958904266
sim_vowels,FD,10.0,,3,FD_b10,training_ckp_epoch_109,s,validation,model_div_0_1,0.19869168242439628
sim_vowels,FD,10.0,,3,FD_b10,training_ckp_epoch_109,s,validation,model_div_0_2,0.23252961970865726
sim_vowels,FD,10.0,,3,FD_b10,training_ckp_epoch_109,s,validation,model_div_0_3,0.23325155721977353
sim_vowels,FD,10.0,,3,FD_b10,training_ckp_epoch_109,s,validation,model_div_2_1,0.5889928936958313
sim_vowels,FD,10.0,,3,FD_b10,training_ckp_epoch_109,s,validation,model_div_3_1,0.5786145646125078
sim_vowels,FD,10.0,,3,FD_b10,training_ckp_epoch_109,s,validation,model_div_3_2,0.024051852773936844
sim_vowels,FD,10.0,,3,FD_b10,training_ckp_epoch_109,s,validation,rate_per_frame,2.1316707134246826e-06
sim_vowels,FD,10.0,,3,FD_b10,training_ckp_epoch_109,s,validation,check_max_abs_diff,5.6248003199588226e-08
sim_vowels,FD,10.0,,3,FD_b10,training_ckp_epoch_109,z,test,n_utt,300.0
sim_vowels,FD,10.0,,3,FD_b10,training_ckp_epoch_109,z,test,n_frames,59700.0
sim_vowels,FD,10.0,,3,FD_b10,training_ckp_epoch_109,z,test,d_frame_div_0_1,0.00471030776249262
sim_vowels,FD,10.0,,3,FD_b10,training_ckp_epoch_109,z,test,d_frame_div_0_2,0.004700191038944893
sim_vowels,FD,10.0,,3,FD_b10,training_ckp_epoch_109,z,test,d_frame_div_0_3,0.0047321481324300915
sim_vowels,FD,10.0,,3,FD_b10,training_ckp_epoch_109,z,test,d_frame_div_2_1,0.008711275761959179
sim_vowels,FD,10.0,,3,FD_b10,training_ckp_epoch_109,z,test,d_frame_div_3_1,0.00876254247103365
sim_vowels,FD,10.0,,3,FD_b10,training_ckp_epoch_109,z,test,d_frame_div_3_2,0.008755330515388177
sim_vowels,FD,10.0,,3,FD_b10,training_ckp_epoch_109,z,test,d_recon,0.004714215644622534
sim_vowels,FD,10.0,,3,FD_b10,training_ckp_epoch_109,z,test,d_ortho,0.00874304958279367
sim_vowels,FD,10.0,,3,FD_b10,training_ckp_epoch_109,z,test,d_recon_norm,0.006801175532178098
sim_vowels,FD,10.0,,3,FD_b10,training_ckp_epoch_109,z,test,d_ortho_norm,0.01261355427534275
sim_vowels,FD,10.0,,3,FD_b10,training_ckp_epoch_109,z,test,d_recon_utt,0.8822525106275606
sim_vowels,FD,10.0,,3,FD_b10,training_ckp_epoch_109,z,test,d_ortho_utt,0.9995638527146985
sim_vowels,FD,10.0,,3,FD_b10,training_ckp_epoch_109,z,test,clamp_frac_recon,0.38666666666666666
sim_vowels,FD,10.0,,3,FD_b10,training_ckp_epoch_109,z,test,clamp_frac_ortho,0.9977777777777778
sim_vowels,FD,10.0,,3,FD_b10,training_ckp_epoch_109,z,test,model_div_pos,0.8830996971381339
sim_vowels,FD,10.0,,3,FD_b10,training_ckp_epoch_109,z,test,model_div_neg,0.9995695791746441
sim_vowels,FD,10.0,,3,FD_b10,training_ckp_epoch_109,z,test,model_ce_pos,120.3929029765882
sim_vowels,FD,10.0,,3,FD_b10,training_ckp_epoch_109,z,test,model_ce_neg,0.001527298879074423
sim_vowels,FD,10.0,,3,FD_b10,training_ckp_epoch_109,z,test,model_decomposition_loss,40.12746288901881
sim_vowels,FD,10.0,,3,FD_b10,training_ckp_epoch_109,z,test,model_prior_loss,0.212133715027257
sim_vowels,FD,10.0,,3,FD_b10,training_ckp_epoch_109,z,test,model_div_0_1,0.8792472356244138
sim_vowels,FD,10.0,,3,FD_b10,training_ckp_epoch_109,z,test,model_div_0_2,0.8837437786554035
sim_vowels,FD,10.0,,3,FD_b10,training_ckp_epoch_109,z,test,model_div_0_3,0.886308070860411
sim_vowels,FD,10.0,,3,FD_b10,training_ckp_epoch_109,z,test,model_div_2_1,1.0
sim_vowels,FD,10.0,,3,FD_b10,training_ckp_epoch_109,z,test,model_div_3_1,0.9987087187014128
sim_vowels,FD,10.0,,3,FD_b10,training_ckp_epoch_109,z,test,model_div_3_2,1.0
sim_vowels,FD,10.0,,3,FD_b10,training_ckp_epoch_109,z,test,rate_per_frame,6.751324263849051e-07
sim_vowels,FD,10.0,,3,FD_b10,training_ckp_epoch_109,z,test,check_max_abs_diff,7.4214352643320325e-06
sim_vowels,FD,10.0,,3,FD_b10,training_ckp_epoch_109,s,test,n_utt,300.0
sim_vowels,FD,10.0,,3,FD_b10,training_ckp_epoch_109,s,test,n_frames,300.0
sim_vowels,FD,10.0,,3,FD_b10,training_ckp_epoch_109,s,test,d_frame_div_0_1,0.19930788341965672
sim_vowels,FD,10.0,,3,FD_b10,training_ckp_epoch_109,s,test,d_frame_div_0_2,0.24200505088656926
sim_vowels,FD,10.0,,3,FD_b10,training_ckp_epoch_109,s,test,d_frame_div_0_3,0.23499206724934485
sim_vowels,FD,10.0,,3,FD_b10,training_ckp_epoch_109,s,test,d_frame_div_2_1,0.6097486545783446
sim_vowels,FD,10.0,,3,FD_b10,training_ckp_epoch_109,s,test,d_frame_div_3_1,0.5732287114785982
sim_vowels,FD,10.0,,3,FD_b10,training_ckp_epoch_109,s,test,d_frame_div_3_2,0.03735674393169438
sim_vowels,FD,10.0,,3,FD_b10,training_ckp_epoch_109,s,test,d_recon,0.22543500051852358
sim_vowels,FD,10.0,,3,FD_b10,training_ckp_epoch_109,s,test,d_ortho,0.40677803666287904
sim_vowels,FD,10.0,,3,FD_b10,training_ckp_epoch_109,s,test,d_recon_norm,0.3252339572908749
sim_vowels,FD,10.0,,3,FD_b10,training_ckp_epoch_109,s,test,d_ortho_norm,0.5868566562360845
sim_vowels,FD,10.0,,3,FD_b10,training_ckp_epoch_109,s,test,d_recon_utt,0.22543500051852358
sim_vowels,FD,10.0,,3,FD_b10,training_ckp_epoch_109,s,test,d_ortho_utt,0.40677803666287904
sim_vowels,FD,10.0,,3,FD_b10,training_ckp_epoch_109,s,test,clamp_frac_recon,0.0
sim_vowels,FD,10.0,,3,FD_b10,training_ckp_epoch_109,s,test,clamp_frac_ortho,0.0
sim_vowels,FD,10.0,,3,FD_b10,training_ckp_epoch_109,s,test,model_div_pos,0.22522490510815069
sim_vowels,FD,10.0,,3,FD_b10,training_ckp_epoch_109,s,test,model_div_neg,0.4061469921940251
sim_vowels,FD,10.0,,3,FD_b10,training_ckp_epoch_109,s,test,model_ce_pos,0.7825614245314347
sim_vowels,FD,10.0,,3,FD_b10,training_ckp_epoch_109,s,test,model_ce_neg,9.609820918032998
sim_vowels,FD,10.0,,3,FD_b10,training_ckp_epoch_109,s,test,model_decomposition_loss,3.4637809678127893
sim_vowels,FD,10.0,,3,FD_b10,training_ckp_epoch_109,s,test,model_prior_loss,0.1376459473057797
sim_vowels,FD,10.0,,3,FD_b10,training_ckp_epoch_109,s,test,model_div_0_1,0.1989641746408061
sim_vowels,FD,10.0,,3,FD_b10,training_ckp_epoch_109,s,test,model_div_0_2,0.2418436486470072
sim_vowels,FD,10.0,,3,FD_b10,training_ckp_epoch_109,s,test,model_div_0_3,0.234866884978194
sim_vowels,FD,10.0,,3,FD_b10,training_ckp_epoch_109,s,test,model_div_2_1,0.6088728716498927
sim_vowels,FD,10.0,,3,FD_b10,training_ckp_epoch_109,s,test,model_div_3_1,0.5724581072204992
sim_vowels,FD,10.0,,3,FD_b10,training_ckp_epoch_109,s,test,model_div_3_2,0.037109938652352674
sim_vowels,FD,10.0,,3,FD_b10,training_ckp_epoch_109,s,test,rate_per_frame,2.1793941656748453e-06
sim_vowels,FD,10.0,,3,FD_b10,training_ckp_epoch_109,s,test,check_max_abs_diff,7.34677223501734e-08
sim_vowels,FD,20.0,,3,FD_b20,training_ckp_epoch_113_min_val_loss,z,validation,n_utt,500.0
sim_vowels,FD,20.0,,3,FD_b20,training_ckp_epoch_113_min_val_loss,z,validation,n_frames,99500.0
sim_vowels,FD,20.0,,3,FD_b20,training_ckp_epoch_113_min_val_loss,z,validation,d_frame_div_0_1,0.0035937825147077697
sim_vowels,FD,20.0,,3,FD_b20,training_ckp_epoch_113_min_val_loss,z,validation,d_frame_div_0_2,0.0037060673497867217
sim_vowels,FD,20.0,,3,FD_b20,training_ckp_epoch_113_min_val_loss,z,validation,d_frame_div_0_3,0.003737563550275671
sim_vowels,FD,20.0,,3,FD_b20,training_ckp_epoch_113_min_val_loss,z,validation,d_frame_div_2_1,0.006994500445873817
sim_vowels,FD,20.0,,3,FD_b20,training_ckp_epoch_113_min_val_loss,z,validation,d_frame_div_3_1,0.0069771514736547925
sim_vowels,FD,20.0,,3,FD_b20,training_ckp_epoch_113_min_val_loss,z,validation,d_frame_div_3_2,0.007153471743823406
sim_vowels,FD,20.0,,3,FD_b20,training_ckp_epoch_113_min_val_loss,z,validation,d_recon,0.0036791378049233882
sim_vowels,FD,20.0,,3,FD_b20,training_ckp_epoch_113_min_val_loss,z,validation,d_ortho,0.007041707887784004
sim_vowels,FD,20.0,,3,FD_b20,training_ckp_epoch_113_min_val_loss,z,validation,d_recon_norm,0.005307873865910079
sim_vowels,FD,20.0,,3,FD_b20,training_ckp_epoch_113_min_val_loss,z,validation,d_ortho_norm,0.01015903704909468
sim_vowels,FD,20.0,,3,FD_b20,training_ckp_epoch_113_min_val_loss,z,validation,d_recon_utt,0.7200099433971712
sim_vowels,FD,20.0,,3,FD_b20,training_ckp_epoch_113_min_val_loss,z,validation,d_ortho_utt,0.9898210952013106
sim_vowels,FD,20.0,,3,FD_b20,training_ckp_epoch_113_min_val_loss,z,validation,clamp_frac_recon,0.09133333333333334
sim_vowels,FD,20.0,,3,FD_b20,training_ckp_epoch_113_min_val_loss,z,validation,clamp_frac_ortho,0.908
sim_vowels,FD,20.0,,3,FD_b20,training_ckp_epoch_113_min_val_loss,z,validation,model_div_pos,0.7196454610675573
sim_vowels,FD,20.0,,3,FD_b20,training_ckp_epoch_113_min_val_loss,z,validation,model_div_neg,0.9898977186530828
sim_vowels,FD,20.0,,3,FD_b20,training_ckp_epoch_113_min_val_loss,z,validation,model_ce_pos,31.021400690078735
sim_vowels,FD,20.0,,3,FD_b20,training_ckp_epoch_113_min_val_loss,z,validation,model_ce_neg,0.03367238339706091
sim_vowels,FD,20.0,,3,FD_b20,training_ckp_epoch_113_min_val_loss,z,validation,model_decomposition_loss,10.350655667483807
sim_vowels,FD,20.0,,3,FD_b20,training_ckp_epoch_113_min_val_loss,z,validation,model_prior_loss,0.29057879000902176
sim_vowels,FD,20.0,,3,FD_b20,training_ckp_epoch_113_min_val_loss,z,validation,model_div_0_1,0.7040855623781681
sim_vowels,FD,20.0,,3,FD_b20,training_ckp_epoch_113_min_val_loss,z,validation,model_div_0_2,0.7263339273631573
sim_vowels,FD,20.0,,3,FD_b20,training_ckp_epoch_113_min_val_loss,z,validation,model_div_0_3,0.7285168617963791
sim_vowels,FD,20.0,,3,FD_b20,training_ckp_epoch_113_min_val_loss,z,validation,model_div_2_1,0.9881425499916077
sim_vowels,FD,20.0,,3,FD_b20,training_ckp_epoch_113_min_val_loss,z,validation,model_div_3_1,0.9895628858357668
sim_vowels,FD,20.0,,3,FD_b20,training_ckp_epoch_113_min_val_loss,z,validation,model_div_3_2,0.9919876717031002
sim_vowels,FD,20.0,,3,FD_b20,training_ckp_epoch_113_min_val_loss,z,validation,rate_per_frame,4.672623758939043e-07
sim_vowels,FD,20.0,,3,FD_b20,training_ckp_epoch_113_min_val_loss,z,validation,check_max_abs_diff,8.364556916551358e-06
sim_vowels,FD,20.0,,3,FD_b20,training_ckp_epoch_113_min_val_loss,s,validation,n_utt,500.0
sim_vowels,FD,20.0,,3,FD_b20,training_ckp_epoch_113_min_val_loss,s,validation,n_frames,500.0
sim_vowels,FD,20.0,,3,FD_b20,training_ckp_epoch_113_min_val_loss,s,validation,d_frame_div_0_1,0.18788127734493967
sim_vowels,FD,20.0,,3,FD_b20,training_ckp_epoch_113_min_val_loss,s,validation,d_frame_div_0_2,0.22255481465990923
sim_vowels,FD,20.0,,3,FD_b20,training_ckp_epoch_113_min_val_loss,s,validation,d_frame_div_0_3,0.22087842148912315
sim_vowels,FD,20.0,,3,FD_b20,training_ckp_epoch_113_min_val_loss,s,validation,d_frame_div_2_1,0.5586664155089932
sim_vowels,FD,20.0,,3,FD_b20,training_ckp_epoch_113_min_val_loss,s,validation,d_frame_div_3_1,0.559568624894905
sim_vowels,FD,20.0,,3,FD_b20,training_ckp_epoch_113_min_val_loss,s,validation,d_frame_div_3_2,0.030378565286994216
sim_vowels,FD,20.0,,3,FD_b20,training_ckp_epoch_113_min_val_loss,s,validation,d_recon,0.21043817116465735
sim_vowels,FD,20.0,,3,FD_b20,training_ckp_epoch_113_min_val_loss,s,validation,d_ortho,0.3828712018969642
sim_vowels,FD,20.0,,3,FD_b20,training_ckp_epoch_113_min_val_loss,s,validation,d_recon_norm,0.303598105952994
sim_vowels,FD,20.0,,3,FD_b20,training_ckp_epoch_113_min_val_loss,s,validation,d_ortho_norm,0.5523663842759474
sim_vowels,FD,20.0,,3,FD_b20,training_ckp_epoch_113_min_val_loss,s,validation,d_recon_utt,0.21043817116465735
sim_vowels,FD,20.0,,3,FD_b20,training_ckp_epoch_113_min_val_loss,s,validation,d_ortho_utt,0.3828712018969642
sim_vowels,FD,20.0,,3,FD_b20,training_ckp_epoch_113_min_val_loss,s,validation,clamp_frac_recon,0.0
sim_vowels,FD,20.0,,3,FD_b20,training_ckp_epoch_113_min_val_loss,s,validation,clamp_frac_ortho,0.0
sim_vowels,FD,20.0,,3,FD_b20,training_ckp_epoch_113_min_val_loss,s,validation,model_div_pos,0.21146118501201272
sim_vowels,FD,20.0,,3,FD_b20,training_ckp_epoch_113_min_val_loss,s,validation,model_div_neg,0.38390020839869976
sim_vowels,FD,20.0,,3,FD_b20,training_ckp_epoch_113_min_val_loss,s,validation,model_ce_pos,0.7303566485643387
sim_vowels,FD,20.0,,3,FD_b20,training_ckp_epoch_113_min_val_loss,s,validation,model_ce_neg,9.073959112167358
sim_vowels,FD,20.0,,3,FD_b20,training_ckp_epoch_113_min_val_loss,s,validation,model_decomposition_loss,3.267778418958187
sim_vowels,FD,20.0,,3,FD_b20,training_ckp_epoch_113_min_val_loss,s,validation,model_prior_loss,0.4342664033174515
sim_vowels,FD,20.0,,3,FD_b20,training_ckp_epoch_113_min_val_loss,s,validation,model_div_0_1,0.18792885821312666
sim_vowels,FD,20.0,,3,FD_b20,training_ckp_epoch_113_min_val_loss,s,validation,model_div_0_2,0.22401706594973803
sim_vowels,FD,20.0,,3,FD_b20,training_ckp_epoch_113_min_val_loss,s,validation,model_div_0_3,0.22243761410936713
sim_vowels,FD,20.0,,3,FD_b20,training_ckp_epoch_113_min_val_loss,s,validation,model_div_2_1,0.560546737164259
sim_vowels,FD,20.0,,3,FD_b20,training_ckp_epoch_113_min_val_loss,s,validation,model_div_3_1,0.561484013684094
sim_vowels,FD,20.0,,3,FD_b20,training_ckp_epoch_113_min_val_loss,s,validation,model_div_3_2,0.02966981153622328
sim_vowels,FD,20.0,,3,FD_b20,training_ckp_epoch_113_min_val_loss,s,validation,rate_per_frame,3.474131226539612e-06
sim_vowels,FD,20.0,,3,FD_b20,training_ckp_epoch_113_min_val_loss,s,validation,check_max_abs_diff,7.713247440754856e-08
sim_vowels,FD,20.0,,3,FD_b20,training_ckp_epoch_113_min_val_loss,z,test,n_utt,300.0
sim_vowels,FD,20.0,,3,FD_b20,training_ckp_epoch_113_min_val_loss,z,test,n_frames,59700.0
sim_vowels,FD,20.0,,3,FD_b20,training_ckp_epoch_113_min_val_loss,z,test,d_frame_div_0_1,0.003627032253352763
sim_vowels,FD,20.0,,3,FD_b20,training_ckp_epoch_113_min_val_loss,z,test,d_frame_div_0_2,0.0036302289610246905
sim_vowels,FD,20.0,,3,FD_b20,training_ckp_epoch_113_min_val_loss,z,test,d_frame_div_0_3,0.00360123237565072
sim_vowels,FD,20.0,,3,FD_b20,training_ckp_epoch_113_min_val_loss,z,test,d_frame_div_2_1,0.006918160689298077
sim_vowels,FD,20.0,,3,FD_b20,training_ckp_epoch_113_min_val_loss,z,test,d_frame_div_3_1,0.006811514941372669
sim_vowels,FD,20.0,,3,FD_b20,training_ckp_epoch_113_min_val_loss,z,test,d_frame_div_3_2,0.006826261318798379
sim_vowels,FD,20.0,,3,FD_b20,training_ckp_epoch_113_min_val_loss,z,test,d_recon,0.0036194978633427247
sim_vowels,FD,20.0,,3,FD_b20,training_ckp_epoch_113_min_val_loss,z,test,d_ortho,0.006851978983156375
sim_vowels,FD,20.0,,3,FD_b20,training_ckp_epoch_113_min_val_loss,z,test,d_recon_norm,0.005221831617952748
sim_vowels,FD,20.0,,3,FD_b20,training_ckp_epoch_113_min_val_loss,z,test,d_ortho_norm,0.009885316099275104
sim_vowels,FD,20.0,,3,FD_b20,training_ckp_epoch_113_min_val_loss,z,test,d_recon_utt,0.7063789990540477
sim_vowels,FD,20.0,,3,FD_b20,training_ckp_epoch_113_min_val_loss,z,test,d_ortho_utt,0.9890674480393086
sim_vowels,FD,20.0,,3,FD_b20,training_ckp_epoch_113_min_val_loss,z,test,clamp_frac_recon,0.0811111111111111
sim_vowels,FD,20.0,,3,FD_b20,training_ckp_epoch_113_min_val_loss,z,test,clamp_frac_ortho,0.89
sim_vowels,FD,20.0,,3,FD_b20,training_ckp_epoch_113_min_val_loss,z,test,model_div_pos,0.7063839027756139
sim_vowels,FD,20.0,,3,FD_b20,training_ckp_epoch_113_min_val_loss,z,test,model_div_neg,0.9889342031980816
sim_vowels,FD,20.0,,3,FD_b20,training_ckp_epoch_113_min_val_loss,z,test,model_ce_pos,27.833134701377467
sim_vowels,FD,20.0,,3,FD_b20,training_ckp_epoch_113_min_val_loss,z,test,model_ce_neg,0.036709668886798774
sim_vowels,FD,20.0,,3,FD_b20,training_ckp_epoch_113_min_val_loss,z,test,model_decomposition_loss,9.289018844303332
sim_vowels,FD,20.0,,3,FD_b20,training_ckp_epoch_113_min_val_loss,z,test,model_prior_loss,0.29611156175011083
sim_vowels,FD,20.0,,3,FD_b20,training_ckp_epoch_113_min_val_loss,z,test,model_div_0_1,0.7088673428485268
sim_vowels,FD,20.0,,3,FD_b20,training_ckp_epoch_113_min_val_loss,z,test,model_div_0_2,0.7071620759211088
sim_vowels,FD,20.0,,3,FD_b20,training_ckp_epoch_113_min_val_loss,z,test,model_div_0_3,0.7031222425009075
sim_vowels,FD,20.0,,3,FD_b20,training_ckp_epoch_113_min_val_loss,z,test,model_div_2_1,0.9912337566676893
sim_vowels,FD,20.0,,3,FD_b20,training_ckp_epoch_113_min_val_loss,z,test,model_div_3_1,0.9909005918000874
sim_vowels,FD,20.0,,3,FD_b20,training_ckp_epoch_113_min_val_loss,z,test,model_div_3_2,0.9846681952476501
sim_vowels,FD,20.0,,3,FD_b20,training_ckp_epoch_113_min_val_loss,z,test,rate_per_frame,4.711993026174293e-07
sim_vowels,FD,20.0,,3,FD_b20,training_ckp_epoch_113_min_val_loss,z,test,check_max_abs_diff,8.349409648222839e-06
sim_vowels,FD,20.0,,3,FD_b20,training_ckp_epoch_113_min_val_loss,s,test,n_utt,300.0
sim_vowels,FD,20.0,,3,FD_b20,training_ckp_epoch_113_min_val_loss,s,test,n_frames,300.0
sim_vowels,FD,20.0,,3,FD_b20,training_ckp_epoch_113_min_val_loss,s,test,d_frame_div_0_1,0.1850263501680076
sim_vowels,FD,20.0,,3,FD_b20,training_ckp_epoch_113_min_val_loss,s,test,d_frame_div_0_2,0.2398230233879301
sim_vowels,FD,20.0,,3,FD_b20,training_ckp_epoch_113_min_val_loss,s,test,d_frame_div_0_3,0.22432935751168134
sim_vowels,FD,20.0,,3,FD_b20,training_ckp_epoch_113_min_val_loss,s,test,d_frame_div_2_1,0.581182922709975
sim_vowels,FD,20.0,,3,FD_b20,training_ckp_epoch_113_min_val_loss,s,test,d_frame_div_3_1,0.5581940675548346
sim_vowels,FD,20.0,,3,FD_b20,training_ckp_epoch_113_min_val_loss,s,test,d_frame_div_3_2,0.03627413407860703
sim_vowels,FD,20.0,,3,FD_b20,training_ckp_epoch_113_min_val_loss,s,test,d_recon,0.21639291035587305
sim_vowels,FD,20.0,,3,FD_b20,training_ckp_epoch_113_min_val_loss,s,test,d_ortho,0.3918837081144722
sim_vowels,FD,20.0,,3,FD_b20,training_ckp_epoch_113_min_val_loss,s,test,d_recon_norm,0.31218897865394807
sim_vowels,FD,20.0,,3,FD_b20,training_ckp_epoch_113_min_val_loss,s,test,d_ortho_norm,0.565368682301927
sim_vowels,FD,20.0,,3,FD_b20,training_ckp_epoch_113_min_val_loss,s,test,d_recon_utt,0.21639291035587305
sim_vowels,FD,20.0,,3,FD_b20,training_ckp_epoch_113_min_val_loss,s,test,d_ortho_utt,0.3918837081144722
sim_vowels,FD,20.0,,3,FD_b20,training_ckp_epoch_113_min_val_loss,s,test,clamp_frac_recon,0.0
sim_vowels,FD,20.0,,3,FD_b20,training_ckp_epoch_113_min_val_loss,s,test,clamp_frac_ortho,0.0
sim_vowels,FD,20.0,,3,FD_b20,training_ckp_epoch_113_min_val_loss,s,test,model_div_pos,0.2161474972963333
sim_vowels,FD,20.0,,3,FD_b20,training_ckp_epoch_113_min_val_loss,s,test,model_div_neg,0.39123506922470896
sim_vowels,FD,20.0,,3,FD_b20,training_ckp_epoch_113_min_val_loss,s,test,model_ce_pos,0.7468675406355607
sim_vowels,FD,20.0,,3,FD_b20,training_ckp_epoch_113_min_val_loss,s,test,model_ce_neg,8.926518339859811
sim_vowels,FD,20.0,,3,FD_b20,training_ckp_epoch_113_min_val_loss,s,test,model_decomposition_loss,3.2241393892388595
sim_vowels,FD,20.0,,3,FD_b20,training_ckp_epoch_113_min_val_loss,s,test,model_prior_loss,0.4341100391588713
sim_vowels,FD,20.0,,3,FD_b20,training_ckp_epoch_113_min_val_loss,s,test,model_div_0_1,0.18465047368877813
sim_vowels,FD,20.0,,3,FD_b20,training_ckp_epoch_113_min_val_loss,s,test,model_div_0_2,0.23953765003304733
sim_vowels,FD,20.0,,3,FD_b20,training_ckp_epoch_113_min_val_loss,s,test,model_div_0_3,0.22425436816717448
sim_vowels,FD,20.0,,3,FD_b20,training_ckp_epoch_113_min_val_loss,s,test,model_div_2_1,0.5801388527217665
sim_vowels,FD,20.0,,3,FD_b20,training_ckp_epoch_113_min_val_loss,s,test,model_div_3_1,0.5574562769187125
sim_vowels,FD,20.0,,3,FD_b20,training_ckp_epoch_113_min_val_loss,s,test,model_div_3_2,0.036110067577714004
sim_vowels,FD,20.0,,3,FD_b20,training_ckp_epoch_113_min_val_loss,s,test,rate_per_frame,3.4367044766743977e-06
sim_vowels,FD,20.0,,3,FD_b20,training_ckp_epoch_113_min_val_loss,s,test,check_max_abs_diff,7.787194178376922e-08
sim_vowels,FD,40.0,,3,FD_b40,training_ckp_epoch_109,z,validation,n_utt,500.0
sim_vowels,FD,40.0,,3,FD_b40,training_ckp_epoch_109,z,validation,n_frames,99500.0
sim_vowels,FD,40.0,,3,FD_b40,training_ckp_epoch_109,z,validation,d_frame_div_0_1,0.0029865540167338003
sim_vowels,FD,40.0,,3,FD_b40,training_ckp_epoch_109,z,validation,d_frame_div_0_2,0.0029576169210966522
sim_vowels,FD,40.0,,3,FD_b40,training_ckp_epoch_109,z,validation,d_frame_div_0_3,0.0029982086189957336
sim_vowels,FD,40.0,,3,FD_b40,training_ckp_epoch_109,z,validation,d_frame_div_2_1,0.005362213679241975
sim_vowels,FD,40.0,,3,FD_b40,training_ckp_epoch_109,z,validation,d_frame_div_3_1,0.005386357120547614
sim_vowels,FD,40.0,,3,FD_b40,training_ckp_epoch_109,z,validation,d_frame_div_3_2,0.005390668171651401
sim_vowels,FD,40.0,,3,FD_b40,training_ckp_epoch_109,z,validation,d_recon,0.0029807931856087287
sim_vowels,FD,40.0,,3,FD_b40,training_ckp_epoch_109,z,validation,d_ortho,0.005379746323813664
sim_vowels,FD,40.0,,3,FD_b40,training_ckp_epoch_109,z,validation,d_recon_norm,0.004300375546793329
sim_vowels,FD,40.0,,3,FD_b40,training_ckp_epoch_109,z,validation,d_ortho_norm,0.007761333342606604
sim_vowels,FD,40.0,,3,FD_b40,training_ckp_epoch_109,z,validation,d_recon_utt,0.5927682733369062
sim_vowels,FD,40.0,,3,FD_b40,training_ckp_epoch_109,z,validation,d_ortho_utt,0.9409898123928205
sim_vowels,FD,40.0,,3,FD_b40,training_ckp_epoch_109,z,validation,clamp_frac_recon,0.007333333333333333
sim_vowels,FD,40.0,,3,FD_b40,training_ckp_epoch_109,z,validation,clamp_frac_ortho,0.592
sim_vowels,FD,40.0,,3,FD_b40,training_ckp_epoch_109,z,validation,model_div_pos,0.592247512191534
sim_vowels,FD,40.0,,3,FD_b40,training_ckp_epoch_109,z,validation,model_div_neg,0.9402235299348831
sim_vowels,FD,40.0,,3,FD_b40,training_ckp_epoch_109,z,validation,model_ce_pos,5.048935815691948
sim_vowels,FD,40.0,,3,FD_b40,training_ckp_epoch_109,z,validation,model_ce_neg,0.20140764117240906
sim_vowels,FD,40.0,,3,FD_b40,training_ckp_epoch_109,z,validation,model_decomposition_loss,1.749939452856779
sim_vowels,FD,40.0,,3,FD_b40,training_ckp_epoch_109,z,validation,model_prior_loss,2.1575320698320866
sim_vowels,FD,40.0,,3,FD_b40,training_ckp_epoch_109,z,validation,model_div_0_1,0.5924094244837761
sim_vowels,FD,40.0,,3,FD_b40,training_ckp_epoch_109,z,validation,model_div_0_2,0.5886572003364563
sim_vowels,FD,40.0,,3,FD_b40,training_ckp_epoch_109,z,validation,model_div_0_3,0.5956758428364992
sim_vowels,FD,40.0,,3,FD_b40,training_ckp_epoch_109,z,validation,model_div_2_1,0.9412534385919571
sim_vowels,FD,40.0,,3,FD_b40,training_ckp_epoch_109,z,validation,model_div_3_1,0.9389017634093761
sim_vowels,FD,40.0,,3,FD_b40,training_ckp_epoch_109,z,validation,model_div_3_2,0.9405153412371874
sim_vowels,FD,40.0,,3,FD_b40,training_ckp_epoch_109,z,validation,rate_per_frame,1.7346991516237882e-06
sim_vowels,FD,40.0,,3,FD_b40,training_ckp_epoch_109,z,validation,check_max_abs_diff,8.449489334871885e-06
sim_vowels,FD,40.0,,3,FD_b40,training_ckp_epoch_109,s,validation,n_utt,500.0
sim_vowels,FD,40.0,,3,FD_b40,training_ckp_epoch_109,s,validation,n_frames,500.0
sim_vowels,FD,40.0,,3,FD_b40,training_ckp_epoch_109,s,validation,d_frame_div_0_1,0.16743422447000078
sim_vowels,FD,40.0,,3,FD_b40,training_ckp_epoch_109,s,validation,d_frame_div_0_2,0.22417461715080395
sim_vowels,FD,40.0,,3,FD_b40,training_ckp_epoch_109,s,validation,d_frame_div_0_3,0.22096794100500847
sim_vowels,FD,40.0,,3,FD_b40,training_ckp_epoch_109,s,validation,d_frame_div_2_1,0.4736078876034287
sim_vowels,FD,40.0,,3,FD_b40,training_ckp_epoch_109,s,validation,d_frame_div_3_1,0.4702131738946274
sim_vowels,FD,40.0,,3,FD_b40,training_ckp_epoch_109,s,validation,d_frame_div_3_2,0.03116125149595256
sim_vowels,FD,40.0,,3,FD_b40,training_ckp_epoch_109,s,validation,d_recon,0.20419226087527106
sim_vowels,FD,40.0,,3,FD_b40,training_ckp_epoch_109,s,validation,d_ortho,0.32499410433133624
sim_vowels,FD,40.0,,3,FD_b40,training_ckp_epoch_109,s,validation,d_recon_norm,0.29458716215265907
sim_vowels,FD,40.0,,3,FD_b40,training_ckp_epoch_109,s,validation,d_ortho_norm,0.4688673826369692
sim_vowels,FD,40.0,,3,FD_b40,training_ckp_epoch_109,s,validation,d_recon_utt,0.20419226087527106
sim_vowels,FD,40.0,,3,FD_b40,training_ckp_epoch_109,s,validation,d_ortho_utt,0.32499410433133624
sim_vowels,FD,40.0,,3,FD_b40,training_ckp_epoch_109,s,validation,clamp_frac_recon,0.0
sim_vowels,FD,40.0,,3,FD_b40,training_ckp_epoch_109,s,validation,clamp_frac_ortho,0.0
sim_vowels,FD,40.0,,3,FD_b40,training_ckp_epoch_109,s,validation,model_div_pos,0.20532126910984516
sim_vowels,FD,40.0,,3,FD_b40,training_ckp_epoch_109,s,validation,model_div_neg,0.3260333249345422
sim_vowels,FD,40.0,,3,FD_b40,training_ckp_epoch_109,s,validation,model_ce_pos,0.7063223086297512
sim_vowels,FD,40.0,,3,FD_b40,training_ckp_epoch_109,s,validation,model_ce_neg,8.174003794789314
sim_vowels,FD,40.0,,3,FD_b40,training_ckp_epoch_109,s,validation,model_decomposition_loss,2.959812641143799
sim_vowels,FD,40.0,,3,FD_b40,training_ckp_epoch_109,s,validation,model_prior_loss,1.1040642857551575
sim_vowels,FD,40.0,,3,FD_b40,training_ckp_epoch_109,s,validation,model_div_0_1,0.16783785400912166
sim_vowels,FD,40.0,,3,FD_b40,training_ckp_epoch_109,s,validation,model_div_0_2,0.2256899275816977
sim_vowels,FD,40.0,,3,FD_b40,training_ckp_epoch_109,s,validation,model_div_0_3,0.22243602201342583
sim_vowels,FD,40.0,,3,FD_b40,training_ckp_epoch_109,s,validation,model_div_2_1,0.4755318323150277
sim_vowels,FD,40.0,,3,FD_b40,training_ckp_epoch_109,s,validation,model_div_3_1,0.472130473703146
sim_vowels,FD,40.0,,3,FD_b40,training_ckp_epoch_109,s,validation,model_div_3_2,0.030437641370554047
sim_vowels,FD,40.0,,3,FD_b40,training_ckp_epoch_109,s,validation,rate_per_frame,4.41625714302063e-06
sim_vowels,FD,40.0,,3,FD_b40,training_ckp_epoch_109,s,validation,check_max_abs_diff,7.577277116865844e-08
sim_vowels,FD,40.0,,3,FD_b40,training_ckp_epoch_109,z,test,n_utt,300.0
sim_vowels,FD,40.0,,3,FD_b40,training_ckp_epoch_109,z,test,n_frames,59700.0
sim_vowels,FD,40.0,,3,FD_b40,training_ckp_epoch_109,z,test,d_frame_div_0_1,0.0030275837927266854
sim_vowels,FD,40.0,,3,FD_b40,training_ckp_epoch_109,z,test,d_frame_div_0_2,0.003082535021586263
sim_vowels,FD,40.0,,3,FD_b40,training_ckp_epoch_109,z,test,d_frame_div_0_3,0.003033967918357886
sim_vowels,FD,40.0,,3,FD_b40,training_ckp_epoch_109,z,test,d_frame_div_2_1,0.005524870961322333
sim_vowels,FD,40.0,,3,FD_b40,training_ckp_epoch_109,z,test,d_frame_div_3_1,0.005456901904947757
sim_vowels,FD,40.0,,3,FD_b40,training_ckp_epoch_109,z,test,d_frame_div_3_2,0.005513907758619461
sim_vowels,FD,40.0,,3,FD_b40,training_ckp_epoch_109,z,test,d_recon,0.0030480289108902785
sim_vowels,FD,40.0,,3,FD_b40,training_ckp_epoch_109,z,test,d_ortho,0.005498560208296517
sim_vowels,FD,40.0,,3,FD_b40,training_ckp_epoch_109,z,test,d_recon_norm,0.004397376194227593
sim_vowels,FD,40.0,,3,FD_b40,training_ckp_epoch_109,z,test,d_ortho_norm,0.007932745544538771
sim_vowels,FD,40.0,,3,FD_b40,training_ckp_epoch_109,z,test,d_recon_utt,0.6065242652466785
sim_vowels,FD,40.0,,3,FD_b40,training_ckp_epoch_109,z,test,d_ortho_utt,0.9600687419732402
sim_vowels,FD,40.0,,3,FD_b40,training_ckp_epoch_109,z,test,clamp_frac_recon,0.0022222222222222222
sim_vowels,FD,40.0,,3,FD_b40,training_ckp_epoch_109,z,test,clamp_frac_ortho,0.6344444444444445
sim_vowels,FD,40.0,,3,FD_b40,training_ckp_epoch_109,z,test,model_div_pos,0.6064171853818392
sim_vowels,FD,40.0,,3,FD_b40,training_ckp_epoch_109,z,test,model_div_neg,0.9600052519848472
sim_vowels,FD,40.0,,3,FD_b40,training_ckp_epoch_109,z,test,model_ce_pos,3.697556370183041
sim_vowels,FD,40.0,,3,FD_b40,training_ckp_epoch_109,z,test,model_ce_neg,0.13196441727249245
sim_vowels,FD,40.0,,3,FD_b40,training_ckp_epoch_109,z,test,model_decomposition_loss,1.276379246460764
sim_vowels,FD,40.0,,3,FD_b40,training_ckp_epoch_109,z,test,model_prior_loss,2.1521494576805518
sim_vowels,FD,40.0,,3,FD_b40,training_ckp_epoch_109,z,test,model_div_0_1,0.6020928997742502
sim_vowels,FD,40.0,,3,FD_b40,training_ckp_epoch_109,z,test,model_div_0_2,0.6133423698575873
sim_vowels,FD,40.0,,3,FD_b40,training_ckp_epoch_109,z,test,model_div_0_3,0.6038162080865157
sim_vowels,FD,40.0,,3,FD_b40,training_ckp_epoch_109,z,test,model_div_2_1,0.9605444763836107
sim_vowels,FD,40.0,,3,FD_b40,training_ckp_epoch_109,z,test,model_div_3_1,0.9567733375649703
sim_vowels,FD,40.0,,3,FD_b40,training_ckp_epoch_109,z,test,model_div_3_2,0.962697872990056
sim_vowels,FD,40.0,,3,FD_b40,training_ckp_epoch_109,z,test,rate_per_frame,1.7123467209351123e-06
sim_vowels,FD,40.0,,3,FD_b40,training_ckp_epoch_109,z,test,check_max_abs_diff,8.419045011365256e-06
sim_vowels,FD,40.0,,3,FD_b40,training_ckp_epoch_109,s,test,n_utt,300.0
sim_vowels,FD,40.0,,3,FD_b40,training_ckp_epoch_109,s,test,n_frames,300.0
sim_vowels,FD,40.0,,3,FD_b40,training_ckp_epoch_109,s,test,d_frame_div_0_1,0.16500348351877286
sim_vowels,FD,40.0,,3,FD_b40,training_ckp_epoch_109,s,test,d_frame_div_0_2,0.244775781476065
sim_vowels,FD,40.0,,3,FD_b40,training_ckp_epoch_109,s,test,d_frame_div_0_3,0.22790902463006782
sim_vowels,FD,40.0,,3,FD_b40,training_ckp_epoch_109,s,test,d_frame_div_2_1,0.49304062618707234
sim_vowels,FD,40.0,,3,FD_b40,training_ckp_epoch_109,s,test,d_frame_div_3_1,0.47493566383478025
sim_vowels,FD,40.0,,3,FD_b40,training_ckp_epoch_109,s,test,d_frame_div_3_2,0.03540283801329373
sim_vowels,FD,40.0,,3,FD_b40,training_ckp_epoch_109,s,test,d_recon,0.21256276320830192
sim_vowels,FD,40.0,,3,FD_b40,training_ckp_epoch_109,s,test,d_ortho,0.33445970934504876
sim_vowels,FD,40.0,,3,FD_b40,training_ckp_epoch_109,s,test,d_recon_norm,0.3066632443582722
sim_vowels,FD,40.0,,3,FD_b40,training_ckp_epoch_109,s,test,d_ortho_norm,0.48252336404926593
sim_vowels,FD,40.0,,3,FD_b40,training_ckp_epoch_109,s,test,d_recon_utt,0.21256276320830192
sim_vowels,FD,40.0,,3,FD_b40,training_ckp_epoch_109,s,test,d_ortho_utt,0.33445970934504876
sim_vowels,FD,40.0,,3,FD_b40,training_ckp_epoch_109,s,test,clamp_frac_recon,0.0
sim_vowels,FD,40.0,,3,FD_b40,training_ckp_epoch_109,s,test,clamp_frac_ortho,0.0
sim_vowels,FD,40.0,,3,FD_b40,training_ckp_epoch_109,s,test,model_div_pos,0.21228116358581342
sim_vowels,FD,40.0,,3,FD_b40,training_ckp_epoch_109,s,test,model_div_neg,0.33396512269973755
sim_vowels,FD,40.0,,3,FD_b40,training_ckp_epoch_109,s,test,model_ce_pos,0.732961334680256
sim_vowels,FD,40.0,,3,FD_b40,training_ckp_epoch_109,s,test,model_ce_neg,8.174779063776919
sim_vowels,FD,40.0,,3,FD_b40,training_ckp_epoch_109,s,test,model_decomposition_loss,2.9689497571242485
sim_vowels,FD,40.0,,3,FD_b40,training_ckp_epoch_109,s,test,model_prior_loss,1.089535261455335
sim_vowels,FD,40.0,,3,FD_b40,training_ckp_epoch_109,s,test,model_div_0_1,0.164673418590897
sim_vowels,FD,40.0,,3,FD_b40,training_ckp_epoch_109,s,test,model_div_0_2,0.24444088496659933
sim_vowels,FD,40.0,,3,FD_b40,training_ckp_epoch_109,s,test,model_div_0_3,0.22772917229878276
sim_vowels,FD,40.0,,3,FD_b40,training_ckp_epoch_109,s,test,model_div_2_1,0.49219316087271037
sim_vowels,FD,40.0,,3,FD_b40,training_ckp_epoch_109,s,test,model_div_3_1,0.47431499707071406
sim_vowels,FD,40.0,,3,FD_b40,training_ckp_epoch_109,s,test,model_div_3_2,0.035387194053711074
sim_vowels,FD,40.0,,3,FD_b40,training_ckp_epoch_109,s,test,rate_per_frame,4.312743743260702e-06
sim_vowels,FD,40.0,,3,FD_b40,training_ckp_epoch_109,s,test,check_max_abs_diff,7.527197298795585e-08
sim_vowels,EWT,0.0,,3,EWT_b0,training_ckp_epoch_112_min_val_loss,z,validation,n_utt,500.0
sim_vowels,EWT,0.0,,3,EWT_b0,training_ckp_epoch_112_min_val_loss,z,validation,n_frames,99500.0
sim_vowels,EWT,0.0,,3,EWT_b0,training_ckp_epoch_112_min_val_loss,z,validation,d_frame_div_0_1,0.00361713230047702
sim_vowels,EWT,0.0,,3,EWT_b0,training_ckp_epoch_112_min_val_loss,z,validation,d_frame_div_0_2,0.0036287218531796126
sim_vowels,EWT,0.0,,3,EWT_b0,training_ckp_epoch_112_min_val_loss,z,validation,d_frame_div_0_3,0.0036254547429496976
sim_vowels,EWT,0.0,,3,EWT_b0,training_ckp_epoch_112_min_val_loss,z,validation,d_frame_div_2_1,0.009306435625696129
sim_vowels,EWT,0.0,,3,EWT_b0,training_ckp_epoch_112_min_val_loss,z,validation,d_frame_div_3_1,0.009340350669860008
sim_vowels,EWT,0.0,,3,EWT_b0,training_ckp_epoch_112_min_val_loss,z,validation,d_frame_div_3_2,0.009380090261163349
sim_vowels,EWT,0.0,,3,EWT_b0,training_ckp_epoch_112_min_val_loss,z,validation,d_recon,0.00362376963220211
sim_vowels,EWT,0.0,,3,EWT_b0,training_ckp_epoch_112_min_val_loss,z,validation,d_ortho,0.009342292185573163
sim_vowels,EWT,0.0,,3,EWT_b0,training_ckp_epoch_112_min_val_loss,z,validation,d_recon_norm,0.005227994477702007
sim_vowels,EWT,0.0,,3,EWT_b0,training_ckp_epoch_112_min_val_loss,z,validation,d_ortho_norm,0.013478078606662119
sim_vowels,EWT,0.0,,3,EWT_b0,training_ckp_epoch_112_min_val_loss,z,validation,d_recon_utt,0.7211301568082199
sim_vowels,EWT,0.0,,3,EWT_b0,training_ckp_epoch_112_min_val_loss,z,validation,d_ortho_utt,1.0
sim_vowels,EWT,0.0,,3,EWT_b0,training_ckp_epoch_112_min_val_loss,z,validation,clamp_frac_recon,0.0
sim_vowels,EWT,0.0,,3,EWT_b0,training_ckp_epoch_112_min_val_loss,z,validation,clamp_frac_ortho,1.0
sim_vowels,EWT,0.0,,3,EWT_b0,training_ckp_epoch_112_min_val_loss,z,validation,model_div_pos,0.7212781235575676
sim_vowels,EWT,0.0,,3,EWT_b0,training_ckp_epoch_112_min_val_loss,z,validation,model_div_neg,1.0
sim_vowels,EWT,0.0,,3,EWT_b0,training_ckp_epoch_112_min_val_loss,z,validation,model_ce_pos,3.925182268023491
sim_vowels,EWT,0.0,,3,EWT_b0,training_ckp_epoch_112_min_val_loss,z,validation,model_ce_neg,0.0
sim_vowels,EWT,0.0,,3,EWT_b0,training_ckp_epoch_112_min_val_loss,z,validation,model_decomposition_loss,1.3082632198929787
sim_vowels,EWT,0.0,,3,EWT_b0,training_ckp_epoch_112_min_val_loss,z,validation,model_prior_loss,0.0
sim_vowels,EWT,0.0,,3,EWT_b0,training_ckp_epoch_112_min_val_loss,z,validation,model_div_0_1,0.7194748390465975
sim_vowels,EWT,0.0,,3,EWT_b0,training_ckp_epoch_112_min_val_loss,z,validation,model_div_0_2,0.7224980164319277
sim_vowels,EWT,0.0,,3,EWT_b0,training_ckp_epoch_112_min_val_loss,z,validation,model_div_0_3,0.721861457452178
sim_vowels,EWT,0.0,,3,EWT_b0,training_ckp_epoch_112_min_val_loss,z,validation,model_div_2_1,1.0
sim_vowels,EWT,0.0,,3,EWT_b0,training_ckp_epoch_112_min_val_loss,z,validation,model_div_3_1,1.0
sim_vowels,EWT,0.0,,3,EWT_b0,training_ckp_epoch_112_min_val_loss,z,validation,model_div_3_2,1.0
sim_vowels,EWT,0.0,,3,EWT_b0,training_ckp_epoch_112_min_val_loss,z,validation,rate_per_frame,
sim_vowels,EWT,0.0,,3,EWT_b0,training_ckp_epoch_112_min_val_loss,z,validation,check_max_abs_diff,8.13202480998143e-06
sim_vowels,EWT,0.0,,3,EWT_b0,training_ckp_epoch_112_min_val_loss,s,validation,n_utt,500.0
sim_vowels,EWT,0.0,,3,EWT_b0,training_ckp_epoch_112_min_val_loss,s,validation,n_frames,500.0
sim_vowels,EWT,0.0,,3,EWT_b0,training_ckp_epoch_112_min_val_loss,s,validation,d_frame_div_0_1,0.31750236973393314
sim_vowels,EWT,0.0,,3,EWT_b0,training_ckp_epoch_112_min_val_loss,s,validation,d_frame_div_0_2,0.35936426088338985
sim_vowels,EWT,0.0,,3,EWT_b0,training_ckp_epoch_112_min_val_loss,s,validation,d_frame_div_0_3,0.3101400912511674
sim_vowels,EWT,0.0,,3,EWT_b0,training_ckp_epoch_112_min_val_loss,s,validation,d_frame_div_2_1,0.6808562287201307
sim_vowels,EWT,0.0,,3,EWT_b0,training_ckp_epoch_112_min_val_loss,s,validation,d_frame_div_3_1,0.6914645299760682
sim_vowels,EWT,0.0,,3,EWT_b0,training_ckp_epoch_112_min_val_loss,s,validation,d_frame_div_3_2,0.6914104283319679
sim_vowels,EWT,0.0,,3,EWT_b0,training_ckp_epoch_112_min_val_loss,s,validation,d_recon,0.3290022406228301
sim_vowels,EWT,0.0,,3,EWT_b0,training_ckp_epoch_112_min_val_loss,s,validation,d_ortho,0.6879103956760556
sim_vowels,EWT,0.0,,3,EWT_b0,training_ckp_epoch_112_min_val_loss,s,validation,d_recon_norm,0.4746499009879145
sim_vowels,EWT,0.0,,3,EWT_b0,training_ckp_epoch_112_min_val_loss,s,validation,d_ortho_norm,0.9924449164178101
sim_vowels,EWT,0.0,,3,EWT_b0,training_ckp_epoch_112_min_val_loss,s,validation,d_recon_utt,0.3290022406228301
sim_vowels,EWT,0.0,,3,EWT_b0,training_ckp_epoch_112_min_val_loss,s,validation,d_ortho_utt,0.6879103956760556
sim_vowels,EWT,0.0,,3,EWT_b0,training_ckp_epoch_112_min_val_loss,s,validation,clamp_frac_recon,0.0
sim_vowels,EWT,0.0,,3,EWT_b0,training_ckp_epoch_112_min_val_loss,s,validation,clamp_frac_ortho,0.0
sim_vowels,EWT,0.0,,3,EWT_b0,training_ckp_epoch_112_min_val_loss,s,validation,model_div_pos,0.32884472142904997
sim_vowels,EWT,0.0,,3,EWT_b0,training_ckp_epoch_112_min_val_loss,s,validation,model_div_neg,0.688002347946167
sim_vowels,EWT,0.0,,3,EWT_b0,training_ckp_epoch_112_min_val_loss,s,validation,model_ce_pos,1.2081706933677197
sim_vowels,EWT,0.0,,3,EWT_b0,training_ckp_epoch_112_min_val_loss,s,validation,model_ce_neg,1.131526656448841
sim_vowels,EWT,0.0,,3,EWT_b0,training_ckp_epoch_112_min_val_loss,s,validation,model_decomposition_loss,0.7798210997134447
sim_vowels,EWT,0.0,,3,EWT_b0,training_ckp_epoch_112_min_val_loss,s,validation,model_prior_loss,0.0
sim_vowels,EWT,0.0,,3,EWT_b0,training_ckp_epoch_112_min_val_loss,s,validation,model_div_0_1,0.31752736773341894
sim_vowels,EWT,0.0,,3,EWT_b0,training_ckp_epoch_112_min_val_loss,s,validation,model_div_0_2,0.35873803216964006
sim_vowels,EWT,0.0,,3,EWT_b0,training_ckp_epoch_112_min_val_loss,s,validation,model_div_0_3,0.31026873271912336
sim_vowels,EWT,0.0,,3,EWT_b0,training_ckp_epoch_112_min_val_loss,s,validation,model_div_2_1,0.6811086721718311
sim_vowels,EWT,0.0,,3,EWT_b0,training_ckp_epoch_112_min_val_loss,s,validation,model_div_3_1,0.6914783287793398
sim_vowels,EWT,0.0,,3,EWT_b0,training_ckp_epoch_112_min_val_loss,s,validation,model_div_3_2,0.6914199776947498
sim_vowels,EWT,0.0,,3,EWT_b0,training_ckp_epoch_112_min_val_loss,s,validation,rate_per_frame,
sim_vowels,EWT,0.0,,3,EWT_b0,training_ckp_epoch_112_min_val_loss,s,validation,check_max_abs_diff,8.847191446115232e-08
sim_vowels,EWT,0.0,,3,EWT_b0,training_ckp_epoch_112_min_val_loss,z,test,n_utt,300.0
sim_vowels,EWT,0.0,,3,EWT_b0,training_ckp_epoch_112_min_val_loss,z,test,n_frames,59700.0
sim_vowels,EWT,0.0,,3,EWT_b0,training_ckp_epoch_112_min_val_loss,z,test,d_frame_div_0_1,0.0036514073534901796
sim_vowels,EWT,0.0,,3,EWT_b0,training_ckp_epoch_112_min_val_loss,z,test,d_frame_div_0_2,0.003635990228183433
sim_vowels,EWT,0.0,,3,EWT_b0,training_ckp_epoch_112_min_val_loss,z,test,d_frame_div_0_3,0.0036930343280773886
sim_vowels,EWT,0.0,,3,EWT_b0,training_ckp_epoch_112_min_val_loss,z,test,d_frame_div_2_1,0.009444333840863997
sim_vowels,EWT,0.0,,3,EWT_b0,training_ckp_epoch_112_min_val_loss,z,test,d_frame_div_3_1,0.009516352450567553
sim_vowels,EWT,0.0,,3,EWT_b0,training_ckp_epoch_112_min_val_loss,z,test,d_frame_div_3_2,0.00950423717222534
sim_vowels,EWT,0.0,,3,EWT_b0,training_ckp_epoch_112_min_val_loss,z,test,d_recon,0.0036601439699170007
sim_vowels,EWT,0.0,,3,EWT_b0,training_ckp_epoch_112_min_val_loss,z,test,d_ortho,0.009488307821218962
sim_vowels,EWT,0.0,,3,EWT_b0,training_ckp_epoch_112_min_val_loss,z,test,d_recon_norm,0.0052804715543389
sim_vowels,EWT,0.0,,3,EWT_b0,training_ckp_epoch_112_min_val_loss,z,test,d_ortho_norm,0.013688734640100562
sim_vowels,EWT,0.0,,3,EWT_b0,training_ckp_epoch_112_min_val_loss,z,test,d_recon_utt,0.7283423148009383
sim_vowels,EWT,0.0,,3,EWT_b0,training_ckp_epoch_112_min_val_loss,z,test,d_ortho_utt,1.0
sim_vowels,EWT,0.0,,3,EWT_b0,training_ckp_epoch_112_min_val_loss,z,test,clamp_frac_recon,0.0011111111111111111
sim_vowels,EWT,0.0,,3,EWT_b0,training_ckp_epoch_112_min_val_loss,z,test,clamp_frac_ortho,1.0
sim_vowels,EWT,0.0,,3,EWT_b0,training_ckp_epoch_112_min_val_loss,z,test,model_div_pos,0.7285471464458265
sim_vowels,EWT,0.0,,3,EWT_b0,training_ckp_epoch_112_min_val_loss,z,test,model_div_neg,1.0
sim_vowels,EWT,0.0,,3,EWT_b0,training_ckp_epoch_112_min_val_loss,z,test,model_ce_pos,4.378139307624416
sim_vowels,EWT,0.0,,3,EWT_b0,training_ckp_epoch_112_min_val_loss,z,test,model_ce_neg,0.0
sim_vowels,EWT,0.0,,3,EWT_b0,training_ckp_epoch_112_min_val_loss,z,test,model_decomposition_loss,1.4592338173012984
sim_vowels,EWT,0.0,,3,EWT_b0,training_ckp_epoch_112_min_val_loss,z,test,model_prior_loss,0.0
sim_vowels,EWT,0.0,,3,EWT_b0,training_ckp_epoch_112_min_val_loss,z,test,model_div_0_1,0.7270661184662267
sim_vowels,EWT,0.0,,3,EWT_b0,training_ckp_epoch_112_min_val_loss,z,test,model_div_0_2,0.7235331943160609
sim_vowels,EWT,0.0,,3,EWT_b0,training_ckp_epoch_112_min_val_loss,z,test,model_div_0_3,0.7350420763618067
sim_vowels,EWT,0.0,,3,EWT_b0,training_ckp_epoch_112_min_val_loss,z,test,model_div_2_1,1.0
sim_vowels,EWT,0.0,,3,EWT_b0,training_ckp_epoch_112_min_val_loss,z,test,model_div_3_1,1.0
sim_vowels,EWT,0.0,,3,EWT_b0,training_ckp_epoch_112_min_val_loss,z,test,model_div_3_2,1.0
sim_vowels,EWT,0.0,,3,EWT_b0,training_ckp_epoch_112_min_val_loss,z,test,rate_per_frame,
sim_vowels,EWT,0.0,,3,EWT_b0,training_ckp_epoch_112_min_val_loss,z,test,check_max_abs_diff,8.136144784121058e-06
sim_vowels,EWT,0.0,,3,EWT_b0,training_ckp_epoch_112_min_val_loss,s,test,n_utt,300.0
sim_vowels,EWT,0.0,,3,EWT_b0,training_ckp_epoch_112_min_val_loss,s,test,n_frames,300.0
sim_vowels,EWT,0.0,,3,EWT_b0,training_ckp_epoch_112_min_val_loss,s,test,d_frame_div_0_1,0.32143652121180905
sim_vowels,EWT,0.0,,3,EWT_b0,training_ckp_epoch_112_min_val_loss,s,test,d_frame_div_0_2,0.3542814399116032
sim_vowels,EWT,0.0,,3,EWT_b0,training_ckp_epoch_112_min_val_loss,s,test,d_frame_div_0_3,0.30825011717412387
sim_vowels,EWT,0.0,,3,EWT_b0,training_ckp_epoch_112_min_val_loss,s,test,d_frame_div_2_1,0.6815825807610434
sim_vowels,EWT,0.0,,3,EWT_b0,training_ckp_epoch_112_min_val_loss,s,test,d_frame_div_3_1,0.6917069741385453
sim_vowels,EWT,0.0,,3,EWT_b0,training_ckp_epoch_112_min_val_loss,s,test,d_frame_div_3_2,0.6917055585265149
sim_vowels,EWT,0.0,,3,EWT_b0,training_ckp_epoch_112_min_val_loss,s,test,d_recon,0.32798935943251206
sim_vowels,EWT,0.0,,3,EWT_b0,training_ckp_epoch_112_min_val_loss,s,test,d_ortho,0.6883317044753678
sim_vowels,EWT,0.0,,3,EWT_b0,training_ckp_epoch_112_min_val_loss,s,test,d_recon_norm,0.4731886223176329
sim_vowels,EWT,0.0,,3,EWT_b0,training_ckp_epoch_112_min_val_loss,s,test,d_ortho_norm,0.9930527365332608
sim_vowels,EWT,0.0,,3,EWT_b0,training_ckp_epoch_112_min_val_loss,s,test,d_recon_utt,0.32798935943251206
sim_vowels,EWT,0.0,,3,EWT_b0,training_ckp_epoch_112_min_val_loss,s,test,d_ortho_utt,0.6883317044753678
sim_vowels,EWT,0.0,,3,EWT_b0,training_ckp_epoch_112_min_val_loss,s,test,clamp_frac_recon,0.0
sim_vowels,EWT,0.0,,3,EWT_b0,training_ckp_epoch_112_min_val_loss,s,test,clamp_frac_ortho,0.0
sim_vowels,EWT,0.0,,3,EWT_b0,training_ckp_epoch_112_min_val_loss,s,test,model_div_pos,0.3279153939924742
sim_vowels,EWT,0.0,,3,EWT_b0,training_ckp_epoch_112_min_val_loss,s,test,model_div_neg,0.6883451781774822
sim_vowels,EWT,0.0,,3,EWT_b0,training_ckp_epoch_112_min_val_loss,s,test,model_ce_pos,1.2043656298988743
sim_vowels,EWT,0.0,,3,EWT_b0,training_ckp_epoch_112_min_val_loss,s,test,model_ce_neg,1.123890939511751
sim_vowels,EWT,0.0,,3,EWT_b0,training_ckp_epoch_112_min_val_loss,s,test,model_decomposition_loss,0.7760079095238134
sim_vowels,EWT,0.0,,3,EWT_b0,training_ckp_epoch_112_min_val_loss,s,test,model_prior_loss,0.0
sim_vowels,EWT,0.0,,3,EWT_b0,training_ckp_epoch_112_min_val_loss,s,test,model_div_0_1,0.32146369940356206
sim_vowels,EWT,0.0,,3,EWT_b0,training_ckp_epoch_112_min_val_loss,s,test,model_div_0_2,0.3540953146783929
sim_vowels,EWT,0.0,,3,EWT_b0,training_ckp_epoch_112_min_val_loss,s,test,model_div_0_3,0.30818714593586166
sim_vowels,EWT,0.0,,3,EWT_b0,training_ckp_epoch_112_min_val_loss,s,test,model_div_2_1,0.6816102830987227
sim_vowels,EWT,0.0,,3,EWT_b0,training_ckp_epoch_112_min_val_loss,s,test,model_div_3_1,0.6917135684113753
sim_vowels,EWT,0.0,,3,EWT_b0,training_ckp_epoch_112_min_val_loss,s,test,model_div_3_2,0.6917116171435306
sim_vowels,EWT,0.0,,3,EWT_b0,training_ckp_epoch_112_min_val_loss,s,test,rate_per_frame,
sim_vowels,EWT,0.0,,3,EWT_b0,training_ckp_epoch_112_min_val_loss,s,test,check_max_abs_diff,9.676233381217259e-08
sim_vowels,EWT,0.1,,3,EWT_b0.1,training_ckp_epoch_109,z,validation,n_utt,500.0
sim_vowels,EWT,0.1,,3,EWT_b0.1,training_ckp_epoch_109,z,validation,n_frames,99500.0
sim_vowels,EWT,0.1,,3,EWT_b0.1,training_ckp_epoch_109,z,validation,d_frame_div_0_1,0.003501870426513191
sim_vowels,EWT,0.1,,3,EWT_b0.1,training_ckp_epoch_109,z,validation,d_frame_div_0_2,0.003489875134549893
sim_vowels,EWT,0.1,,3,EWT_b0.1,training_ckp_epoch_109,z,validation,d_frame_div_0_3,0.0035063132006531374
sim_vowels,EWT,0.1,,3,EWT_b0.1,training_ckp_epoch_109,z,validation,d_frame_div_2_1,0.008698606238027531
sim_vowels,EWT,0.1,,3,EWT_b0.1,training_ckp_epoch_109,z,validation,d_frame_div_3_1,0.008738971453981781
sim_vowels,EWT,0.1,,3,EWT_b0.1,training_ckp_epoch_109,z,validation,d_frame_div_3_2,0.00875041424831547
sim_vowels,EWT,0.1,,3,EWT_b0.1,training_ckp_epoch_109,z,validation,d_recon,0.0034993529205720737
sim_vowels,EWT,0.1,,3,EWT_b0.1,training_ckp_epoch_109,z,validation,d_ortho,0.008729330646774926
sim_vowels,EWT,0.1,,3,EWT_b0.1,training_ckp_epoch_109,z,validation,d_recon_norm,0.005048499104829641
sim_vowels,EWT,0.1,,3,EWT_b0.1,training_ckp_epoch_109,z,validation,d_ortho_norm,0.012593762034382233
sim_vowels,EWT,0.1,,3,EWT_b0.1,training_ckp_epoch_109,z,validation,d_recon_utt,0.696353664621179
sim_vowels,EWT,0.1,,3,EWT_b0.1,training_ckp_epoch_109,z,validation,d_ortho_utt,1.0
sim_vowels,EWT,0.1,,3,EWT_b0.1,training_ckp_epoch_109,z,validation,clamp_frac_recon,0.0013333333333333333
sim_vowels,EWT,0.1,,3,EWT_b0.1,training_ckp_epoch_109,z,validation,clamp_frac_ortho,1.0
sim_vowels,EWT,0.1,,3,EWT_b0.1,training_ckp_epoch_109,z,validation,model_div_pos,0.6963305734097958
sim_vowels,EWT,0.1,,3,EWT_b0.1,training_ckp_epoch_109,z,validation,model_div_neg,1.0
sim_vowels,EWT,0.1,,3,EWT_b0.1,training_ckp_epoch_109,z,validation,model_ce_pos,4.0633367002010345
sim_vowels,EWT,0.1,,3,EWT_b0.1,training_ckp_epoch_109,z,validation,model_ce_neg,0.0
sim_vowels,EWT,0.1,,3,EWT_b0.1,training_ckp_epoch_109,z,validation,model_decomposition_loss,1.354310117661953
sim_vowels,EWT,0.1,,3,EWT_b0.1,training_ckp_epoch_109,z,validation,model_prior_loss,0.01605029939673841
sim_vowels,EWT,0.1,,3,EWT_b0.1,training_ckp_epoch_109,z,validation,model_div_0_1,0.6956785302609205
sim_vowels,EWT,0.1,,3,EWT_b0.1,training_ckp_epoch_109,z,validation,model_div_0_2,0.6951931770890951
sim_vowels,EWT,0.1,,3,EWT_b0.1,training_ckp_epoch_109,z,validation,model_div_0_3,0.6981199570000172
sim_vowels,EWT,0.1,,3,EWT_b0.1,training_ckp_epoch_109,z,validation,model_div_2_1,1.0
sim_vowels,EWT,0.1,,3,EWT_b0.1,training_ckp_epoch_109,z,validation,model_div_3_1,1.0
sim_vowels,EWT,0.1,,3,EWT_b0.1,training_ckp_epoch_109,z,validation,model_div_3_2,1.0
sim_vowels,EWT,0.1,,3,EWT_b0.1,training_ckp_epoch_109,z,validation,rate_per_frame,5.1619053336244135e-06
sim_vowels,EWT,0.1,,3,EWT_b0.1,training_ckp_epoch_109,z,validation,check_max_abs_diff,8.238864906751076e-06
sim_vowels,EWT,0.1,,3,EWT_b0.1,training_ckp_epoch_109,s,validation,n_utt,500.0
sim_vowels,EWT,0.1,,3,EWT_b0.1,training_ckp_epoch_109,s,validation,n_frames,500.0
sim_vowels,EWT,0.1,,3,EWT_b0.1,training_ckp_epoch_109,s,validation,d_frame_div_0_1,0.254333622690128
sim_vowels,EWT,0.1,,3,EWT_b0.1,training_ckp_epoch_109,s,validation,d_frame_div_0_2,0.5009759035730517
sim_vowels,EWT,0.1,,3,EWT_b0.1,training_ckp_epoch_109,s,validation,d_frame_div_0_3,0.21105091941072313
sim_vowels,EWT,0.1,,3,EWT_b0.1,training_ckp_epoch_109,s,validation,d_frame_div_2_1,0.5214075508580112
sim_vowels,EWT,0.1,,3,EWT_b0.1,training_ckp_epoch_109,s,validation,d_frame_div_3_1,0.6867120835566143
sim_vowels,EWT,0.1,,3,EWT_b0.1,training_ckp_epoch_109,s,validation,d_frame_div_3_2,0.6374486542092926
sim_vowels,EWT,0.1,,3,EWT_b0.1,training_ckp_epoch_109,s,validation,d_recon,0.32212014855796756
sim_vowels,EWT,0.1,,3,EWT_b0.1,training_ckp_epoch_109,s,validation,d_ortho,0.615189429541306
sim_vowels,EWT,0.1,,3,EWT_b0.1,training_ckp_epoch_109,s,validation,d_recon_norm,0.464721140894996
sim_vowels,EWT,0.1,,3,EWT_b0.1,training_ckp_epoch_109,s,validation,d_ortho_norm,0.8875307392065525
sim_vowels,EWT,0.1,,3,EWT_b0.1,training_ckp_epoch_109,s,validation,d_recon_utt,0.32212014855796756
sim_vowels,EWT,0.1,,3,EWT_b0.1,training_ckp_epoch_109,s,validation,d_ortho_utt,0.615189429541306
sim_vowels,EWT,0.1,,3,EWT_b0.1,training_ckp_epoch_109,s,validation,clamp_frac_recon,0.0
sim_vowels,EWT,0.1,,3,EWT_b0.1,training_ckp_epoch_109,s,validation,clamp_frac_ortho,0.0
sim_vowels,EWT,0.1,,3,EWT_b0.1,training_ckp_epoch_109,s,validation,model_div_pos,0.32207371573895216
sim_vowels,EWT,0.1,,3,EWT_b0.1,training_ckp_epoch_109,s,validation,model_div_neg,0.6153229456394911
sim_vowels,EWT,0.1,,3,EWT_b0.1,training_ckp_epoch_109,s,validation,model_ce_pos,1.2654695212841034
sim_vowels,EWT,0.1,,3,EWT_b0.1,training_ckp_epoch_109,s,validation,model_ce_neg,1.5505714602768421
sim_vowels,EWT,0.1,,3,EWT_b0.1,training_ckp_epoch_109,s,validation,model_decomposition_loss,0.9385864436626434
sim_vowels,EWT,0.1,,3,EWT_b0.1,training_ckp_epoch_109,s,validation,model_prior_loss,0.0062069762498140335
sim_vowels,EWT,0.1,,3,EWT_b0.1,training_ckp_epoch_109,s,validation,model_div_0_1,0.25386789720505476
sim_vowels,EWT,0.1,,3,EWT_b0.1,training_ckp_epoch_109,s,validation,model_div_0_2,0.5014776298776269
sim_vowels,EWT,0.1,,3,EWT_b0.1,training_ckp_epoch_109,s,validation,model_div_0_3,0.2108755805529654
sim_vowels,EWT,0.1,,3,EWT_b0.1,training_ckp_epoch_109,s,validation,model_div_2_1,0.5225655194371939
sim_vowels,EWT,0.1,,3,EWT_b0.1,training_ckp_epoch_109,s,validation,model_div_3_1,0.686740055680275
sim_vowels,EWT,0.1,,3,EWT_b0.1,training_ckp_epoch_109,s,validation,model_div_3_2,0.6366632077842951
sim_vowels,EWT,0.1,,3,EWT_b0.1,training_ckp_epoch_109,s,validation,rate_per_frame,9.931161999702454e-06
sim_vowels,EWT,0.1,,3,EWT_b0.1,training_ckp_epoch_109,s,validation,check_max_abs_diff,8.678250218441264e-08
sim_vowels,EWT,0.1,,3,EWT_b0.1,training_ckp_epoch_109,z,test,n_utt,300.0
sim_vowels,EWT,0.1,,3,EWT_b0.1,training_ckp_epoch_109,z,test,n_frames,59700.0
sim_vowels,EWT,0.1,,3,EWT_b0.1,training_ckp_epoch_109,z,test,d_frame_div_0_1,0.0034913974719594254
sim_vowels,EWT,0.1,,3,EWT_b0.1,training_ckp_epoch_109,z,test,d_frame_div_0_2,0.0034934997755311655
sim_vowels,EWT,0.1,,3,EWT_b0.1,training_ckp_epoch_109,z,test,d_frame_div_0_3,0.0035461988992409477
sim_vowels,EWT,0.1,,3,EWT_b0.1,training_ckp_epoch_109,z,test,d_frame_div_2_1,0.008747851504484209
sim_vowels,EWT,0.1,,3,EWT_b0.1,training_ckp_epoch_109,z,test,d_frame_div_3_1,0.00882670996371116
sim_vowels,EWT,0.1,,3,EWT_b0.1,training_ckp_epoch_109,z,test,d_frame_div_3_2,0.008804796189632888
sim_vowels,EWT,0.1,,3,EWT_b0.1,training_ckp_epoch_109,z,test,d_recon,0.003510365382243846
sim_vowels,EWT,0.1,,3,EWT_b0.1,training_ckp_epoch_109,z,test,d_ortho,0.008793119219276087
sim_vowels,EWT,0.1,,3,EWT_b0.1,training_ckp_epoch_109,z,test,d_recon_norm,0.0050643867286714874
sim_vowels,EWT,0.1,,3,EWT_b0.1,training_ckp_epoch_109,z,test,d_ortho_norm,0.012685789491595045
sim_vowels,EWT,0.1,,3,EWT_b0.1,training_ckp_epoch_109,z,test,d_recon_utt,0.6985627110665253
sim_vowels,EWT,0.1,,3,EWT_b0.1,training_ckp_epoch_109,z,test,d_ortho_utt,1.0
sim_vowels,EWT,0.1,,3,EWT_b0.1,training_ckp_epoch_109,z,test,clamp_frac_recon,0.0
sim_vowels,EWT,0.1,,3,EWT_b0.1,training_ckp_epoch_109,z,test,clamp_frac_ortho,1.0
sim_vowels,EWT,0.1,,3,EWT_b0.1,training_ckp_epoch_109,z,test,model_div_pos,0.698836762654154
sim_vowels,EWT,0.1,,3,EWT_b0.1,training_ckp_epoch_109,z,test,model_div_neg,1.0
sim_vowels,EWT,0.1,,3,EWT_b0.1,training_ckp_epoch_109,z,test,model_ce_pos,3.7583765481647693
sim_vowels,EWT,0.1,,3,EWT_b0.1,training_ckp_epoch_109,z,test,model_ce_neg,0.0
sim_vowels,EWT,0.1,,3,EWT_b0.1,training_ckp_epoch_109,z,test,model_decomposition_loss,1.252666893758272
sim_vowels,EWT,0.1,,3,EWT_b0.1,training_ckp_epoch_109,z,test,model_prior_loss,0.01606510109023044
sim_vowels,EWT,0.1,,3,EWT_b0.1,training_ckp_epoch_109,z,test,model_div_0_1,0.6951745748519897
sim_vowels,EWT,0.1,,3,EWT_b0.1,training_ckp_epoch_109,z,test,model_div_0_2,0.6953257886986983
sim_vowels,EWT,0.1,,3,EWT_b0.1,training_ckp_epoch_109,z,test,model_div_0_3,0.7060098773554752
sim_vowels,EWT,0.1,,3,EWT_b0.1,training_ckp_epoch_109,z,test,model_div_2_1,1.0
sim_vowels,EWT,0.1,,3,EWT_b0.1,training_ckp_epoch_109,z,test,model_div_3_1,1.0
sim_vowels,EWT,0.1,,3,EWT_b0.1,training_ckp_epoch_109,z,test,model_div_3_2,1.0
sim_vowels,EWT,0.1,,3,EWT_b0.1,training_ckp_epoch_109,z,test,rate_per_frame,5.112846243121916e-06
sim_vowels,EWT,0.1,,3,EWT_b0.1,training_ckp_epoch_109,z,test,check_max_abs_diff,8.274057073709429e-06
sim_vowels,EWT,0.1,,3,EWT_b0.1,training_ckp_epoch_109,s,test,n_utt,300.0
sim_vowels,EWT,0.1,,3,EWT_b0.1,training_ckp_epoch_109,s,test,n_frames,300.0
sim_vowels,EWT,0.1,,3,EWT_b0.1,training_ckp_epoch_109,s,test,d_frame_div_0_1,0.2616669647614014
sim_vowels,EWT,0.1,,3,EWT_b0.1,training_ckp_epoch_109,s,test,d_frame_div_0_2,0.5015983250199534
sim_vowels,EWT,0.1,,3,EWT_b0.1,training_ckp_epoch_109,s,test,d_frame_div_0_3,0.20079994867149653
sim_vowels,EWT,0.1,,3,EWT_b0.1,training_ckp_epoch_109,s,test,d_frame_div_2_1,0.5183460653335095
sim_vowels,EWT,0.1,,3,EWT_b0.1,training_ckp_epoch_109,s,test,d_frame_div_3_1,0.6881512174114622
sim_vowels,EWT,0.1,,3,EWT_b0.1,training_ckp_epoch_109,s,test,d_frame_div_3_2,0.6367586474164529
sim_vowels,EWT,0.1,,3,EWT_b0.1,training_ckp_epoch_109,s,test,d_recon,0.32135507948428377
sim_vowels,EWT,0.1,,3,EWT_b0.1,training_ckp_epoch_109,s,test,d_ortho,0.6144186433871417
sim_vowels,EWT,0.1,,3,EWT_b0.1,training_ckp_epoch_109,s,test,d_recon_norm,0.4636173795364549
sim_vowels,EWT,0.1,,3,EWT_b0.1,training_ckp_epoch_109,s,test,d_ortho_norm,0.8864187298443539
sim_vowels,EWT,0.1,,3,EWT_b0.1,training_ckp_epoch_109,s,test,d_recon_utt,0.32135507948428377
sim_vowels,EWT,0.1,,3,EWT_b0.1,training_ckp_epoch_109,s,test,d_ortho_utt,0.6144186433871417
sim_vowels,EWT,0.1,,3,EWT_b0.1,training_ckp_epoch_109,s,test,clamp_frac_recon,0.0
sim_vowels,EWT,0.1,,3,EWT_b0.1,training_ckp_epoch_109,s,test,clamp_frac_ortho,0.0
sim_vowels,EWT,0.1,,3,EWT_b0.1,training_ckp_epoch_109,s,test,model_div_pos,0.3213987758285121
sim_vowels,EWT,0.1,,3,EWT_b0.1,training_ckp_epoch_109,s,test,model_div_neg,0.6144361213633889
sim_vowels,EWT,0.1,,3,EWT_b0.1,training_ckp_epoch_109,s,test,model_ce_pos,1.259951679330123
sim_vowels,EWT,0.1,,3,EWT_b0.1,training_ckp_epoch_109,s,test,model_ce_neg,1.5763058034997237
sim_vowels,EWT,0.1,,3,EWT_b0.1,training_ckp_epoch_109,s,test,model_decomposition_loss,0.945324602879976
sim_vowels,EWT,0.1,,3,EWT_b0.1,training_ckp_epoch_109,s,test,model_prior_loss,0.006202537762491326
sim_vowels,EWT,0.1,,3,EWT_b0.1,training_ckp_epoch_109,s,test,model_div_0_1,0.26190625052703054
sim_vowels,EWT,0.1,,3,EWT_b0.1,training_ckp_epoch_109,s,test,model_div_0_2,0.5017483140292921
sim_vowels,EWT,0.1,,3,EWT_b0.1,training_ckp_epoch_109,s,test,model_div_0_3,0.2005417260684465
sim_vowels,EWT,0.1,,3,EWT_b0.1,training_ckp_epoch_109,s,test,model_div_2_1,0.5181346519997245
sim_vowels,EWT,0.1,,3,EWT_b0.1,training_ckp_epoch_109,s,test,model_div_3_1,0.6881562690985831
sim_vowels,EWT,0.1,,3,EWT_b0.1,training_ckp_epoch_109,s,test,model_div_3_2,0.6370173880928441
sim_vowels,EWT,0.1,,3,EWT_b0.1,training_ckp_epoch_109,s,test,rate_per_frame,9.820684790611266e-06
sim_vowels,EWT,0.1,,3,EWT_b0.1,training_ckp_epoch_109,s,test,check_max_abs_diff,9.271815071265621e-08
sim_vowels,EWT,1.0,,3,EWT_b1,training_ckp_epoch_110_min_val_loss,z,validation,n_utt,500.0
sim_vowels,EWT,1.0,,3,EWT_b1,training_ckp_epoch_110_min_val_loss,z,validation,n_frames,99500.0
sim_vowels,EWT,1.0,,3,EWT_b1,training_ckp_epoch_110_min_val_loss,z,validation,d_frame_div_0_1,0.004063442814519575
sim_vowels,EWT,1.0,,3,EWT_b1,training_ckp_epoch_110_min_val_loss,z,validation,d_frame_div_0_2,0.004122128938129711
sim_vowels,EWT,1.0,,3,EWT_b1,training_ckp_epoch_110_min_val_loss,z,validation,d_frame_div_0_3,0.004109899565599807
sim_vowels,EWT,1.0,,3,EWT_b1,training_ckp_epoch_110_min_val_loss,z,validation,d_frame_div_2_1,0.008738325893587329
sim_vowels,EWT,1.0,,3,EWT_b1,training_ckp_epoch_110_min_val_loss,z,validation,d_frame_div_3_1,0.008708867491538529
sim_vowels,EWT,1.0,,3,EWT_b1,training_ckp_epoch_110_min_val_loss,z,validation,d_frame_div_3_2,0.008771643624267085
sim_vowels,EWT,1.0,,3,EWT_b1,training_ckp_epoch_110_min_val_loss,z,validation,d_recon,0.004098490439416364
sim_vowels,EWT,1.0,,3,EWT_b1,training_ckp_epoch_110_min_val_loss,z,validation,d_ortho,0.008739612336464316
sim_vowels,EWT,1.0,,3,EWT_b1,training_ckp_epoch_110_min_val_loss,z,validation,d_recon_norm,0.005912871832076817
sim_vowels,EWT,1.0,,3,EWT_b1,training_ckp_epoch_110_min_val_loss,z,validation,d_ortho_norm,0.012608595377109075
sim_vowels,EWT,1.0,,3,EWT_b1,training_ckp_epoch_110_min_val_loss,z,validation,d_recon_utt,0.8110489602035466
sim_vowels,EWT,1.0,,3,EWT_b1,training_ckp_epoch_110_min_val_loss,z,validation,d_ortho_utt,1.0
sim_vowels,EWT,1.0,,3,EWT_b1,training_ckp_epoch_110_min_val_loss,z,validation,clamp_frac_recon,0.06666666666666667
sim_vowels,EWT,1.0,,3,EWT_b1,training_ckp_epoch_110_min_val_loss,z,validation,clamp_frac_ortho,1.0
sim_vowels,EWT,1.0,,3,EWT_b1,training_ckp_epoch_110_min_val_loss,z,validation,model_div_pos,0.8115593027323484
sim_vowels,EWT,1.0,,3,EWT_b1,training_ckp_epoch_110_min_val_loss,z,validation,model_div_neg,1.0
sim_vowels,EWT,1.0,,3,EWT_b1,training_ckp_epoch_110_min_val_loss,z,validation,model_ce_pos,25.782178342342377
sim_vowels,EWT,1.0,,3,EWT_b1,training_ckp_epoch_110_min_val_loss,z,validation,model_ce_neg,0.0
sim_vowels,EWT,1.0,,3,EWT_b1,training_ckp_epoch_110_min_val_loss,z,validation,model_decomposition_loss,8.593199916183949
sim_vowels,EWT,1.0,,3,EWT_b1,training_ckp_epoch_110_min_val_loss,z,validation,model_prior_loss,0.041189577896147966
sim_vowels,EWT,1.0,,3,EWT_b1,training_ckp_epoch_110_min_val_loss,z,validation,model_div_0_1,0.8042807746678591
sim_vowels,EWT,1.0,,3,EWT_b1,training_ckp_epoch_110_min_val_loss,z,validation,model_div_0_2,0.8166552782058716
sim_vowels,EWT,1.0,,3,EWT_b1,training_ckp_epoch_110_min_val_loss,z,validation,model_div_0_3,0.8137417789548635
sim_vowels,EWT,1.0,,3,EWT_b1,training_ckp_epoch_110_min_val_loss,z,validation,model_div_2_1,1.0
sim_vowels,EWT,1.0,,3,EWT_b1,training_ckp_epoch_110_min_val_loss,z,validation,model_div_3_1,1.0
sim_vowels,EWT,1.0,,3,EWT_b1,training_ckp_epoch_110_min_val_loss,z,validation,model_div_3_2,1.0
sim_vowels,EWT,1.0,,3,EWT_b1,training_ckp_epoch_110_min_val_loss,z,validation,rate_per_frame,1.3246899423886784e-06
sim_vowels,EWT,1.0,,3,EWT_b1,training_ckp_epoch_110_min_val_loss,z,validation,check_max_abs_diff,8.26478531801289e-06
sim_vowels,EWT,1.0,,3,EWT_b1,training_ckp_epoch_110_min_val_loss,s,validation,n_utt,500.0
sim_vowels,EWT,1.0,,3,EWT_b1,training_ckp_epoch_110_min_val_loss,s,validation,n_frames,500.0
sim_vowels,EWT,1.0,,3,EWT_b1,training_ckp_epoch_110_min_val_loss,s,validation,d_frame_div_0_1,0.3292425966134623
sim_vowels,EWT,1.0,,3,EWT_b1,training_ckp_epoch_110_min_val_loss,s,validation,d_frame_div_0_2,0.2995727161100269
sim_vowels,EWT,1.0,,3,EWT_b1,training_ckp_epoch_110_min_val_loss,s,validation,d_frame_div_0_3,0.27973512129829736
sim_vowels,EWT,1.0,,3,EWT_b1,training_ckp_epoch_110_min_val_loss,s,validation,d_frame_div_2_1,0.6196341261002626
sim_vowels,EWT,1.0,,3,EWT_b1,training_ckp_epoch_110_min_val_loss,s,validation,d_frame_div_3_1,0.6890778360920837
sim_vowels,EWT,1.0,,3,EWT_b1,training_ckp_epoch_110_min_val_loss,s,validation,d_frame_div_3_2,0.6611701789995427
sim_vowels,EWT,1.0,,3,EWT_b1,training_ckp_epoch_110_min_val_loss,s,validation,d_recon,0.30285014467392884
sim_vowels,EWT,1.0,,3,EWT_b1,training_ckp_epoch_110_min_val_loss,s,validation,d_ortho,0.6566273803972964
sim_vowels,EWT,1.0,,3,EWT_b1,training_ckp_epoch_110_min_val_loss,s,validation,d_recon_norm,0.4369204018535823
sim_vowels,EWT,1.0,,3,EWT_b1,training_ckp_epoch_110_min_val_loss,s,validation,d_ortho_norm,0.9473130654110905
sim_vowels,EWT,1.0,,3,EWT_b1,training_ckp_epoch_110_min_val_loss,s,validation,d_recon_utt,0.30285014467392884
sim_vowels,EWT,1.0,,3,EWT_b1,training_ckp_epoch_110_min_val_loss,s,validation,d_ortho_utt,0.6566273803972964
sim_vowels,EWT,1.0,,3,EWT_b1,training_ckp_epoch_110_min_val_loss,s,validation,clamp_frac_recon,0.0
sim_vowels,EWT,1.0,,3,EWT_b1,training_ckp_epoch_110_min_val_loss,s,validation,clamp_frac_ortho,0.0
sim_vowels,EWT,1.0,,3,EWT_b1,training_ckp_epoch_110_min_val_loss,s,validation,model_div_pos,0.30283531825989485
sim_vowels,EWT,1.0,,3,EWT_b1,training_ckp_epoch_110_min_val_loss,s,validation,model_div_neg,0.6568577084690332
sim_vowels,EWT,1.0,,3,EWT_b1,training_ckp_epoch_110_min_val_loss,s,validation,model_ce_pos,1.08821776881814
sim_vowels,EWT,1.0,,3,EWT_b1,training_ckp_epoch_110_min_val_loss,s,validation,model_ce_neg,1.4492393359541893
sim_vowels,EWT,1.0,,3,EWT_b1,training_ckp_epoch_110_min_val_loss,s,validation,model_decomposition_loss,0.8457344360649586
sim_vowels,EWT,1.0,,3,EWT_b1,training_ckp_epoch_110_min_val_loss,s,validation,model_prior_loss,0.043765269219875336
sim_vowels,EWT,1.0,,3,EWT_b1,training_ckp_epoch_110_min_val_loss,s,validation,model_div_0_1,0.32897920440882444
sim_vowels,EWT,1.0,,3,EWT_b1,training_ckp_epoch_110_min_val_loss,s,validation,model_div_0_2,0.2996148858219385
sim_vowels,EWT,1.0,,3,EWT_b1,training_ckp_epoch_110_min_val_loss,s,validation,model_div_0_3,0.2799118421971798
sim_vowels,EWT,1.0,,3,EWT_b1,training_ckp_epoch_110_min_val_loss,s,validation,model_div_2_1,0.6203377805650234
sim_vowels,EWT,1.0,,3,EWT_b1,training_ckp_epoch_110_min_val_loss,s,validation,model_div_3_1,0.689071923494339
sim_vowels,EWT,1.0,,3,EWT_b1,training_ckp_epoch_110_min_val_loss,s,validation,model_div_3_2,0.6611633617430925
sim_vowels,EWT,1.0,,3,EWT_b1,training_ckp_epoch_110_min_val_loss,s,validation,rate_per_frame,7.0024430751800535e-06
sim_vowels,EWT,1.0,,3,EWT_b1,training_ckp_epoch_110_min_val_loss,s,validation,check_max_abs_diff,9.381507648509313e-08
sim_vowels,EWT,1.0,,3,EWT_b1,training_ckp_epoch_110_min_val_loss,z,test,n_utt,300.0
sim_vowels,EWT,1.0,,3,EWT_b1,training_ckp_epoch_110_min_val_loss,z,test,n_frames,59700.0
sim_vowels,EWT,1.0,,3,EWT_b1,training_ckp_epoch_110_min_val_loss,z,test,d_frame_div_0_1,0.004096532574943803
sim_vowels,EWT,1.0,,3,EWT_b1,training_ckp_epoch_110_min_val_loss,z,test,d_frame_div_0_2,0.0041574875914389756
sim_vowels,EWT,1.0,,3,EWT_b1,training_ckp_epoch_110_min_val_loss,z,test,d_frame_div_0_3,0.004134042500072239
sim_vowels,EWT,1.0,,3,EWT_b1,training_ckp_epoch_110_min_val_loss,z,test,d_frame_div_2_1,0.008896527452761071
sim_vowels,EWT,1.0,,3,EWT_b1,training_ckp_epoch_110_min_val_loss,z,test,d_frame_div_3_1,0.008861209088178643
sim_vowels,EWT,1.0,,3,EWT_b1,training_ckp_epoch_110_min_val_loss,z,test,d_frame_div_3_2,0.008856033826932952
sim_vowels,EWT,1.0,,3,EWT_b1,training_ckp_epoch_110_min_val_loss,z,test,d_recon,0.004129354222151672
sim_vowels,EWT,1.0,,3,EWT_b1,training_ckp_epoch_110_min_val_loss,z,test,d_ortho,0.008871256789290889
sim_vowels,EWT,1.0,,3,EWT_b1,training_ckp_epoch_110_min_val_loss,z,test,d_recon_norm,0.005957398858372121
sim_vowels,EWT,1.0,,3,EWT_b1,training_ckp_epoch_110_min_val_loss,z,test,d_ortho_norm,0.012798518176362513
sim_vowels,EWT,1.0,,3,EWT_b1,training_ckp_epoch_110_min_val_loss,z,test,d_recon_utt,0.816658005716089
sim_vowels,EWT,1.0,,3,EWT_b1,training_ckp_epoch_110_min_val_loss,z,test,d_ortho_utt,1.0
sim_vowels,EWT,1.0,,3,EWT_b1,training_ckp_epoch_110_min_val_loss,z,test,clamp_frac_recon,0.08555555555555555
sim_vowels,EWT,1.0,,3,EWT_b1,training_ckp_epoch_110_min_val_loss,z,test,clamp_frac_ortho,1.0
sim_vowels,EWT,1.0,,3,EWT_b1,training_ckp_epoch_110_min_val_loss,z,test,model_div_pos,0.81626106877076
sim_vowels,EWT,1.0,,3,EWT_b1,training_ckp_epoch_110_min_val_loss,z,test,model_div_neg,1.0
sim_vowels,EWT,1.0,,3,EWT_b1,training_ckp_epoch_110_min_val_loss,z,test,model_ce_pos,30.36774394386693
sim_vowels,EWT,1.0,,3,EWT_b1,training_ckp_epoch_110_min_val_loss,z,test,model_ce_neg,0.0
sim_vowels,EWT,1.0,,3,EWT_b1,training_ckp_epoch_110_min_val_loss,z,test,model_decomposition_loss,10.121568924502322
sim_vowels,EWT,1.0,,3,EWT_b1,training_ckp_epoch_110_min_val_loss,z,test,model_prior_loss,0.04218706174900657
sim_vowels,EWT,1.0,,3,EWT_b1,training_ckp_epoch_110_min_val_loss,z,test,model_div_0_1,0.8113978661988911
sim_vowels,EWT,1.0,,3,EWT_b1,training_ckp_epoch_110_min_val_loss,z,test,model_div_0_2,0.8211471375666166
sim_vowels,EWT,1.0,,3,EWT_b1,training_ckp_epoch_110_min_val_loss,z,test,model_div_0_3,0.8162381711759066
sim_vowels,EWT,1.0,,3,EWT_b1,training_ckp_epoch_110_min_val_loss,z,test,model_div_2_1,1.0
sim_vowels,EWT,1.0,,3,EWT_b1,training_ckp_epoch_110_min_val_loss,z,test,model_div_3_1,1.0
sim_vowels,EWT,1.0,,3,EWT_b1,training_ckp_epoch_110_min_val_loss,z,test,model_div_3_2,1.0
sim_vowels,EWT,1.0,,3,EWT_b1,training_ckp_epoch_110_min_val_loss,z,test,rate_per_frame,1.3426368060822863e-06
sim_vowels,EWT,1.0,,3,EWT_b1,training_ckp_epoch_110_min_val_loss,z,test,check_max_abs_diff,8.299682566326183e-06
sim_vowels,EWT,1.0,,3,EWT_b1,training_ckp_epoch_110_min_val_loss,s,test,n_utt,300.0
sim_vowels,EWT,1.0,,3,EWT_b1,training_ckp_epoch_110_min_val_loss,s,test,n_frames,300.0
sim_vowels,EWT,1.0,,3,EWT_b1,training_ckp_epoch_110_min_val_loss,s,test,d_frame_div_0_1,0.3312051831698359
sim_vowels,EWT,1.0,,3,EWT_b1,training_ckp_epoch_110_min_val_loss,s,test,d_frame_div_0_2,0.2972514361815016
sim_vowels,EWT,1.0,,3,EWT_b1,training_ckp_epoch_110_min_val_loss,s,test,d_frame_div_0_3,0.27735465686422855
sim_vowels,EWT,1.0,,3,EWT_b1,training_ckp_epoch_110_min_val_loss,s,test,d_frame_div_2_1,0.6194205245734944
sim_vowels,EWT,1.0,,3,EWT_b1,training_ckp_epoch_110_min_val_loss,s,test,d_frame_div_3_1,0.6891733970147491
sim_vowels,EWT,1.0,,3,EWT_b1,training_ckp_epoch_110_min_val_loss,s,test,d_frame_div_3_2,0.6615177002856915
sim_vowels,EWT,1.0,,3,EWT_b1,training_ckp_epoch_110_min_val_loss,s,test,d_recon,0.3019370920718553
sim_vowels,EWT,1.0,,3,EWT_b1,training_ckp_epoch_110_min_val_loss,s,test,d_ortho,0.6567038739579784
sim_vowels,EWT,1.0,,3,EWT_b1,training_ckp_epoch_110_min_val_loss,s,test,d_recon_norm,0.43560314539250006
sim_vowels,EWT,1.0,,3,EWT_b1,training_ckp_epoch_110_min_val_loss,s,test,d_ortho_norm,0.9474234222917463
sim_vowels,EWT,1.0,,3,EWT_b1,training_ckp_epoch_110_min_val_loss,s,test,d_recon_utt,0.3019370920718553
sim_vowels,EWT,1.0,,3,EWT_b1,training_ckp_epoch_110_min_val_loss,s,test,d_ortho_utt,0.6567038739579784
sim_vowels,EWT,1.0,,3,EWT_b1,training_ckp_epoch_110_min_val_loss,s,test,clamp_frac_recon,0.0
sim_vowels,EWT,1.0,,3,EWT_b1,training_ckp_epoch_110_min_val_loss,s,test,clamp_frac_ortho,0.0
sim_vowels,EWT,1.0,,3,EWT_b1,training_ckp_epoch_110_min_val_loss,s,test,model_div_pos,0.3018742799758911
sim_vowels,EWT,1.0,,3,EWT_b1,training_ckp_epoch_110_min_val_loss,s,test,model_div_neg,0.6566504553744668
sim_vowels,EWT,1.0,,3,EWT_b1,training_ckp_epoch_110_min_val_loss,s,test,model_ce_pos,1.0842407941818237
sim_vowels,EWT,1.0,,3,EWT_b1,training_ckp_epoch_110_min_val_loss,s,test,model_ce_neg,1.424500070120159
sim_vowels,EWT,1.0,,3,EWT_b1,training_ckp_epoch_110_min_val_loss,s,test,model_decomposition_loss,0.8361633137652749
sim_vowels,EWT,1.0,,3,EWT_b1,training_ckp_epoch_110_min_val_loss,s,test,model_prior_loss,0.043483156906931025
sim_vowels,EWT,1.0,,3,EWT_b1,training_ckp_epoch_110_min_val_loss,s,test,model_div_0_1,0.33085215875976964
sim_vowels,EWT,1.0,,3,EWT_b1,training_ckp_epoch_110_min_val_loss,s,test,model_div_0_2,0.29730307428460373
sim_vowels,EWT,1.0,,3,EWT_b1,training_ckp_epoch_110_min_val_loss,s,test,model_div_0_3,0.27746758021806417
sim_vowels,EWT,1.0,,3,EWT_b1,training_ckp_epoch_110_min_val_loss,s,test,model_div_2_1,0.6192731418107685
sim_vowels,EWT,1.0,,3,EWT_b1,training_ckp_epoch_110_min_val_loss,s,test,model_div_3_1,0.6891618967056274
sim_vowels,EWT,1.0,,3,EWT_b1,training_ckp_epoch_110_min_val_loss,s,test,model_div_3_2,0.6615162334944072
sim_vowels,EWT,1.0,,3,EWT_b1,training_ckp_epoch_110_min_val_loss,s,test,rate_per_frame,6.884833176930746e-06
sim_vowels,EWT,1.0,,3,EWT_b1,training_ckp_epoch_110_min_val_loss,s,test,check_max_abs_diff,8.929295092219292e-08
sim_vowels,EWT,5.0,,3,EWT_b5,training_ckp_epoch_108_min_val_loss,z,validation,n_utt,500.0
sim_vowels,EWT,5.0,,3,EWT_b5,training_ckp_epoch_108_min_val_loss,z,validation,n_frames,99500.0
sim_vowels,EWT,5.0,,3,EWT_b5,training_ckp_epoch_108_min_val_loss,z,validation,d_frame_div_0_1,0.0041035637672924286
sim_vowels,EWT,5.0,,3,EWT_b5,training_ckp_epoch_108_min_val_loss,z,validation,d_frame_div_0_2,0.004177866507346345
sim_vowels,EWT,5.0,,3,EWT_b5,training_ckp_epoch_108_min_val_loss,z,validation,d_frame_div_0_3,0.004096071585606145
sim_vowels,EWT,5.0,,3,EWT_b5,training_ckp_epoch_108_min_val_loss,z,validation,d_frame_div_2_1,0.008126905360570938
sim_vowels,EWT,5.0,,3,EWT_b5,training_ckp_epoch_108_min_val_loss,z,validation,d_frame_div_3_1,0.008030846921766083
sim_vowels,EWT,5.0,,3,EWT_b5,training_ckp_epoch_108_min_val_loss,z,validation,d_frame_div_3_2,0.008111679148400918
sim_vowels,EWT,5.0,,3,EWT_b5,training_ckp_epoch_108_min_val_loss,z,validation,d_recon,0.0041258339534149735
sim_vowels,EWT,5.0,,3,EWT_b5,training_ckp_epoch_108_min_val_loss,z,validation,d_ortho,0.008089810476912646
sim_vowels,EWT,5.0,,3,EWT_b5,training_ckp_epoch_108_min_val_loss,z,validation,d_recon_norm,0.005952320184123089
sim_vowels,EWT,5.0,,3,EWT_b5,training_ckp_epoch_108_min_val_loss,z,validation,d_ortho_norm,0.011671129456773455
sim_vowels,EWT,5.0,,3,EWT_b5,training_ckp_epoch_108_min_val_loss,z,validation,d_recon_utt,0.8093038592369967
sim_vowels,EWT,5.0,,3,EWT_b5,training_ckp_epoch_108_min_val_loss,z,validation,d_ortho_utt,0.9998587161544914
sim_vowels,EWT,5.0,,3,EWT_b5,training_ckp_epoch_108_min_val_loss,z,validation,clamp_frac_recon,0.138
sim_vowels,EWT,5.0,,3,EWT_b5,training_ckp_epoch_108_min_val_loss,z,validation,clamp_frac_ortho,0.9973333333333333
sim_vowels,EWT,5.0,,3,EWT_b5,training_ckp_epoch_108_min_val_loss,z,validation,model_div_pos,0.8097412511706352
sim_vowels,EWT,5.0,,3,EWT_b5,training_ckp_epoch_108_min_val_loss,z,validation,model_div_neg,0.9998620096594095
sim_vowels,EWT,5.0,,3,EWT_b5,training_ckp_epoch_108_min_val_loss,z,validation,model_ce_pos,45.61706620454788
sim_vowels,EWT,5.0,,3,EWT_b5,training_ckp_epoch_108_min_val_loss,z,validation,model_ce_neg,0.0004309950842014132
sim_vowels,EWT,5.0,,3,EWT_b5,training_ckp_epoch_108_min_val_loss,z,validation,model_decomposition_loss,15.204311646521091
sim_vowels,EWT,5.0,,3,EWT_b5,training_ckp_epoch_108_min_val_loss,z,validation,model_prior_loss,0.13918508775532246
sim_vowels,EWT,5.0,,3,EWT_b5,training_ckp_epoch_108_min_val_loss,z,validation,model_div_0_1,0.8061811234802008
sim_vowels,EWT,5.0,,3,EWT_b5,training_ckp_epoch_108_min_val_loss,z,validation,model_div_0_2,0.819253247231245
sim_vowels,EWT,5.0,,3,EWT_b5,training_ckp_epoch_108_min_val_loss,z,validation,model_div_0_3,0.8037893529981375
sim_vowels,EWT,5.0,,3,EWT_b5,training_ckp_epoch_108_min_val_loss,z,validation,model_div_2_1,0.9998323991894722
sim_vowels,EWT,5.0,,3,EWT_b5,training_ckp_epoch_108_min_val_loss,z,validation,model_div_3_1,0.9997536167502403
sim_vowels,EWT,5.0,,3,EWT_b5,training_ckp_epoch_108_min_val_loss,z,validation,model_div_3_2,1.0
sim_vowels,EWT,5.0,,3,EWT_b5,training_ckp_epoch_108_min_val_loss,z,validation,rate_per_frame,8.952608659638831e-07
sim_vowels,EWT,5.0,,3,EWT_b5,training_ckp_epoch_108_min_val_loss,z,validation,check_max_abs_diff,8.314667152231614e-06
sim_vowels,EWT,5.0,,3,EWT_b5,training_ckp_epoch_108_min_val_loss,s,validation,n_utt,500.0
sim_vowels,EWT,5.0,,3,EWT_b5,training_ckp_epoch_108_min_val_loss,s,validation,n_frames,500.0
sim_vowels,EWT,5.0,,3,EWT_b5,training_ckp_epoch_108_min_val_loss,s,validation,d_frame_div_0_1,0.311515114675199
sim_vowels,EWT,5.0,,3,EWT_b5,training_ckp_epoch_108_min_val_loss,s,validation,d_frame_div_0_2,0.20069992165368927
sim_vowels,EWT,5.0,,3,EWT_b5,training_ckp_epoch_108_min_val_loss,s,validation,d_frame_div_0_3,0.21795699641505847
sim_vowels,EWT,5.0,,3,EWT_b5,training_ckp_epoch_108_min_val_loss,s,validation,d_frame_div_2_1,0.4958454713498222
sim_vowels,EWT,5.0,,3,EWT_b5,training_ckp_epoch_108_min_val_loss,s,validation,d_frame_div_3_1,0.6779924051311509
sim_vowels,EWT,5.0,,3,EWT_b5,training_ckp_epoch_108_min_val_loss,s,validation,d_frame_div_3_2,0.4966134706005671
sim_vowels,EWT,5.0,,3,EWT_b5,training_ckp_epoch_108_min_val_loss,s,validation,d_recon,0.2433906775813156
sim_vowels,EWT,5.0,,3,EWT_b5,training_ckp_epoch_108_min_val_loss,s,validation,d_ortho,0.5568171156938467
sim_vowels,EWT,5.0,,3,EWT_b5,training_ckp_epoch_108_min_val_loss,s,validation,d_recon_norm,0.3511385235451686
sim_vowels,EWT,5.0,,3,EWT_b5,training_ckp_epoch_108_min_val_loss,s,validation,d_ortho_norm,0.8033172914936089
sim_vowels,EWT,5.0,,3,EWT_b5,training_ckp_epoch_108_min_val_loss,s,validation,d_recon_utt,0.2433906775813156
sim_vowels,EWT,5.0,,3,EWT_b5,training_ckp_epoch_108_min_val_loss,s,validation,d_ortho_utt,0.5568171156938467
sim_vowels,EWT,5.0,,3,EWT_b5,training_ckp_epoch_108_min_val_loss,s,validation,clamp_frac_recon,0.0
sim_vowels,EWT,5.0,,3,EWT_b5,training_ckp_epoch_108_min_val_loss,s,validation,clamp_frac_ortho,0.0
sim_vowels,EWT,5.0,,3,EWT_b5,training_ckp_epoch_108_min_val_loss,s,validation,model_div_pos,0.243399724829942
sim_vowels,EWT,5.0,,3,EWT_b5,training_ckp_epoch_108_min_val_loss,s,validation,model_div_neg,0.5567818805575371
sim_vowels,EWT,5.0,,3,EWT_b5,training_ckp_epoch_108_min_val_loss,s,validation,model_ce_pos,0.8504158146679401
sim_vowels,EWT,5.0,,3,EWT_b5,training_ckp_epoch_108_min_val_loss,s,validation,model_ce_neg,1.9493782930076122
sim_vowels,EWT,5.0,,3,EWT_b5,training_ckp_epoch_108_min_val_loss,s,validation,model_decomposition_loss,0.9331713523715734
sim_vowels,EWT,5.0,,3,EWT_b5,training_ckp_epoch_108_min_val_loss,s,validation,model_prior_loss,0.2921540290117264
sim_vowels,EWT,5.0,,3,EWT_b5,training_ckp_epoch_108_min_val_loss,s,validation,model_div_0_1,0.31215690448880196
sim_vowels,EWT,5.0,,3,EWT_b5,training_ckp_epoch_108_min_val_loss,s,validation,model_div_0_2,0.20081711234524846
sim_vowels,EWT,5.0,,3,EWT_b5,training_ckp_epoch_108_min_val_loss,s,validation,model_div_0_3,0.2172251334413886
sim_vowels,EWT,5.0,,3,EWT_b5,training_ckp_epoch_108_min_val_loss,s,validation,model_div_2_1,0.496162879280746
sim_vowels,EWT,5.0,,3,EWT_b5,training_ckp_epoch_108_min_val_loss,s,validation,model_div_3_1,0.6778853386640549
sim_vowels,EWT,5.0,,3,EWT_b5,training_ckp_epoch_108_min_val_loss,s,validation,model_div_3_2,0.49629737064242363
sim_vowels,EWT,5.0,,3,EWT_b5,training_ckp_epoch_108_min_val_loss,s,validation,rate_per_frame,9.348928928375244e-06
sim_vowels,EWT,5.0,,3,EWT_b5,training_ckp_epoch_108_min_val_loss,s,validation,check_max_abs_diff,6.726164680781466e-08
sim_vowels,EWT,5.0,,3,EWT_b5,training_ckp_epoch_108_min_val_loss,z,test,n_utt,300.0
sim_vowels,EWT,5.0,,3,EWT_b5,training_ckp_epoch_108_min_val_loss,z,test,n_frames,59700.0
sim_vowels,EWT,5.0,,3,EWT_b5,training_ckp_epoch_108_min_val_loss,z,test,d_frame_div_0_1,0.004072905905468665
sim_vowels,EWT,5.0,,3,EWT_b5,training_ckp_epoch_108_min_val_loss,z,test,d_frame_div_0_2,0.004133868964228816
sim_vowels,EWT,5.0,,3,EWT_b5,training_ckp_epoch_108_min_val_loss,z,test,d_frame_div_0_3,0.004059266856265376
sim_vowels,EWT,5.0,,3,EWT_b5,training_ckp_epoch_108_min_val_loss,z,test,d_frame_div_2_1,0.008102447985498468
sim_vowels,EWT,5.0,,3,EWT_b5,training_ckp_epoch_108_min_val_loss,z,test,d_frame_div_3_1,0.008030662237042706
sim_vowels,EWT,5.0,,3,EWT_b5,training_ckp_epoch_108_min_val_loss,z,test,d_frame_div_3_2,0.008015880814267736
sim_vowels,EWT,5.0,,3,EWT_b5,training_ckp_epoch_108_min_val_loss,z,test,d_recon,0.004088680575320952
sim_vowels,EWT,5.0,,3,EWT_b5,training_ckp_epoch_108_min_val_loss,z,test,d_ortho,0.008049663678936303
sim_vowels,EWT,5.0,,3,EWT_b5,training_ckp_epoch_108_min_val_loss,z,test,d_recon_norm,0.005898719189794572
sim_vowels,EWT,5.0,,3,EWT_b5,training_ckp_epoch_108_min_val_loss,z,test,d_ortho_norm,0.011613209870425413
sim_vowels,EWT,5.0,,3,EWT_b5,training_ckp_epoch_108_min_val_loss,z,test,d_recon_utt,0.8031485813707897
sim_vowels,EWT,5.0,,3,EWT_b5,training_ckp_epoch_108_min_val_loss,z,test,d_ortho_utt,0.9993770378060793
sim_vowels,EWT,5.0,,3,EWT_b5,training_ckp_epoch_108_min_val_loss,z,test,clamp_frac_recon,0.13
sim_vowels,EWT,5.0,,3,EWT_b5,training_ckp_epoch_108_min_val_loss,z,test,clamp_frac_ortho,0.9911111111111112
sim_vowels,EWT,5.0,,3,EWT_b5,training_ckp_epoch_108_min_val_loss,z,test,model_div_pos,0.8030783063487003
sim_vowels,EWT,5.0,,3,EWT_b5,training_ckp_epoch_108_min_val_loss,z,test,model_div_neg,0.9993819186561986
sim_vowels,EWT,5.0,,3,EWT_b5,training_ckp_epoch_108_min_val_loss,z,test,model_ce_pos,43.781532990305045
sim_vowels,EWT,5.0,,3,EWT_b5,training_ckp_epoch_108_min_val_loss,z,test,model_ce_neg,0.001970898366141084
sim_vowels,EWT,5.0,,3,EWT_b5,training_ckp_epoch_108_min_val_loss,z,test,model_decomposition_loss,14.593041545466372
sim_vowels,EWT,5.0,,3,EWT_b5,training_ckp_epoch_108_min_val_loss,z,test,model_prior_loss,0.13651898817012184
sim_vowels,EWT,5.0,,3,EWT_b5,training_ckp_epoch_108_min_val_loss,z,test,model_div_0_1,0.8004574556099741
sim_vowels,EWT,5.0,,3,EWT_b5,training_ckp_epoch_108_min_val_loss,z,test,model_div_0_2,0.8115029617359764
sim_vowels,EWT,5.0,,3,EWT_b5,training_ckp_epoch_108_min_val_loss,z,test,model_div_0_3,0.7972744985630638
sim_vowels,EWT,5.0,,3,EWT_b5,training_ckp_epoch_108_min_val_loss,z,test,model_div_2_1,0.9991897626927024
sim_vowels,EWT,5.0,,3,EWT_b5,training_ckp_epoch_108_min_val_loss,z,test,model_div_3_1,0.9998038850332561
sim_vowels,EWT,5.0,,3,EWT_b5,training_ckp_epoch_108_min_val_loss,z,test,model_div_3_2,0.999152101968464
sim_vowels,EWT,5.0,,3,EWT_b5,training_ckp_epoch_108_min_val_loss,z,test,rate_per_frame,8.689650838299213e-07
sim_vowels,EWT,5.0,,3,EWT_b5,training_ckp_epoch_108_min_val_loss,z,test,check_max_abs_diff,8.198812637250086e-06
sim_vowels,EWT,5.0,,3,EWT_b5,training_ckp_epoch_108_min_val_loss,s,test,n_utt,300.0
sim_vowels,EWT,5.0,,3,EWT_b5,training_ckp_epoch_108_min_val_loss,s,test,n_frames,300.0
sim_vowels,EWT,5.0,,3,EWT_b5,training_ckp_epoch_108_min_val_loss,s,test,d_frame_div_0_1,0.33276041890331026
sim_vowels,EWT,5.0,,3,EWT_b5,training_ckp_epoch_108_min_val_loss,s,test,d_frame_div_0_2,0.20272404422672063
sim_vowels,EWT,5.0,,3,EWT_b5,training_ckp_epoch_108_min_val_loss,s,test,d_frame_div_0_3,0.2024909043310754
sim_vowels,EWT,5.0,,3,EWT_b5,training_ckp_epoch_108_min_val_loss,s,test,d_frame_div_2_1,0.4982943818419887
sim_vowels,EWT,5.0,,3,EWT_b5,training_ckp_epoch_108_min_val_loss,s,test,d_frame_div_3_1,0.6781385204613534
sim_vowels,EWT,5.0,,3,EWT_b5,training_ckp_epoch_108_min_val_loss,s,test,d_frame_div_3_2,0.4959614350579249
sim_vowels,EWT,5.0,,3,EWT_b5,training_ckp_epoch_108_min_val_loss,s,test,d_recon,0.24599178915370207
sim_vowels,EWT,5.0,,3,EWT_b5,training_ckp_epoch_108_min_val_loss,s,test,d_ortho,0.5574647791204224
sim_vowels,EWT,5.0,,3,EWT_b5,training_ckp_epoch_108_min_val_loss,s,test,d_recon_norm,0.3548911343114495
sim_vowels,EWT,5.0,,3,EWT_b5,training_ckp_epoch_108_min_val_loss,s,test,d_ortho_norm,0.8042516723072947
sim_vowels,EWT,5.0,,3,EWT_b5,training_ckp_epoch_108_min_val_loss,s,test,d_recon_utt,0.24599178915370207
sim_vowels,EWT,5.0,,3,EWT_b5,training_ckp_epoch_108_min_val_loss,s,test,d_ortho_utt,0.5574647791204224
sim_vowels,EWT,5.0,,3,EWT_b5,training_ckp_epoch_108_min_val_loss,s,test,clamp_frac_recon,0.0
sim_vowels,EWT,5.0,,3,EWT_b5,training_ckp_epoch_108_min_val_loss,s,test,clamp_frac_ortho,0.0
sim_vowels,EWT,5.0,,3,EWT_b5,training_ckp_epoch_108_min_val_loss,s,test,model_div_pos,0.24599477570307882
sim_vowels,EWT,5.0,,3,EWT_b5,training_ckp_epoch_108_min_val_loss,s,test,model_div_neg,0.5575120198099237
sim_vowels,EWT,5.0,,3,EWT_b5,training_ckp_epoch_108_min_val_loss,s,test,model_ce_pos,0.8669974333361575
sim_vowels,EWT,5.0,,3,EWT_b5,training_ckp_epoch_108_min_val_loss,s,test,model_ce_neg,1.9094534610447131
sim_vowels,EWT,5.0,,3,EWT_b5,training_ckp_epoch_108_min_val_loss,s,test,model_decomposition_loss,0.9253910623098675
sim_vowels,EWT,5.0,,3,EWT_b5,training_ckp_epoch_108_min_val_loss,s,test,model_prior_loss,0.2957613844620554
sim_vowels,EWT,5.0,,3,EWT_b5,training_ckp_epoch_108_min_val_loss,s,test,model_div_0_1,0.3327183362684752
sim_vowels,EWT,5.0,,3,EWT_b5,training_ckp_epoch_108_min_val_loss,s,test,model_div_0_2,0.20277461958558937
sim_vowels,EWT,5.0,,3,EWT_b5,training_ckp_epoch_108_min_val_loss,s,test,model_div_0_3,0.20249135870682566
sim_vowels,EWT,5.0,,3,EWT_b5,training_ckp_epoch_108_min_val_loss,s,test,model_div_2_1,0.49852513953259114
sim_vowels,EWT,5.0,,3,EWT_b5,training_ckp_epoch_108_min_val_loss,s,test,model_div_3_1,0.6781313168375116
sim_vowels,EWT,5.0,,3,EWT_b5,training_ckp_epoch_108_min_val_loss,s,test,model_div_3_2,0.49587956698317276
sim_vowels,EWT,5.0,,3,EWT_b5,training_ckp_epoch_108_min_val_loss,s,test,rate_per_frame,9.365777174631754e-06
sim_vowels,EWT,5.0,,3,EWT_b5,training_ckp_epoch_108_min_val_loss,s,test,check_max_abs_diff,7.377739763558822e-08
sim_vowels,EWT,10.0,,3,EWT_b10,training_ckp_epoch_112_min_val_loss,z,validation,n_utt,500.0
sim_vowels,EWT,10.0,,3,EWT_b10,training_ckp_epoch_112_min_val_loss,z,validation,n_frames,99500.0
sim_vowels,EWT,10.0,,3,EWT_b10,training_ckp_epoch_112_min_val_loss,z,validation,d_frame_div_0_1,0.003842824959246905
sim_vowels,EWT,10.0,,3,EWT_b10,training_ckp_epoch_112_min_val_loss,z,validation,d_frame_div_0_2,0.003966924363015991
sim_vowels,EWT,10.0,,3,EWT_b10,training_ckp_epoch_112_min_val_loss,z,validation,d_frame_div_0_3,0.003913182369979562
sim_vowels,EWT,10.0,,3,EWT_b10,training_ckp_epoch_112_min_val_loss,z,validation,d_frame_div_2_1,0.00754205522087456
sim_vowels,EWT,10.0,,3,EWT_b10,training_ckp_epoch_112_min_val_loss,z,validation,d_frame_div_3_1,0.007551398248721766
sim_vowels,EWT,10.0,,3,EWT_b10,training_ckp_epoch_112_min_val_loss,z,validation,d_frame_div_3_2,0.0076172105168410215
sim_vowels,EWT,10.0,,3,EWT_b10,training_ckp_epoch_112_min_val_loss,z,validation,d_recon,0.003907643897414152
sim_vowels,EWT,10.0,,3,EWT_b10,training_ckp_epoch_112_min_val_loss,z,validation,d_ortho,0.007570221328812449
sim_vowels,EWT,10.0,,3,EWT_b10,training_ckp_epoch_112_min_val_loss,z,validation,d_recon_norm,0.005637538472359419
sim_vowels,EWT,10.0,,3,EWT_b10,training_ckp_epoch_112_min_val_loss,z,validation,d_ortho_norm,0.01092152076950958
sim_vowels,EWT,10.0,,3,EWT_b10,training_ckp_epoch_112_min_val_loss,z,validation,d_recon_utt,0.7646572516108836
sim_vowels,EWT,10.0,,3,EWT_b10,training_ckp_epoch_112_min_val_loss,z,validation,d_ortho_utt,0.9956947609627332
sim_vowels,EWT,10.0,,3,EWT_b10,training_ckp_epoch_112_min_val_loss,z,validation,clamp_frac_recon,0.11
sim_vowels,EWT,10.0,,3,EWT_b10,training_ckp_epoch_112_min_val_loss,z,validation,clamp_frac_ortho,0.9566666666666667
sim_vowels,EWT,10.0,,3,EWT_b10,training_ckp_epoch_112_min_val_loss,z,validation,model_div_pos,0.7645944710820913
sim_vowels,EWT,10.0,,3,EWT_b10,training_ckp_epoch_112_min_val_loss,z,validation,model_div_neg,0.995795339345932
sim_vowels,EWT,10.0,,3,EWT_b10,training_ckp_epoch_112_min_val_loss,z,validation,model_ce_pos,36.97811961174011
sim_vowels,EWT,10.0,,3,EWT_b10,training_ckp_epoch_112_min_val_loss,z,validation,model_ce_neg,0.01398967062777956
sim_vowels,EWT,10.0,,3,EWT_b10,training_ckp_epoch_112_min_val_loss,z,validation,model_decomposition_loss,12.329469695687294
sim_vowels,EWT,10.0,,3,EWT_b10,training_ckp_epoch_112_min_val_loss,z,validation,model_prior_loss,0.22494369186460972
sim_vowels,EWT,10.0,,3,EWT_b10,training_ckp_epoch_112_min_val_loss,z,validation,model_div_0_1,0.7521026413887739
sim_vowels,EWT,10.0,,3,EWT_b10,training_ckp_epoch_112_min_val_loss,z,validation,model_div_0_2,0.7755245752632618
sim_vowels,EWT,10.0,,3,EWT_b10,training_ckp_epoch_112_min_val_loss,z,validation,model_div_0_3,0.7661561481654644
sim_vowels,EWT,10.0,,3,EWT_b10,training_ckp_epoch_112_min_val_loss,z,validation,model_div_2_1,0.9952709060162306
sim_vowels,EWT,10.0,,3,EWT_b10,training_ckp_epoch_112_min_val_loss,z,validation,model_div_3_1,0.996620075777173
sim_vowels,EWT,10.0,,3,EWT_b10,training_ckp_epoch_112_min_val_loss,z,validation,model_div_3_2,0.995494969189167
sim_vowels,EWT,10.0,,3,EWT_b10,training_ckp_epoch_112_min_val_loss,z,validation,rate_per_frame,7.234369989615589e-07
sim_vowels,EWT,10.0,,3,EWT_b10,training_ckp_epoch_112_min_val_loss,z,validation,check_max_abs_diff,8.43219490487268e-06
sim_vowels,EWT,10.0,,3,EWT_b10,training_ckp_epoch_112_min_val_loss,s,validation,n_utt,500.0
sim_vowels,EWT,10.0,,3,EWT_b10,training_ckp_epoch_112_min_val_loss,s,validation,n_frames,500.0
sim_vowels,EWT,10.0,,3,EWT_b10,training_ckp_epoch_112_min_val_loss,s,validation,d_frame_div_0_1,0.3771131676420271
sim_vowels,EWT,10.0,,3,EWT_b10,training_ckp_epoch_112_min_val_loss,s,validation,d_frame_div_0_2,0.037799198535575174
sim_vowels,EWT,10.0,,3,EWT_b10,training_ckp_epoch_112_min_val_loss,s,validation,d_frame_div_0_3,0.2681836426922729
sim_vowels,EWT,10.0,,3,EWT_b10,training_ckp_epoch_112_min_val_loss,s,validation,d_frame_div_2_1,0.3463124459272421
sim_vowels,EWT,10.0,,3,EWT_b10,training_ckp_epoch_112_min_val_loss,s,validation,d_frame_div_3_1,0.6620674481912477
sim_vowels,EWT,10.0,,3,EWT_b10,training_ckp_epoch_112_min_val_loss,s,validation,d_frame_div_3_2,0.3514316235806313
sim_vowels,EWT,10.0,,3,EWT_b10,training_ckp_epoch_112_min_val_loss,s,validation,d_recon,0.22769866962329177
sim_vowels,EWT,10.0,,3,EWT_b10,training_ckp_epoch_112_min_val_loss,s,validation,d_ortho,0.45327050589970713
sim_vowels,EWT,10.0,,3,EWT_b10,training_ckp_epoch_112_min_val_loss,s,validation,d_recon_norm,0.3284997414825375
sim_vowels,EWT,10.0,,3,EWT_b10,training_ckp_epoch_112_min_val_loss,s,validation,d_ortho_norm,0.6539311110427392
sim_vowels,EWT,10.0,,3,EWT_b10,training_ckp_epoch_112_min_val_loss,s,validation,d_recon_utt,0.22769866962329177
sim_vowels,EWT,10.0,,3,EWT_b10,training_ckp_epoch_112_min_val_loss,s,validation,d_ortho_utt,0.45327050589970713
sim_vowels,EWT,10.0,,3,EWT_b10,training_ckp_epoch_112_min_val_loss,s,validation,clamp_frac_recon,0.0
sim_vowels,EWT,10.0,,3,EWT_b10,training_ckp_epoch_112_min_val_loss,s,validation,clamp_frac_ortho,0.0
sim_vowels,EWT,10.0,,3,EWT_b10,training_ckp_epoch_112_min_val_loss,s,validation,model_div_pos,0.22739932127296925
sim_vowels,EWT,10.0,,3,EWT_b10,training_ckp_epoch_112_min_val_loss,s,validation,model_div_neg,0.45308282133191824
sim_vowels,EWT,10.0,,3,EWT_b10,training_ckp_epoch_112_min_val_loss,s,validation,model_ce_pos,0.8417763523757458
sim_vowels,EWT,10.0,,3,EWT_b10,training_ckp_epoch_112_min_val_loss,s,validation,model_ce_neg,2.737400971353054
sim_vowels,EWT,10.0,,3,EWT_b10,training_ckp_epoch_112_min_val_loss,s,validation,model_decomposition_loss,1.1929397843778133
sim_vowels,EWT,10.0,,3,EWT_b10,training_ckp_epoch_112_min_val_loss,s,validation,model_prior_loss,0.31978264451026917
sim_vowels,EWT,10.0,,3,EWT_b10,training_ckp_epoch_112_min_val_loss,s,validation,model_div_0_1,0.37639956176280975
sim_vowels,EWT,10.0,,3,EWT_b10,training_ckp_epoch_112_min_val_loss,s,validation,model_div_0_2,0.03738166700350121
sim_vowels,EWT,10.0,,3,EWT_b10,training_ckp_epoch_112_min_val_loss,s,validation,model_div_0_3,0.2684167316183448
sim_vowels,EWT,10.0,,3,EWT_b10,training_ckp_epoch_112_min_val_loss,s,validation,model_div_2_1,0.34652169421315193
sim_vowels,EWT,10.0,,3,EWT_b10,training_ckp_epoch_112_min_val_loss,s,validation,model_div_3_1,0.6618758048862219
sim_vowels,EWT,10.0,,3,EWT_b10,training_ckp_epoch_112_min_val_loss,s,validation,model_div_3_2,0.35085092298686504
sim_vowels,EWT,10.0,,3,EWT_b10,training_ckp_epoch_112_min_val_loss,s,validation,rate_per_frame,5.116522312164306e-06
sim_vowels,EWT,10.0,,3,EWT_b10,training_ckp_epoch_112_min_val_loss,s,validation,check_max_abs_diff,8.11977604042724e-08
sim_vowels,EWT,10.0,,3,EWT_b10,training_ckp_epoch_112_min_val_loss,z,test,n_utt,300.0
sim_vowels,EWT,10.0,,3,EWT_b10,training_ckp_epoch_112_min_val_loss,z,test,n_frames,59700.0
sim_vowels,EWT,10.0,,3,EWT_b10,training_ckp_epoch_112_min_val_loss,z,test,d_frame_div_0_1,0.003962361663937045
sim_vowels,EWT,10.0,,3,EWT_b10,training_ckp_epoch_112_min_val_loss,z,test,d_frame_div_0_2,0.003882716484720415
sim_vowels,EWT,10.0,,3,EWT_b10,training_ckp_epoch_112_min_val_loss,z,test,d_frame_div_0_3,0.0038883183147017555
sim_vowels,EWT,10.0,,3,EWT_b10,training_ckp_epoch_112_min_val_loss,z,test,d_frame_div_2_1,0.007649005098464656
sim_vowels,EWT,10.0,,3,EWT_b10,training_ckp_epoch_112_min_val_loss,z,test,d_frame_div_3_1,0.007582126057775524
sim_vowels,EWT,10.0,,3,EWT_b10,training_ckp_epoch_112_min_val_loss,z,test,d_frame_div_3_2,0.007479098022677492
sim_vowels,EWT,10.0,,3,EWT_b10,training_ckp_epoch_112_min_val_loss,z,test,d_recon,0.003911132154453072
sim_vowels,EWT,10.0,,3,EWT_b10,training_ckp_epoch_112_min_val_loss,z,test,d_ortho,0.007570076392972557
sim_vowels,EWT,10.0,,3,EWT_b10,training_ckp_epoch_112_min_val_loss,z,test,d_recon_norm,0.0056425709634908144
sim_vowels,EWT,10.0,,3,EWT_b10,training_ckp_epoch_112_min_val_loss,z,test,d_ortho_norm,0.01092131167129212
sim_vowels,EWT,10.0,,3,EWT_b10,training_ckp_epoch_112_min_val_loss,z,test,d_recon_utt,0.7637547469802735
sim_vowels,EWT,10.0,,3,EWT_b10,training_ckp_epoch_112_min_val_loss,z,test,d_ortho_utt,0.9959403750919917
sim_vowels,EWT,10.0,,3,EWT_b10,training_ckp_epoch_112_min_val_loss,z,test,clamp_frac_recon,0.11777777777777777
sim_vowels,EWT,10.0,,3,EWT_b10,training_ckp_epoch_112_min_val_loss,z,test,clamp_frac_ortho,0.9588888888888889
sim_vowels,EWT,10.0,,3,EWT_b10,training_ckp_epoch_112_min_val_loss,z,test,model_div_pos,0.7638942505183973
sim_vowels,EWT,10.0,,3,EWT_b10,training_ckp_epoch_112_min_val_loss,z,test,model_div_neg,0.9959175461216977
sim_vowels,EWT,10.0,,3,EWT_b10,training_ckp_epoch_112_min_val_loss,z,test,model_ce_pos,39.257226843582956
sim_vowels,EWT,10.0,,3,EWT_b10,training_ckp_epoch_112_min_val_loss,z,test,model_ce_neg,0.013392858314450438
sim_vowels,EWT,10.0,,3,EWT_b10,training_ckp_epoch_112_min_val_loss,z,test,model_decomposition_loss,13.088897303531045
sim_vowels,EWT,10.0,,3,EWT_b10,training_ckp_epoch_112_min_val_loss,z,test,model_prior_loss,0.22909833412421376
sim_vowels,EWT,10.0,,3,EWT_b10,training_ckp_epoch_112_min_val_loss,z,test,model_div_0_1,0.7759779911292227
sim_vowels,EWT,10.0,,3,EWT_b10,training_ckp_epoch_112_min_val_loss,z,test,model_div_0_2,0.7571061347660265
sim_vowels,EWT,10.0,,3,EWT_b10,training_ckp_epoch_112_min_val_loss,z,test,model_div_0_3,0.7585985566440382
sim_vowels,EWT,10.0,,3,EWT_b10,training_ckp_epoch_112_min_val_loss,z,test,model_div_2_1,0.9960629218503049
sim_vowels,EWT,10.0,,3,EWT_b10,training_ckp_epoch_112_min_val_loss,z,test,model_div_3_1,0.9964166252236617
sim_vowels,EWT,10.0,,3,EWT_b10,training_ckp_epoch_112_min_val_loss,z,test,model_div_3_2,0.9952730567831742
sim_vowels,EWT,10.0,,3,EWT_b10,training_ckp_epoch_112_min_val_loss,z,test,rate_per_frame,7.291236764422213e-07
sim_vowels,EWT,10.0,,3,EWT_b10,training_ckp_epoch_112_min_val_loss,z,test,check_max_abs_diff,8.357613582310464e-06
sim_vowels,EWT,10.0,,3,EWT_b10,training_ckp_epoch_112_min_val_loss,s,test,n_utt,300.0
sim_vowels,EWT,10.0,,3,EWT_b10,training_ckp_epoch_112_min_val_loss,s,test,n_frames,300.0
sim_vowels,EWT,10.0,,3,EWT_b10,training_ckp_epoch_112_min_val_loss,s,test,d_frame_div_0_1,0.3910795862253766
sim_vowels,EWT,10.0,,3,EWT_b10,training_ckp_epoch_112_min_val_loss,s,test,d_frame_div_0_2,0.039386550125843446
sim_vowels,EWT,10.0,,3,EWT_b10,training_ckp_epoch_112_min_val_loss,s,test,d_frame_div_0_3,0.2579355668770251
sim_vowels,EWT,10.0,,3,EWT_b10,training_ckp_epoch_112_min_val_loss,s,test,d_frame_div_2_1,0.34820772196691396
sim_vowels,EWT,10.0,,3,EWT_b10,training_ckp_epoch_112_min_val_loss,s,test,d_frame_div_3_1,0.6624650526668161
sim_vowels,EWT,10.0,,3,EWT_b10,training_ckp_epoch_112_min_val_loss,s,test,d_frame_div_3_2,0.349522987355236
sim_vowels,EWT,10.0,,3,EWT_b10,training_ckp_epoch_112_min_val_loss,s,test,d_recon,0.22946723440941502
sim_vowels,EWT,10.0,,3,EWT_b10,training_ckp_epoch_112_min_val_loss,s,test,d_ortho,0.4533985873296553
sim_vowels,EWT,10.0,,3,EWT_b10,training_ckp_epoch_112_min_val_loss,s,test,d_recon_norm,0.3310512411289684
sim_vowels,EWT,10.0,,3,EWT_b10,training_ckp_epoch_112_min_val_loss,s,test,d_ortho_norm,0.6541158934865553
sim_vowels,EWT,10.0,,3,EWT_b10,training_ckp_epoch_112_min_val_loss,s,test,d_recon_utt,0.22946723440941502
sim_vowels,EWT,10.0,,3,EWT_b10,training_ckp_epoch_112_min_val_loss,s,test,d_ortho_utt,0.4533985873296553
sim_vowels,EWT,10.0,,3,EWT_b10,training_ckp_epoch_112_min_val_loss,s,test,clamp_frac_recon,0.0
sim_vowels,EWT,10.0,,3,EWT_b10,training_ckp_epoch_112_min_val_loss,s,test,clamp_frac_ortho,0.0
sim_vowels,EWT,10.0,,3,EWT_b10,training_ckp_epoch_112_min_val_loss,s,test,model_div_pos,0.22942392135921277
sim_vowels,EWT,10.0,,3,EWT_b10,training_ckp_epoch_112_min_val_loss,s,test,model_div_neg,0.45343806241687973
sim_vowels,EWT,10.0,,3,EWT_b10,training_ckp_epoch_112_min_val_loss,s,test,model_ce_pos,0.8557721846982053
sim_vowels,EWT,10.0,,3,EWT_b10,training_ckp_epoch_112_min_val_loss,s,test,model_ce_neg,2.728152500955682
sim_vowels,EWT,10.0,,3,EWT_b10,training_ckp_epoch_112_min_val_loss,s,test,model_decomposition_loss,1.1945220984910663
sim_vowels,EWT,10.0,,3,EWT_b10,training_ckp_epoch_112_min_val_loss,s,test,model_prior_loss,0.3210227740438361
sim_vowels,EWT,10.0,,3,EWT_b10,training_ckp_epoch_112_min_val_loss,s,test,model_div_0_1,0.3911265354407461
sim_vowels,EWT,10.0,,3,EWT_b10,training_ckp_epoch_112_min_val_loss,s,test,model_div_0_2,0.03922318549532639
sim_vowels,EWT,10.0,,3,EWT_b10,training_ckp_epoch_112_min_val_loss,s,test,model_div_0_3,0.25792202745613296
sim_vowels,EWT,10.0,,3,EWT_b10,training_ckp_epoch_112_min_val_loss,s,test,model_div_2_1,0.34851898488245514
sim_vowels,EWT,10.0,,3,EWT_b10,training_ckp_epoch_112_min_val_loss,s,test,model_div_3_1,0.6624902737768072
sim_vowels,EWT,10.0,,3,EWT_b10,training_ckp_epoch_112_min_val_loss,s,test,model_div_3_2,0.3493048846721649
sim_vowels,EWT,10.0,,3,EWT_b10,training_ckp_epoch_112_min_val_loss,s,test,rate_per_frame,5.082860589027405e-06
sim_vowels,EWT,10.0,,3,EWT_b10,training_ckp_epoch_112_min_val_loss,s,test,check_max_abs_diff,8.174663412852112e-08
sim_vowels,EWT,20.0,,3,EWT_b20,training_ckp_epoch_109,z,validation,n_utt,500.0
sim_vowels,EWT,20.0,,3,EWT_b20,training_ckp_epoch_109,z,validation,n_frames,99500.0
sim_vowels,EWT,20.0,,3,EWT_b20,training_ckp_epoch_109,z,validation,d_frame_div_0_1,0.004257996419801048
sim_vowels,EWT,20.0,,3,EWT_b20,training_ckp_epoch_109,z,validation,d_frame_div_0_2,0.004268146799019001
sim_vowels,EWT,20.0,,3,EWT_b20,training_ckp_epoch_109,z,validation,d_frame_div_0_3,0.00424375819058148
sim_vowels,EWT,20.0,,3,EWT_b20,training_ckp_epoch_109,z,validation,d_frame_div_2_1,0.00784421545628596
sim_vowels,EWT,20.0,,3,EWT_b20,training_ckp_epoch_109,z,validation,d_frame_div_3_1,0.007823308551763653
sim_vowels,EWT,20.0,,3,EWT_b20,training_ckp_epoch_109,z,validation,d_frame_div_3_2,0.007843629262956217
sim_vowels,EWT,20.0,,3,EWT_b20,training_ckp_epoch_109,z,validation,d_recon,0.0042566338031338425
sim_vowels,EWT,20.0,,3,EWT_b20,training_ckp_epoch_109,z,validation,d_ortho,0.007837051090335275
sim_vowels,EWT,20.0,,3,EWT_b20,training_ckp_epoch_109,z,validation,d_recon_norm,0.006141024478661523
sim_vowels,EWT,20.0,,3,EWT_b20,training_ckp_epoch_109,z,validation,d_ortho_norm,0.011306474743220146
sim_vowels,EWT,20.0,,3,EWT_b20,training_ckp_epoch_109,z,validation,d_recon_utt,0.8157131510529289
sim_vowels,EWT,20.0,,3,EWT_b20,training_ckp_epoch_109,z,validation,d_ortho_utt,0.9982645400182749
sim_vowels,EWT,20.0,,3,EWT_b20,training_ckp_epoch_109,z,validation,clamp_frac_recon,0.224
sim_vowels,EWT,20.0,,3,EWT_b20,training_ckp_epoch_109,z,validation,clamp_frac_ortho,0.9813333333333333
sim_vowels,EWT,20.0,,3,EWT_b20,training_ckp_epoch_109,z,validation,model_div_pos,0.8152911588549614
sim_vowels,EWT,20.0,,3,EWT_b20,training_ckp_epoch_109,z,validation,model_div_neg,0.9983050711452961
sim_vowels,EWT,20.0,,3,EWT_b20,training_ckp_epoch_109,z,validation,model_ce_pos,70.7885172367096
sim_vowels,EWT,20.0,,3,EWT_b20,training_ckp_epoch_109,z,validation,model_ce_neg,0.0055188320889101306
sim_vowels,EWT,20.0,,3,EWT_b20,training_ckp_epoch_109,z,validation,model_decomposition_loss,23.59565219283104
sim_vowels,EWT,20.0,,3,EWT_b20,training_ckp_epoch_109,z,validation,model_prior_loss,0.4197911825031042
sim_vowels,EWT,20.0,,3,EWT_b20,training_ckp_epoch_109,z,validation,model_div_0_1,0.817291546612978
sim_vowels,EWT,20.0,,3,EWT_b20,training_ckp_epoch_109,z,validation,model_div_0_2,0.8138049114495516
sim_vowels,EWT,20.0,,3,EWT_b20,training_ckp_epoch_109,z,validation,model_div_0_3,0.8147769365459681
sim_vowels,EWT,20.0,,3,EWT_b20,training_ckp_epoch_109,z,validation,model_div_2_1,0.9991664011031389
sim_vowels,EWT,20.0,,3,EWT_b20,training_ckp_epoch_109,z,validation,model_div_3_1,0.9990148302167654
sim_vowels,EWT,20.0,,3,EWT_b20,training_ckp_epoch_109,z,validation,model_div_3_2,0.996733957901597
sim_vowels,EWT,20.0,,3,EWT_b20,training_ckp_epoch_109,z,validation,rate_per_frame,6.750410974924288e-07
sim_vowels,EWT,20.0,,3,EWT_b20,training_ckp_epoch_109,z,validation,check_max_abs_diff,8.17727796997847e-06
sim_vowels,EWT,20.0,,3,EWT_b20,training_ckp_epoch_109,s,validation,n_utt,500.0
sim_vowels,EWT,20.0,,3,EWT_b20,training_ckp_epoch_109,s,validation,n_frames,500.0
sim_vowels,EWT,20.0,,3,EWT_b20,training_ckp_epoch_109,s,validation,d_frame_div_0_1,0.2775405522372188
sim_vowels,EWT,20.0,,3,EWT_b20,training_ckp_epoch_109,s,validation,d_frame_div_0_2,0.07754035981130022
sim_vowels,EWT,20.0,,3,EWT_b20,training_ckp_epoch_109,s,validation,d_frame_div_0_3,0.24872270292055032
sim_vowels,EWT,20.0,,3,EWT_b20,training_ckp_epoch_109,s,validation,d_frame_div_2_1,0.24353842035219156
sim_vowels,EWT,20.0,,3,EWT_b20,training_ckp_epoch_109,s,validation,d_frame_div_3_1,0.5965154778459985
sim_vowels,EWT,20.0,,3,EWT_b20,training_ckp_epoch_109,s,validation,d_frame_div_3_2,0.3723904785983041
sim_vowels,EWT,20.0,,3,EWT_b20,training_ckp_epoch_109,s,validation,d_recon,0.20126787165635643
sim_vowels,EWT,20.0,,3,EWT_b20,training_ckp_epoch_109,s,validation,d_ortho,0.40414812559883134
sim_vowels,EWT,20.0,,3,EWT_b20,training_ckp_epoch_109,s,validation,d_recon_norm,0.2903681603289018
sim_vowels,EWT,20.0,,3,EWT_b20,training_ckp_epoch_109,s,validation,d_ortho_norm,0.583062496586004
sim_vowels,EWT,20.0,,3,EWT_b20,training_ckp_epoch_109,s,validation,d_recon_utt,0.20126787165635643
sim_vowels,EWT,20.0,,3,EWT_b20,training_ckp_epoch_109,s,validation,d_ortho_utt,0.40414812559883134
sim_vowels,EWT,20.0,,3,EWT_b20,training_ckp_epoch_109,s,validation,clamp_frac_recon,0.0
sim_vowels,EWT,20.0,,3,EWT_b20,training_ckp_epoch_109,s,validation,clamp_frac_ortho,0.0
sim_vowels,EWT,20.0,,3,EWT_b20,training_ckp_epoch_109,s,validation,model_div_pos,0.20093022286891937
sim_vowels,EWT,20.0,,3,EWT_b20,training_ckp_epoch_109,s,validation,model_div_neg,0.403952251188457
sim_vowels,EWT,20.0,,3,EWT_b20,training_ckp_epoch_109,s,validation,model_ce_pos,0.7146849520504475
sim_vowels,EWT,20.0,,3,EWT_b20,training_ckp_epoch_109,s,validation,model_ce_neg,3.1560548841953278
sim_vowels,EWT,20.0,,3,EWT_b20,training_ckp_epoch_109,s,validation,model_decomposition_loss,1.2901175692677498
sim_vowels,EWT,20.0,,3,EWT_b20,training_ckp_epoch_109,s,validation,model_prior_loss,0.5809105932712555
sim_vowels,EWT,20.0,,3,EWT_b20,training_ckp_epoch_109,s,validation,model_div_0_1,0.2776327598839998
sim_vowels,EWT,20.0,,3,EWT_b20,training_ckp_epoch_109,s,validation,model_div_0_2,0.07596437813481316
sim_vowels,EWT,20.0,,3,EWT_b20,training_ckp_epoch_109,s,validation,model_div_0_3,0.2491935146972537
sim_vowels,EWT,20.0,,3,EWT_b20,training_ckp_epoch_109,s,validation,model_div_2_1,0.24347770074382424
sim_vowels,EWT,20.0,,3,EWT_b20,training_ckp_epoch_109,s,validation,model_div_3_1,0.5971027296036482
sim_vowels,EWT,20.0,,3,EWT_b20,training_ckp_epoch_109,s,validation,model_div_3_2,0.3712762836366892
sim_vowels,EWT,20.0,,3,EWT_b20,training_ckp_epoch_109,s,validation,rate_per_frame,4.647284746170044e-06
sim_vowels,EWT,20.0,,3,EWT_b20,training_ckp_epoch_109,s,validation,check_max_abs_diff,8.161920017624169e-08
sim_vowels,EWT,20.0,,3,EWT_b20,training_ckp_epoch_109,z,test,n_utt,300.0
sim_vowels,EWT,20.0,,3,EWT_b20,training_ckp_epoch_109,z,test,n_frames,59700.0
sim_vowels,EWT,20.0,,3,EWT_b20,training_ckp_epoch_109,z,test,d_frame_div_0_1,0.004265927511143414
sim_vowels,EWT,20.0,,3,EWT_b20,training_ckp_epoch_109,z,test,d_frame_div_0_2,0.004391283864385411
sim_vowels,EWT,20.0,,3,EWT_b20,training_ckp_epoch_109,z,test,d_frame_div_0_3,0.004188835420188515
sim_vowels,EWT,20.0,,3,EWT_b20,training_ckp_epoch_109,z,test,d_frame_div_2_1,0.007944490510114
sim_vowels,EWT,20.0,,3,EWT_b20,training_ckp_epoch_109,z,test,d_frame_div_3_1,0.0077783393559051
sim_vowels,EWT,20.0,,3,EWT_b20,training_ckp_epoch_109,z,test,d_frame_div_3_2,0.007917000669228801
sim_vowels,EWT,20.0,,3,EWT_b20,training_ckp_epoch_109,z,test,d_recon,0.004282015598572447
sim_vowels,EWT,20.0,,3,EWT_b20,training_ckp_epoch_109,z,test,d_ortho,0.007879943511749301
sim_vowels,EWT,20.0,,3,EWT_b20,training_ckp_epoch_109,z,test,d_recon_norm,0.006177642669069655
sim_vowels,EWT,20.0,,3,EWT_b20,training_ckp_epoch_109,z,test,d_ortho_norm,0.011368355426885881
sim_vowels,EWT,20.0,,3,EWT_b20,training_ckp_epoch_109,z,test,d_recon_utt,0.8285111838182796
sim_vowels,EWT,20.0,,3,EWT_b20,training_ckp_epoch_109,z,test,d_ortho_utt,0.9995883184444374
sim_vowels,EWT,20.0,,3,EWT_b20,training_ckp_epoch_109,z,test,clamp_frac_recon,0.20666666666666667
sim_vowels,EWT,20.0,,3,EWT_b20,training_ckp_epoch_109,z,test,clamp_frac_ortho,0.9933333333333333
sim_vowels,EWT,20.0,,3,EWT_b20,training_ckp_epoch_109,z,test,model_div_pos,0.8284921144184313
sim_vowels,EWT,20.0,,3,EWT_b20,training_ckp_epoch_109,z,test,model_div_neg,0.9995936845478258
sim_vowels,EWT,20.0,,3,EWT_b20,training_ckp_epoch_109,z,test,model_ce_pos,67.15791320800781
sim_vowels,EWT,20.0,,3,EWT_b20,training_ckp_epoch_109,z,test,model_ce_neg,0.0012754321306649792
sim_vowels,EWT,20.0,,3,EWT_b20,training_ckp_epoch_109,z,test,model_decomposition_loss,22.384157030205976
sim_vowels,EWT,20.0,,3,EWT_b20,training_ckp_epoch_109,z,test,model_prior_loss,0.4244343230598851
sim_vowels,EWT,20.0,,3,EWT_b20,training_ckp_epoch_109,z,test,model_div_0_1,0.829497428316819
sim_vowels,EWT,20.0,,3,EWT_b20,training_ckp_epoch_109,z,test,model_div_0_2,0.844665853600753
sim_vowels,EWT,20.0,,3,EWT_b20,training_ckp_epoch_109,z,test,model_div_0_3,0.8113130142814234
sim_vowels,EWT,20.0,,3,EWT_b20,training_ckp_epoch_109,z,test,model_div_2_1,0.9995513872096413
sim_vowels,EWT,20.0,,3,EWT_b20,training_ckp_epoch_109,z,test,model_div_3_1,0.9992871974643908
sim_vowels,EWT,20.0,,3,EWT_b20,training_ckp_epoch_109,z,test,model_div_3_2,0.9999424595581857
sim_vowels,EWT,20.0,,3,EWT_b20,training_ckp_epoch_109,z,test,rate_per_frame,6.753980015190802e-07
sim_vowels,EWT,20.0,,3,EWT_b20,training_ckp_epoch_109,z,test,check_max_abs_diff,8.400712885436867e-06
sim_vowels,EWT,20.0,,3,EWT_b20,training_ckp_epoch_109,s,test,n_utt,300.0
sim_vowels,EWT,20.0,,3,EWT_b20,training_ckp_epoch_109,s,test,n_frames,300.0
sim_vowels,EWT,20.0,,3,EWT_b20,training_ckp_epoch_109,s,test,d_frame_div_0_1,0.2843311084842257
sim_vowels,EWT,20.0,,3,EWT_b20,training_ckp_epoch_109,s,test,d_frame_div_0_2,0.08107931907830619
sim_vowels,EWT,20.0,,3,EWT_b20,training_ckp_epoch_109,s,test,d_frame_div_0_3,0.23776497176837438
sim_vowels,EWT,20.0,,3,EWT_b20,training_ckp_epoch_109,s,test,d_frame_div_2_1,0.241848422117696
sim_vowels,EWT,20.0,,3,EWT_b20,training_ckp_epoch_109,s,test,d_frame_div_3_1,0.5967307516068258
sim_vowels,EWT,20.0,,3,EWT_b20,training_ckp_epoch_109,s,test,d_frame_div_3_2,0.3716530668459314
sim_vowels,EWT,20.0,,3,EWT_b20,training_ckp_epoch_109,s,test,d_recon,0.20105846644363543
sim_vowels,EWT,20.0,,3,EWT_b20,training_ckp_epoch_109,s,test,d_ortho,0.4034107468568177
sim_vowels,EWT,20.0,,3,EWT_b20,training_ckp_epoch_109,s,test,d_recon_norm,0.2900660524669729
sim_vowels,EWT,20.0,,3,EWT_b20,training_ckp_epoch_109,s,test,d_ortho_norm,0.5819986839316439
sim_vowels,EWT,20.0,,3,EWT_b20,training_ckp_epoch_109,s,test,d_recon_utt,0.20105846644363543
sim_vowels,EWT,20.0,,3,EWT_b20,training_ckp_epoch_109,s,test,d_ortho_utt,0.4034107468568177
sim_vowels,EWT,20.0,,3,EWT_b20,training_ckp_epoch_109,s,test,clamp_frac_recon,0.0
sim_vowels,EWT,20.0,,3,EWT_b20,training_ckp_epoch_109,s,test,clamp_frac_ortho,0.0
sim_vowels,EWT,20.0,,3,EWT_b20,training_ckp_epoch_109,s,test,model_div_pos,0.20118041414963572
sim_vowels,EWT,20.0,,3,EWT_b20,training_ckp_epoch_109,s,test,model_div_neg,0.40355100600343
sim_vowels,EWT,20.0,,3,EWT_b20,training_ckp_epoch_109,s,test,model_ce_pos,0.7172371839222155
sim_vowels,EWT,20.0,,3,EWT_b20,training_ckp_epoch_109,s,test,model_ce_neg,3.192056078659861
sim_vowels,EWT,20.0,,3,EWT_b20,training_ckp_epoch_109,s,test,model_decomposition_loss,1.302967435435245
sim_vowels,EWT,20.0,,3,EWT_b20,training_ckp_epoch_109,s,test,model_prior_loss,0.5866320509659616
sim_vowels,EWT,20.0,,3,EWT_b20,training_ckp_epoch_109,s,test,model_div_0_1,0.283922929512827
sim_vowels,EWT,20.0,,3,EWT_b20,training_ckp_epoch_109,s,test,model_div_0_2,0.08152447533058493
sim_vowels,EWT,20.0,,3,EWT_b20,training_ckp_epoch_109,s,test,model_div_0_3,0.2380938255473187
sim_vowels,EWT,20.0,,3,EWT_b20,training_ckp_epoch_109,s,test,model_div_2_1,0.24170024300876417
sim_vowels,EWT,20.0,,3,EWT_b20,training_ckp_epoch_109,s,test,model_div_3_1,0.5966827210627104
sim_vowels,EWT,20.0,,3,EWT_b20,training_ckp_epoch_109,s,test,model_div_3_2,0.37227001943086324
sim_vowels,EWT,20.0,,3,EWT_b20,training_ckp_epoch_109,s,test,rate_per_frame,4.64417040348053e-06
sim_vowels,EWT,20.0,,3,EWT_b20,training_ckp_epoch_109,s,test,check_max_abs_diff,6.198237545440577e-08
sim_vowels,EWT,40.0,,3,EWT_b40,training_ckp_epoch_109,z,validation,n_utt,500.0
sim_vowels,EWT,40.0,,3,EWT_b40,training_ckp_epoch_109,z,validation,n_frames,99500.0
sim_vowels,EWT,40.0,,3,EWT_b40,training_ckp_epoch_109,z,validation,d_frame_div_0_1,0.0035622660959561707
sim_vowels,EWT,40.0,,3,EWT_b40,training_ckp_epoch_109,z,validation,d_frame_div_0_2,0.0036702800342314043
sim_vowels,EWT,40.0,,3,EWT_b40,training_ckp_epoch_109,z,validation,d_frame_div_0_3,0.003717184936630914
sim_vowels,EWT,40.0,,3,EWT_b40,training_ckp_epoch_109,z,validation,d_frame_div_2_1,0.006883168053642679
sim_vowels,EWT,40.0,,3,EWT_b40,training_ckp_epoch_109,z,validation,d_frame_div_3_1,0.006942422861495329
sim_vowels,EWT,40.0,,3,EWT_b40,training_ckp_epoch_109,z,validation,d_frame_div_3_2,0.007035599587494635
sim_vowels,EWT,40.0,,3,EWT_b40,training_ckp_epoch_109,z,validation,d_recon,0.0036499103556061636
sim_vowels,EWT,40.0,,3,EWT_b40,training_ckp_epoch_109,z,validation,d_ortho,0.006953730167544215
sim_vowels,EWT,40.0,,3,EWT_b40,training_ckp_epoch_109,z,validation,d_recon_norm,0.0052657075697222855
sim_vowels,EWT,40.0,,3,EWT_b40,training_ckp_epoch_109,z,validation,d_ortho_norm,0.01003211202839602
sim_vowels,EWT,40.0,,3,EWT_b40,training_ckp_epoch_109,z,validation,d_recon_utt,0.7006628842103072
sim_vowels,EWT,40.0,,3,EWT_b40,training_ckp_epoch_109,z,validation,d_ortho_utt,0.9765213667920801
sim_vowels,EWT,40.0,,3,EWT_b40,training_ckp_epoch_109,z,validation,clamp_frac_recon,0.144
sim_vowels,EWT,40.0,,3,EWT_b40,training_ckp_epoch_109,z,validation,clamp_frac_ortho,0.848
sim_vowels,EWT,40.0,,3,EWT_b40,training_ckp_epoch_109,z,validation,model_div_pos,0.701410673558712
sim_vowels,EWT,40.0,,3,EWT_b40,training_ckp_epoch_109,z,validation,model_div_neg,0.9768987726420164
sim_vowels,EWT,40.0,,3,EWT_b40,training_ckp_epoch_109,z,validation,model_ce_pos,46.65831679105759
sim_vowels,EWT,40.0,,3,EWT_b40,training_ckp_epoch_109,z,validation,model_ce_neg,0.08045428240438923
sim_vowels,EWT,40.0,,3,EWT_b40,training_ckp_epoch_109,z,validation,model_decomposition_loss,15.578032076358795
sim_vowels,EWT,40.0,,3,EWT_b40,training_ckp_epoch_109,z,validation,model_prior_loss,0.47159353271126747
sim_vowels,EWT,40.0,,3,EWT_b40,training_ckp_epoch_109,z,validation,model_div_0_1,0.6867107506841421
sim_vowels,EWT,40.0,,3,EWT_b40,training_ckp_epoch_109,z,validation,model_div_0_2,0.70730896666646
sim_vowels,EWT,40.0,,3,EWT_b40,training_ckp_epoch_109,z,validation,model_div_0_3,0.7102122846990824
sim_vowels,EWT,40.0,,3,EWT_b40,training_ckp_epoch_109,z,validation,model_div_2_1,0.975200891494751
sim_vowels,EWT,40.0,,3,EWT_b40,training_ckp_epoch_109,z,validation,model_div_3_1,0.9782910626381636
sim_vowels,EWT,40.0,,3,EWT_b40,training_ckp_epoch_109,z,validation,model_div_3_2,0.9772043023258448
sim_vowels,EWT,40.0,,3,EWT_b40,training_ckp_epoch_109,z,validation,rate_per_frame,3.791706795668482e-07
sim_vowels,EWT,40.0,,3,EWT_b40,training_ckp_epoch_109,z,validation,check_max_abs_diff,8.3606934859759e-06
sim_vowels,EWT,40.0,,3,EWT_b40,training_ckp_epoch_109,s,validation,n_utt,500.0
sim_vowels,EWT,40.0,,3,EWT_b40,training_ckp_epoch_109,s,validation,n_frames,500.0
sim_vowels,EWT,40.0,,3,EWT_b40,training_ckp_epoch_109,s,validation,d_frame_div_0_1,0.17066145187393583
sim_vowels,EWT,40.0,,3,EWT_b40,training_ckp_epoch_109,s,validation,d_frame_div_0_2,0.04494289095746388
sim_vowels,EWT,40.0,,3,EWT_b40,training_ckp_epoch_109,s,validation,d_frame_div_0_3,0.15397346409407334
sim_vowels,EWT,40.0,,3,EWT_b40,training_ckp_epoch_109,s,validation,d_frame_div_2_1,0.15202249365761797
sim_vowels,EWT,40.0,,3,EWT_b40,training_ckp_epoch_109,s,validation,d_frame_div_3_1,0.5140465459529628
sim_vowels,EWT,40.0,,3,EWT_b40,training_ckp_epoch_109,s,validation,d_frame_div_3_2,0.25193447359136734
sim_vowels,EWT,40.0,,3,EWT_b40,training_ckp_epoch_109,s,validation,d_recon,0.12319260230849102
sim_vowels,EWT,40.0,,3,EWT_b40,training_ckp_epoch_109,s,validation,d_ortho,0.306001171067316
sim_vowels,EWT,40.0,,3,EWT_b40,training_ckp_epoch_109,s,validation,d_recon_norm,0.17772935642466628
sim_vowels,EWT,40.0,,3,EWT_b40,training_ckp_epoch_109,s,validation,d_ortho_norm,0.44146637200503214
sim_vowels,EWT,40.0,,3,EWT_b40,training_ckp_epoch_109,s,validation,d_recon_utt,0.12319260230849102
sim_vowels,EWT,40.0,,3,EWT_b40,training_ckp_epoch_109,s,validation,d_ortho_utt,0.306001171067316
sim_vowels,EWT,40.0,,3,EWT_b40,training_ckp_epoch_109,s,validation,clamp_frac_recon,0.0
sim_vowels,EWT,40.0,,3,EWT_b40,training_ckp_epoch_109,s,validation,clamp_frac_ortho,0.0
sim_vowels,EWT,40.0,,3,EWT_b40,training_ckp_epoch_109,s,validation,model_div_pos,0.1230025680270046
sim_vowels,EWT,40.0,,3,EWT_b40,training_ckp_epoch_109,s,validation,model_div_neg,0.30583629477769136
sim_vowels,EWT,40.0,,3,EWT_b40,training_ckp_epoch_109,s,validation,model_ce_pos,0.4066457627341151
sim_vowels,EWT,40.0,,3,EWT_b40,training_ckp_epoch_109,s,validation,model_ce_neg,4.316609933972359
sim_vowels,EWT,40.0,,3,EWT_b40,training_ckp_epoch_109,s,validation,model_decomposition_loss,1.5742611028254032
sim_vowels,EWT,40.0,,3,EWT_b40,training_ckp_epoch_109,s,validation,model_prior_loss,1.6779862344264984
sim_vowels,EWT,40.0,,3,EWT_b40,training_ckp_epoch_109,s,validation,model_div_0_1,0.17092163674533367
sim_vowels,EWT,40.0,,3,EWT_b40,training_ckp_epoch_109,s,validation,model_div_0_2,0.0439627249725163
sim_vowels,EWT,40.0,,3,EWT_b40,training_ckp_epoch_109,s,validation,model_div_0_3,0.15412333328276873
sim_vowels,EWT,40.0,,3,EWT_b40,training_ckp_epoch_109,s,validation,model_div_2_1,0.15250296029262245
sim_vowels,EWT,40.0,,3,EWT_b40,training_ckp_epoch_109,s,validation,model_div_3_1,0.5148629052564502
sim_vowels,EWT,40.0,,3,EWT_b40,training_ckp_epoch_109,s,validation,model_div_3_2,0.2501429934054613
sim_vowels,EWT,40.0,,3,EWT_b40,training_ckp_epoch_109,s,validation,rate_per_frame,6.711944937705993e-06
sim_vowels,EWT,40.0,,3,EWT_b40,training_ckp_epoch_109,s,validation,check_max_abs_diff,6.661704765598131e-08
sim_vowels,EWT,40.0,,3,EWT_b40,training_ckp_epoch_109,z,test,n_utt,300.0
sim_vowels,EWT,40.0,,3,EWT_b40,training_ckp_epoch_109,z,test,n_frames,59700.0
sim_vowels,EWT,40.0,,3,EWT_b40,training_ckp_epoch_109,z,test,d_frame_div_0_1,0.0036401452882503325
sim_vowels,EWT,40.0,,3,EWT_b40,training_ckp_epoch_109,z,test,d_frame_div_0_2,0.0037652996144558145
sim_vowels,EWT,40.0,,3,EWT_b40,training_ckp_epoch_109,z,test,d_frame_div_0_3,0.003687881859386606
sim_vowels,EWT,40.0,,3,EWT_b40,training_ckp_epoch_109,z,test,d_frame_div_2_1,0.00708718436363501
sim_vowels,EWT,40.0,,3,EWT_b40,training_ckp_epoch_109,z,test,d_frame_div_3_1,0.006999086227271812
sim_vowels,EWT,40.0,,3,EWT_b40,training_ckp_epoch_109,z,test,d_frame_div_3_2,0.007064345423835621
sim_vowels,EWT,40.0,,3,EWT_b40,training_ckp_epoch_109,z,test,d_recon,0.0036977755873642505
sim_vowels,EWT,40.0,,3,EWT_b40,training_ckp_epoch_109,z,test,d_ortho,0.007050205338247481
sim_vowels,EWT,40.0,,3,EWT_b40,training_ckp_epoch_109,z,test,d_recon_norm,0.005334762502210678
sim_vowels,EWT,40.0,,3,EWT_b40,training_ckp_epoch_109,z,test,d_ortho_norm,0.010171296278738537
sim_vowels,EWT,40.0,,3,EWT_b40,training_ckp_epoch_109,z,test,d_recon_utt,0.7036730447322151
sim_vowels,EWT,40.0,,3,EWT_b40,training_ckp_epoch_109,z,test,d_ortho_utt,0.9723550824337523
sim_vowels,EWT,40.0,,3,EWT_b40,training_ckp_epoch_109,z,test,clamp_frac_recon,0.17555555555555555
sim_vowels,EWT,40.0,,3,EWT_b40,training_ckp_epoch_109,z,test,clamp_frac_ortho,0.8366666666666667
sim_vowels,EWT,40.0,,3,EWT_b40,training_ckp_epoch_109,z,test,model_div_pos,0.7037064244872645
sim_vowels,EWT,40.0,,3,EWT_b40,training_ckp_epoch_109,z,test,model_div_neg,0.9722907888261896
sim_vowels,EWT,40.0,,3,EWT_b40,training_ckp_epoch_109,z,test,model_ce_pos,55.78054106862921
sim_vowels,EWT,40.0,,3,EWT_b40,training_ckp_epoch_109,z,test,model_ce_neg,0.09828532732238895
sim_vowels,EWT,40.0,,3,EWT_b40,training_ckp_epoch_109,z,test,model_decomposition_loss,18.624412536621094
sim_vowels,EWT,40.0,,3,EWT_b40,training_ckp_epoch_109,z,test,model_prior_loss,0.46804641422472504
sim_vowels,EWT,40.0,,3,EWT_b40,training_ckp_epoch_109,z,test,model_div_0_1,0.6968016875417609
sim_vowels,EWT,40.0,,3,EWT_b40,training_ckp_epoch_109,z,test,model_div_0_2,0.7102048804885462
sim_vowels,EWT,40.0,,3,EWT_b40,training_ckp_epoch_109,z,test,model_div_0_3,0.7041126521010148
sim_vowels,EWT,40.0,,3,EWT_b40,training_ckp_epoch_109,z,test,model_div_2_1,0.9692687894168653
sim_vowels,EWT,40.0,,3,EWT_b40,training_ckp_epoch_109,z,test,model_div_3_1,0.9711424426028603
sim_vowels,EWT,40.0,,3,EWT_b40,training_ckp_epoch_109,z,test,model_div_3_2,0.9764610497575057
sim_vowels,EWT,40.0,,3,EWT_b40,training_ckp_epoch_109,z,test,rate_per_frame,3.72398738286004e-07
sim_vowels,EWT,40.0,,3,EWT_b40,training_ckp_epoch_109,z,test,check_max_abs_diff,7.893734913944073e-06
sim_vowels,EWT,40.0,,3,EWT_b40,training_ckp_epoch_109,s,test,n_utt,300.0
sim_vowels,EWT,40.0,,3,EWT_b40,training_ckp_epoch_109,s,test,n_frames,300.0
sim_vowels,EWT,40.0,,3,EWT_b40,training_ckp_epoch_109,s,test,d_frame_div_0_1,0.175390229270039
sim_vowels,EWT,40.0,,3,EWT_b40,training_ckp_epoch_109,s,test,d_frame_div_0_2,0.04859604683522772
sim_vowels,EWT,40.0,,3,EWT_b40,training_ckp_epoch_109,s,test,d_frame_div_0_3,0.1459279664189186
sim_vowels,EWT,40.0,,3,EWT_b40,training_ckp_epoch_109,s,test,d_frame_div_2_1,0.15324117186239802
sim_vowels,EWT,40.0,,3,EWT_b40,training_ckp_epoch_109,s,test,d_frame_div_3_1,0.5116827745977378
sim_vowels,EWT,40.0,,3,EWT_b40,training_ckp_epoch_109,s,test,d_frame_div_3_2,0.2504166553574512
sim_vowels,EWT,40.0,,3,EWT_b40,training_ckp_epoch_109,s,test,d_recon,0.12330474750806177
sim_vowels,EWT,40.0,,3,EWT_b40,training_ckp_epoch_109,s,test,d_ortho,0.3051135339391957
sim_vowels,EWT,40.0,,3,EWT_b40,training_ckp_epoch_109,s,test,d_recon_norm,0.17789114774794648
sim_vowels,EWT,40.0,,3,EWT_b40,training_ckp_epoch_109,s,test,d_ortho_norm,0.4401857823221841
sim_vowels,EWT,40.0,,3,EWT_b40,training_ckp_epoch_109,s,test,d_recon_utt,0.12330474750806177
sim_vowels,EWT,40.0,,3,EWT_b40,training_ckp_epoch_109,s,test,d_ortho_utt,0.3051135339391957
sim_vowels,EWT,40.0,,3,EWT_b40,training_ckp_epoch_109,s,test,clamp_frac_recon,0.0
sim_vowels,EWT,40.0,,3,EWT_b40,training_ckp_epoch_109,s,test,clamp_frac_ortho,0.0
sim_vowels,EWT,40.0,,3,EWT_b40,training_ckp_epoch_109,s,test,model_div_pos,0.12340731173753738
sim_vowels,EWT,40.0,,3,EWT_b40,training_ckp_epoch_109,s,test,model_div_neg,0.30521690531780843
sim_vowels,EWT,40.0,,3,EWT_b40,training_ckp_epoch_109,s,test,model_ce_pos,0.4088501773382488
sim_vowels,EWT,40.0,,3,EWT_b40,training_ckp_epoch_109,s,test,model_ce_neg,4.331965145311858
sim_vowels,EWT,40.0,,3,EWT_b40,training_ckp_epoch_109,s,test,model_decomposition_loss,1.5801137246583636
sim_vowels,EWT,40.0,,3,EWT_b40,training_ckp_epoch_109,s,test,model_prior_loss,1.700683643943385
sim_vowels,EWT,40.0,,3,EWT_b40,training_ckp_epoch_109,s,test,model_div_0_1,0.17522306112866654
sim_vowels,EWT,40.0,,3,EWT_b40,training_ckp_epoch_109,s,test,model_div_0_2,0.048950964731997566
sim_vowels,EWT,40.0,,3,EWT_b40,training_ckp_epoch_109,s,test,model_div_0_3,0.1460479011661128
sim_vowels,EWT,40.0,,3,EWT_b40,training_ckp_epoch_109,s,test,model_div_2_1,0.15306458896712252
sim_vowels,EWT,40.0,,3,EWT_b40,training_ckp_epoch_109,s,test,model_div_3_1,0.5115600353793094
sim_vowels,EWT,40.0,,3,EWT_b40,training_ckp_epoch_109,s,test,model_div_3_2,0.2510260704316591
sim_vowels,EWT,40.0,,3,EWT_b40,training_ckp_epoch_109,s,test,rate_per_frame,6.731872757275899e-06
sim_vowels,EWT,40.0,,3,EWT_b40,training_ckp_epoch_109,s,test,check_max_abs_diff,4.6633304329191105e-08
