dataset,model,beta,transfer_from,NoC,max_frames_per_batch,run_id,checkpoint,branch,split,measure,value
sim_vowels,FD,0.0,,3,100,FD_b0,training_ckp_epoch_111_min_val_loss,z,validation,n_utt,500.0
sim_vowels,FD,0.0,,3,100,FD_b0,training_ckp_epoch_111_min_val_loss,z,validation,n_frames,50000.0
sim_vowels,FD,0.0,,3,100,FD_b0,training_ckp_epoch_111_min_val_loss,z,validation,d_frame_div_0_1,0.003794819854156679
sim_vowels,FD,0.0,,3,100,FD_b0,training_ckp_epoch_111_min_val_loss,z,validation,d_frame_div_0_2,0.0038233144729026606
sim_vowels,FD,0.0,,3,100,FD_b0,training_ckp_epoch_111_min_val_loss,z,validation,d_frame_div_0_3,0.003850687504561321
sim_vowels,FD,0.0,,3,100,FD_b0,training_ckp_epoch_111_min_val_loss,z,validation,d_frame_div_2_1,0.009503227329008879
sim_vowels,FD,0.0,,3,100,FD_b0,training_ckp_epoch_111_min_val_loss,z,validation,d_frame_div_3_1,0.009573754794164939
sim_vowels,FD,0.0,,3,100,FD_b0,training_ckp_epoch_111_min_val_loss,z,validation,d_frame_div_3_2,0.009679315066414097
sim_vowels,FD,0.0,,3,100,FD_b0,training_ckp_epoch_111_min_val_loss,z,validation,d_recon,0.00382294061054022
sim_vowels,FD,0.0,,3,100,FD_b0,training_ckp_epoch_111_min_val_loss,z,validation,d_ortho,0.009585432396529304
sim_vowels,FD,0.0,,3,100,FD_b0,training_ckp_epoch_111_min_val_loss,z,validation,d_recon_norm,0.005515337460439401
sim_vowels,FD,0.0,,3,100,FD_b0,training_ckp_epoch_111_min_val_loss,z,validation,d_ortho_norm,0.013828855783249239
sim_vowels,FD,0.0,,3,100,FD_b0,training_ckp_epoch_111_min_val_loss,z,validation,d_recon_utt,0.38229406105402197
sim_vowels,FD,0.0,,3,100,FD_b0,training_ckp_epoch_111_min_val_loss,z,validation,d_ortho_utt,0.9273389956979612
sim_vowels,FD,0.0,,3,100,FD_b0,training_ckp_epoch_111_min_val_loss,z,validation,clamp_frac_recon,0.0
sim_vowels,FD,0.0,,3,100,FD_b0,training_ckp_epoch_111_min_val_loss,z,validation,clamp_frac_ortho,0.4146666666666667
sim_vowels,FD,0.0,,3,100,FD_b0,training_ckp_epoch_111_min_val_loss,z,validation,model_div_pos,0.38234294205904007
sim_vowels,FD,0.0,,3,100,FD_b0,training_ckp_epoch_111_min_val_loss,z,validation,model_div_neg,0.9281000681221485
sim_vowels,FD,0.0,,3,100,FD_b0,training_ckp_epoch_111_min_val_loss,z,validation,model_ce_pos,1.45225590467453
sim_vowels,FD,0.0,,3,100,FD_b0,training_ckp_epoch_111_min_val_loss,z,validation,model_ce_neg,0.2409687041072175
sim_vowels,FD,0.0,,3,100,FD_b0,training_ckp_epoch_111_min_val_loss,z,validation,model_decomposition_loss,0.5643517505377531
sim_vowels,FD,0.0,,3,100,FD_b0,training_ckp_epoch_111_min_val_loss,z,validation,model_prior_loss,0.0
sim_vowels,FD,0.0,,3,100,FD_b0,training_ckp_epoch_111_min_val_loss,z,validation,model_div_0_1,0.37959723081439734
sim_vowels,FD,0.0,,3,100,FD_b0,training_ckp_epoch_111_min_val_loss,z,validation,model_div_0_2,0.3825927069410682
sim_vowels,FD,0.0,,3,100,FD_b0,training_ckp_epoch_111_min_val_loss,z,validation,model_div_0_3,0.3848388660699129
sim_vowels,FD,0.0,,3,100,FD_b0,training_ckp_epoch_111_min_val_loss,z,validation,model_div_2_1,0.9259295463562012
sim_vowels,FD,0.0,,3,100,FD_b0,training_ckp_epoch_111_min_val_loss,z,validation,model_div_3_1,0.9257771912962198
sim_vowels,FD,0.0,,3,100,FD_b0,training_ckp_epoch_111_min_val_loss,z,validation,model_div_3_2,0.9325933884829283
sim_vowels,FD,0.0,,3,100,FD_b0,training_ckp_epoch_111_min_val_loss,z,validation,rate_per_frame,
sim_vowels,FD,0.0,,3,100,FD_b0,training_ckp_epoch_111_min_val_loss,z,validation,check_max_abs_diff,4.128475418530009e-06
sim_vowels,FD,0.0,,3,100,FD_b0,training_ckp_epoch_111_min_val_loss,s,validation,n_utt,500.0
sim_vowels,FD,0.0,,3,100,FD_b0,training_ckp_epoch_111_min_val_loss,s,validation,n_frames,500.0
sim_vowels,FD,0.0,,3,100,FD_b0,training_ckp_epoch_111_min_val_loss,s,validation,d_frame_div_0_1,0.2438959855817066
sim_vowels,FD,0.0,,3,100,FD_b0,training_ckp_epoch_111_min_val_loss,s,validation,d_frame_div_0_2,0.28404530292248076
sim_vowels,FD,0.0,,3,100,FD_b0,training_ckp_epoch_111_min_val_loss,s,validation,d_frame_div_0_3,0.30960779994356646
sim_vowels,FD,0.0,,3,100,FD_b0,training_ckp_epoch_111_min_val_loss,s,validation,d_frame_div_2_1,0.575413690760921
sim_vowels,FD,0.0,,3,100,FD_b0,training_ckp_epoch_111_min_val_loss,s,validation,d_frame_div_3_1,0.5564525591381192
sim_vowels,FD,0.0,,3,100,FD_b0,training_ckp_epoch_111_min_val_loss,s,validation,d_frame_div_3_2,0.1912693672653631
sim_vowels,FD,0.0,,3,100,FD_b0,training_ckp_epoch_111_min_val_loss,s,validation,d_recon,0.2791830294825846
sim_vowels,FD,0.0,,3,100,FD_b0,training_ckp_epoch_111_min_val_loss,s,validation,d_ortho,0.44104520572146777
sim_vowels,FD,0.0,,3,100,FD_b0,training_ckp_epoch_111_min_val_loss,s,validation,d_recon_norm,0.4027759721348821
sim_vowels,FD,0.0,,3,100,FD_b0,training_ckp_epoch_111_min_val_loss,s,validation,d_ortho_norm,0.6362937311022142
sim_vowels,FD,0.0,,3,100,FD_b0,training_ckp_epoch_111_min_val_loss,s,validation,d_recon_utt,0.2791830294825846
sim_vowels,FD,0.0,,3,100,FD_b0,training_ckp_epoch_111_min_val_loss,s,validation,d_ortho_utt,0.44104520572146777
sim_vowels,FD,0.0,,3,100,FD_b0,training_ckp_epoch_111_min_val_loss,s,validation,clamp_frac_recon,0.0
sim_vowels,FD,0.0,,3,100,FD_b0,training_ckp_epoch_111_min_val_loss,s,validation,clamp_frac_ortho,0.0
sim_vowels,FD,0.0,,3,100,FD_b0,training_ckp_epoch_111_min_val_loss,s,validation,model_div_pos,0.2799674617126584
sim_vowels,FD,0.0,,3,100,FD_b0,training_ckp_epoch_111_min_val_loss,s,validation,model_div_neg,0.44050025939941406
sim_vowels,FD,0.0,,3,100,FD_b0,training_ckp_epoch_111_min_val_loss,s,validation,model_ce_pos,1.0331247709691525
sim_vowels,FD,0.0,,3,100,FD_b0,training_ckp_epoch_111_min_val_loss,s,validation,model_ce_neg,7.025077685713768
sim_vowels,FD,0.0,,3,100,FD_b0,training_ckp_epoch_111_min_val_loss,s,validation,model_decomposition_loss,2.6857988610863686
sim_vowels,FD,0.0,,3,100,FD_b0,training_ckp_epoch_111_min_val_loss,s,validation,model_prior_loss,0.0
sim_vowels,FD,0.0,,3,100,FD_b0,training_ckp_epoch_111_min_val_loss,s,validation,model_div_0_1,0.24531413055956364
sim_vowels,FD,0.0,,3,100,FD_b0,training_ckp_epoch_111_min_val_loss,s,validation,model_div_0_2,0.28518936038017273
sim_vowels,FD,0.0,,3,100,FD_b0,training_ckp_epoch_111_min_val_loss,s,validation,model_div_0_3,0.30939886532723904
sim_vowels,FD,0.0,,3,100,FD_b0,training_ckp_epoch_111_min_val_loss,s,validation,model_div_2_1,0.5768680851906538
sim_vowels,FD,0.0,,3,100,FD_b0,training_ckp_epoch_111_min_val_loss,s,validation,model_div_3_1,0.5576356984674931
sim_vowels,FD,0.0,,3,100,FD_b0,training_ckp_epoch_111_min_val_loss,s,validation,model_div_3_2,0.18699694919632748
sim_vowels,FD,0.0,,3,100,FD_b0,training_ckp_epoch_111_min_val_loss,s,validation,rate_per_frame,
sim_vowels,FD,0.0,,3,100,FD_b0,training_ckp_epoch_111_min_val_loss,s,validation,check_max_abs_diff,7.211353636460416e-08
sim_vowels,FD,0.0,,3,100,FD_b0,training_ckp_epoch_111_min_val_loss,z,test,n_utt,300.0
sim_vowels,FD,0.0,,3,100,FD_b0,training_ckp_epoch_111_min_val_loss,z,test,n_frames,30000.0
sim_vowels,FD,0.0,,3,100,FD_b0,training_ckp_epoch_111_min_val_loss,z,test,d_frame_div_0_1,0.0037304703005645043
sim_vowels,FD,0.0,,3,100,FD_b0,training_ckp_epoch_111_min_val_loss,z,test,d_frame_div_0_2,0.003757859187814903
sim_vowels,FD,0.0,,3,100,FD_b0,training_ckp_epoch_111_min_val_loss,z,test,d_frame_div_0_3,0.0038101154658238827
sim_vowels,FD,0.0,,3,100,FD_b0,training_ckp_epoch_111_min_val_loss,z,test,d_frame_div_2_1,0.009227853835658942
sim_vowels,FD,0.0,,3,100,FD_b0,training_ckp_epoch_111_min_val_loss,z,test,d_frame_div_3_1,0.009283765290752736
sim_vowels,FD,0.0,,3,100,FD_b0,training_ckp_epoch_111_min_val_loss,z,test,d_frame_div_3_2,0.009384480602756241
sim_vowels,FD,0.0,,3,100,FD_b0,training_ckp_epoch_111_min_val_loss,z,test,d_recon,0.0037661483180677635
sim_vowels,FD,0.0,,3,100,FD_b0,training_ckp_epoch_111_min_val_loss,z,test,d_ortho,0.00929869990972264
sim_vowels,FD,0.0,,3,100,FD_b0,training_ckp_epoch_111_min_val_loss,z,test,d_recon_norm,0.005433403501728673
sim_vowels,FD,0.0,,3,100,FD_b0,training_ckp_epoch_111_min_val_loss,z,test,d_ortho_norm,0.013415188246471504
sim_vowels,FD,0.0,,3,100,FD_b0,training_ckp_epoch_111_min_val_loss,z,test,d_recon_utt,0.37661483180677635
sim_vowels,FD,0.0,,3,100,FD_b0,training_ckp_epoch_111_min_val_loss,z,test,d_ortho_utt,0.9044743979035796
sim_vowels,FD,0.0,,3,100,FD_b0,training_ckp_epoch_111_min_val_loss,z,test,clamp_frac_recon,0.0
sim_vowels,FD,0.0,,3,100,FD_b0,training_ckp_epoch_111_min_val_loss,z,test,clamp_frac_ortho,0.36444444444444446
sim_vowels,FD,0.0,,3,100,FD_b0,training_ckp_epoch_111_min_val_loss,z,test,model_div_pos,0.3766884239096391
sim_vowels,FD,0.0,,3,100,FD_b0,training_ckp_epoch_111_min_val_loss,z,test,model_div_neg,0.9044213263612044
sim_vowels,FD,0.0,,3,100,FD_b0,training_ckp_epoch_111_min_val_loss,z,test,model_ce_pos,1.4268151709907932
sim_vowels,FD,0.0,,3,100,FD_b0,training_ckp_epoch_111_min_val_loss,z,test,model_ce_neg,0.32836034031290756
sim_vowels,FD,0.0,,3,100,FD_b0,training_ckp_epoch_111_min_val_loss,z,test,model_decomposition_loss,0.5849999910906741
sim_vowels,FD,0.0,,3,100,FD_b0,training_ckp_epoch_111_min_val_loss,z,test,model_prior_loss,0.0
sim_vowels,FD,0.0,,3,100,FD_b0,training_ckp_epoch_111_min_val_loss,z,test,model_div_0_1,0.3733203693440086
sim_vowels,FD,0.0,,3,100,FD_b0,training_ckp_epoch_111_min_val_loss,z,test,model_div_0_2,0.3756596289182964
sim_vowels,FD,0.0,,3,100,FD_b0,training_ckp_epoch_111_min_val_loss,z,test,model_div_0_3,0.3810852342530301
sim_vowels,FD,0.0,,3,100,FD_b0,training_ckp_epoch_111_min_val_loss,z,test,model_div_2_1,0.9006323437941702
sim_vowels,FD,0.0,,3,100,FD_b0,training_ckp_epoch_111_min_val_loss,z,test,model_div_3_1,0.9029485551934493
sim_vowels,FD,0.0,,3,100,FD_b0,training_ckp_epoch_111_min_val_loss,z,test,model_div_3_2,0.9096830549993014
sim_vowels,FD,0.0,,3,100,FD_b0,training_ckp_epoch_111_min_val_loss,z,test,rate_per_frame,
sim_vowels,FD,0.0,,3,100,FD_b0,training_ckp_epoch_111_min_val_loss,z,test,check_max_abs_diff,4.076581644696375e-06
sim_vowels,FD,0.0,,3,100,FD_b0,training_ckp_epoch_111_min_val_loss,s,test,n_utt,300.0
sim_vowels,FD,0.0,,3,100,FD_b0,training_ckp_epoch_111_min_val_loss,s,test,n_frames,300.0
sim_vowels,FD,0.0,,3,100,FD_b0,training_ckp_epoch_111_min_val_loss,s,test,d_frame_div_0_1,0.22908774135626733
sim_vowels,FD,0.0,,3,100,FD_b0,training_ckp_epoch_111_min_val_loss,s,test,d_frame_div_0_2,0.30230834430931514
sim_vowels,FD,0.0,,3,100,FD_b0,training_ckp_epoch_111_min_val_loss,s,test,d_frame_div_0_3,0.3230044414764874
sim_vowels,FD,0.0,,3,100,FD_b0,training_ckp_epoch_111_min_val_loss,s,test,d_frame_div_2_1,0.5839827791632048
sim_vowels,FD,0.0,,3,100,FD_b0,training_ckp_epoch_111_min_val_loss,s,test,d_frame_div_3_1,0.5515354139995272
sim_vowels,FD,0.0,,3,100,FD_b0,training_ckp_epoch_111_min_val_loss,s,test,d_frame_div_3_2,0.22335524151747346
sim_vowels,FD,0.0,,3,100,FD_b0,training_ckp_epoch_111_min_val_loss,s,test,d_recon,0.2848001757140233
sim_vowels,FD,0.0,,3,100,FD_b0,training_ckp_epoch_111_min_val_loss,s,test,d_ortho,0.45295781156006854
sim_vowels,FD,0.0,,3,100,FD_b0,training_ckp_epoch_111_min_val_loss,s,test,d_recon_norm,0.4108798011469268
sim_vowels,FD,0.0,,3,100,FD_b0,training_ckp_epoch_111_min_val_loss,s,test,d_ortho_norm,0.6534799884696285
sim_vowels,FD,0.0,,3,100,FD_b0,training_ckp_epoch_111_min_val_loss,s,test,d_recon_utt,0.2848001757140233
sim_vowels,FD,0.0,,3,100,FD_b0,training_ckp_epoch_111_min_val_loss,s,test,d_ortho_utt,0.45295781156006854
sim_vowels,FD,0.0,,3,100,FD_b0,training_ckp_epoch_111_min_val_loss,s,test,clamp_frac_recon,0.0
sim_vowels,FD,0.0,,3,100,FD_b0,training_ckp_epoch_111_min_val_loss,s,test,clamp_frac_ortho,0.0
sim_vowels,FD,0.0,,3,100,FD_b0,training_ckp_epoch_111_min_val_loss,s,test,model_div_pos,0.2846244259884483
sim_vowels,FD,0.0,,3,100,FD_b0,training_ckp_epoch_111_min_val_loss,s,test,model_div_neg,0.45256152435352925
sim_vowels,FD,0.0,,3,100,FD_b0,training_ckp_epoch_111_min_val_loss,s,test,model_ce_pos,1.0515966540888737
sim_vowels,FD,0.0,,3,100,FD_b0,training_ckp_epoch_111_min_val_loss,s,test,model_ce_neg,6.837368387924998
sim_vowels,FD,0.0,,3,100,FD_b0,training_ckp_epoch_111_min_val_loss,s,test,model_decomposition_loss,2.6293920027582267
sim_vowels,FD,0.0,,3,100,FD_b0,training_ckp_epoch_111_min_val_loss,s,test,model_prior_loss,0.0
sim_vowels,FD,0.0,,3,100,FD_b0,training_ckp_epoch_111_min_val_loss,s,test,model_div_0_1,0.22872885120542427
sim_vowels,FD,0.0,,3,100,FD_b0,training_ckp_epoch_111_min_val_loss,s,test,model_div_0_2,0.3020209434785341
sim_vowels,FD,0.0,,3,100,FD_b0,training_ckp_epoch_111_min_val_loss,s,test,model_div_0_3,0.32312346289032384
sim_vowels,FD,0.0,,3,100,FD_b0,training_ckp_epoch_111_min_val_loss,s,test,model_div_2_1,0.5834642554584303
sim_vowels,FD,0.0,,3,100,FD_b0,training_ckp_epoch_111_min_val_loss,s,test,model_div_3_1,0.551082946752247
sim_vowels,FD,0.0,,3,100,FD_b0,training_ckp_epoch_111_min_val_loss,s,test,model_div_3_2,0.22313734587576045
sim_vowels,FD,0.0,,3,100,FD_b0,training_ckp_epoch_111_min_val_loss,s,test,rate_per_frame,
sim_vowels,FD,0.0,,3,100,FD_b0,training_ckp_epoch_111_min_val_loss,s,test,check_max_abs_diff,9.174406612189046e-08
sim_vowels,FD,0.1,,3,100,FD_b0.1,training_ckp_epoch_109,z,validation,n_utt,500.0
sim_vowels,FD,0.1,,3,100,FD_b0.1,training_ckp_epoch_109,z,validation,n_frames,50000.0
sim_vowels,FD,0.1,,3,100,FD_b0.1,training_ckp_epoch_109,z,validation,d_frame_div_0_1,0.003666798446255848
sim_vowels,FD,0.1,,3,100,FD_b0.1,training_ckp_epoch_109,z,validation,d_frame_div_0_2,0.0037135458793000438
sim_vowels,FD,0.1,,3,100,FD_b0.1,training_ckp_epoch_109,z,validation,d_frame_div_0_3,0.003772547751269592
sim_vowels,FD,0.1,,3,100,FD_b0.1,training_ckp_epoch_109,z,validation,d_frame_div_2_1,0.008891621869028372
sim_vowels,FD,0.1,,3,100,FD_b0.1,training_ckp_epoch_109,z,validation,d_frame_div_3_1,0.008985836235189384
sim_vowels,FD,0.1,,3,100,FD_b0.1,training_ckp_epoch_109,z,validation,d_frame_div_3_2,0.009061760372498425
sim_vowels,FD,0.1,,3,100,FD_b0.1,training_ckp_epoch_109,z,validation,d_recon,0.003717630692275161
sim_vowels,FD,0.1,,3,100,FD_b0.1,training_ckp_epoch_109,z,validation,d_ortho,0.008979739492238726
sim_vowels,FD,0.1,,3,100,FD_b0.1,training_ckp_epoch_109,z,validation,d_recon_norm,0.005363407363601979
sim_vowels,FD,0.1,,3,100,FD_b0.1,training_ckp_epoch_109,z,validation,d_ortho_norm,0.01295502563392759
sim_vowels,FD,0.1,,3,100,FD_b0.1,training_ckp_epoch_109,z,validation,d_recon_utt,0.3717630692275161
sim_vowels,FD,0.1,,3,100,FD_b0.1,training_ckp_epoch_109,z,validation,d_ortho_utt,0.8801122869605376
sim_vowels,FD,0.1,,3,100,FD_b0.1,training_ckp_epoch_109,z,validation,clamp_frac_recon,0.0
sim_vowels,FD,0.1,,3,100,FD_b0.1,training_ckp_epoch_109,z,validation,clamp_frac_ortho,0.224
sim_vowels,FD,0.1,,3,100,FD_b0.1,training_ckp_epoch_109,z,validation,model_div_pos,0.3719608895480633
sim_vowels,FD,0.1,,3,100,FD_b0.1,training_ckp_epoch_109,z,validation,model_div_neg,0.8805454559624195
sim_vowels,FD,0.1,,3,100,FD_b0.1,training_ckp_epoch_109,z,validation,model_ce_pos,1.4084060192108154
sim_vowels,FD,0.1,,3,100,FD_b0.1,training_ckp_epoch_109,z,validation,model_ce_neg,0.40742154768668115
sim_vowels,FD,0.1,,3,100,FD_b0.1,training_ckp_epoch_109,z,validation,model_decomposition_loss,0.6052153185009956
sim_vowels,FD,0.1,,3,100,FD_b0.1,training_ckp_epoch_109,z,validation,model_prior_loss,0.014029290992766619
sim_vowels,FD,0.1,,3,100,FD_b0.1,training_ckp_epoch_109,z,validation,model_div_0_1,0.36674936674535275
sim_vowels,FD,0.1,,3,100,FD_b0.1,training_ckp_epoch_109,z,validation,model_div_0_2,0.37198861688375473
sim_vowels,FD,0.1,,3,100,FD_b0.1,training_ckp_epoch_109,z,validation,model_div_0_3,0.3771446580067277
sim_vowels,FD,0.1,,3,100,FD_b0.1,training_ckp_epoch_109,z,validation,model_div_2_1,0.8747222758829594
sim_vowels,FD,0.1,,3,100,FD_b0.1,training_ckp_epoch_109,z,validation,model_div_3_1,0.8817208036780357
sim_vowels,FD,0.1,,3,100,FD_b0.1,training_ckp_epoch_109,z,validation,model_div_3_2,0.8851932268589735
sim_vowels,FD,0.1,,3,100,FD_b0.1,training_ckp_epoch_109,z,validation,rate_per_frame,8.978746235370636e-06
sim_vowels,FD,0.1,,3,100,FD_b0.1,training_ckp_epoch_109,z,validation,check_max_abs_diff,4.1595856904441675e-06
sim_vowels,FD,0.1,,3,100,FD_b0.1,training_ckp_epoch_109,s,validation,n_utt,500.0
sim_vowels,FD,0.1,,3,100,FD_b0.1,training_ckp_epoch_109,s,validation,n_frames,500.0
sim_vowels,FD,0.1,,3,100,FD_b0.1,training_ckp_epoch_109,s,validation,d_frame_div_0_1,0.323174320269443
sim_vowels,FD,0.1,,3,100,FD_b0.1,training_ckp_epoch_109,s,validation,d_frame_div_0_2,0.3066309811566559
sim_vowels,FD,0.1,,3,100,FD_b0.1,training_ckp_epoch_109,s,validation,d_frame_div_0_3,0.3086436763642428
sim_vowels,FD,0.1,,3,100,FD_b0.1,training_ckp_epoch_109,s,validation,d_frame_div_2_1,0.6845217731864249
sim_vowels,FD,0.1,,3,100,FD_b0.1,training_ckp_epoch_109,s,validation,d_frame_div_3_1,0.6853969310640534
sim_vowels,FD,0.1,,3,100,FD_b0.1,training_ckp_epoch_109,s,validation,d_frame_div_3_2,0.11792260540686696
sim_vowels,FD,0.1,,3,100,FD_b0.1,training_ckp_epoch_109,s,validation,d_recon,0.3128163259301139
sim_vowels,FD,0.1,,3,100,FD_b0.1,training_ckp_epoch_109,s,validation,d_ortho,0.4959471032191151
sim_vowels,FD,0.1,,3,100,FD_b0.1,training_ckp_epoch_109,s,validation,d_recon_norm,0.45129856212848096
sim_vowels,FD,0.1,,3,100,FD_b0.1,training_ckp_epoch_109,s,validation,d_ortho_norm,0.7155004263574642
sim_vowels,FD,0.1,,3,100,FD_b0.1,training_ckp_epoch_109,s,validation,d_recon_utt,0.3128163259301139
sim_vowels,FD,0.1,,3,100,FD_b0.1,training_ckp_epoch_109,s,validation,d_ortho_utt,0.4959471032191151
sim_vowels,FD,0.1,,3,100,FD_b0.1,training_ckp_epoch_109,s,validation,clamp_frac_recon,0.0
sim_vowels,FD,0.1,,3,100,FD_b0.1,training_ckp_epoch_109,s,validation,clamp_frac_ortho,0.0
sim_vowels,FD,0.1,,3,100,FD_b0.1,training_ckp_epoch_109,s,validation,model_div_pos,0.3134100865572691
sim_vowels,FD,0.1,,3,100,FD_b0.1,training_ckp_epoch_109,s,validation,model_div_neg,0.4951365599408746
sim_vowels,FD,0.1,,3,100,FD_b0.1,training_ckp_epoch_109,s,validation,model_ce_pos,1.1370644457638264
sim_vowels,FD,0.1,,3,100,FD_b0.1,training_ckp_epoch_109,s,validation,model_ce_neg,9.132031843066216
sim_vowels,FD,0.1,,3,100,FD_b0.1,training_ckp_epoch_109,s,validation,model_decomposition_loss,3.422689765691757
sim_vowels,FD,0.1,,3,100,FD_b0.1,training_ckp_epoch_109,s,validation,model_prior_loss,0.04825729876756668
sim_vowels,FD,0.1,,3,100,FD_b0.1,training_ckp_epoch_109,s,validation,model_div_0_1,0.3235999336466193
sim_vowels,FD,0.1,,3,100,FD_b0.1,training_ckp_epoch_109,s,validation,model_div_0_2,0.30731354746967554
sim_vowels,FD,0.1,,3,100,FD_b0.1,training_ckp_epoch_109,s,validation,model_div_0_3,0.3093167571350932
sim_vowels,FD,0.1,,3,100,FD_b0.1,training_ckp_epoch_109,s,validation,model_div_2_1,0.6846956498920918
sim_vowels,FD,0.1,,3,100,FD_b0.1,training_ckp_epoch_109,s,validation,model_div_3_1,0.6855522077530622
sim_vowels,FD,0.1,,3,100,FD_b0.1,training_ckp_epoch_109,s,validation,model_div_3_2,0.11516176245277165
sim_vowels,FD,0.1,,3,100,FD_b0.1,training_ckp_epoch_109,s,validation,rate_per_frame,7.721167802810669e-05
sim_vowels,FD,0.1,,3,100,FD_b0.1,training_ckp_epoch_109,s,validation,check_max_abs_diff,8.284126606916686e-08
sim_vowels,FD,0.1,,3,100,FD_b0.1,training_ckp_epoch_109,z,test,n_utt,300.0
sim_vowels,FD,0.1,,3,100,FD_b0.1,training_ckp_epoch_109,z,test,n_frames,30000.0
sim_vowels,FD,0.1,,3,100,FD_b0.1,training_ckp_epoch_109,z,test,d_frame_div_0_1,0.003709944636073996
sim_vowels,FD,0.1,,3,100,FD_b0.1,training_ckp_epoch_109,z,test,d_frame_div_0_2,0.00372014006385875
sim_vowels,FD,0.1,,3,100,FD_b0.1,training_ckp_epoch_109,z,test,d_frame_div_0_3,0.003786735448038411
sim_vowels,FD,0.1,,3,100,FD_b0.1,training_ckp_epoch_109,z,test,d_frame_div_2_1,0.008839722795359262
sim_vowels,FD,0.1,,3,100,FD_b0.1,training_ckp_epoch_109,z,test,d_frame_div_3_1,0.00887422583285869
sim_vowels,FD,0.1,,3,100,FD_b0.1,training_ckp_epoch_109,z,test,d_frame_div_3_2,0.009019758004633907
sim_vowels,FD,0.1,,3,100,FD_b0.1,training_ckp_epoch_109,z,test,d_recon,0.0037389400493237188
sim_vowels,FD,0.1,,3,100,FD_b0.1,training_ckp_epoch_109,z,test,d_ortho,0.008911235544283951
sim_vowels,FD,0.1,,3,100,FD_b0.1,training_ckp_epoch_109,z,test,d_recon_norm,0.005394150267340465
sim_vowels,FD,0.1,,3,100,FD_b0.1,training_ckp_epoch_109,z,test,d_ortho_norm,0.01285619532793192
sim_vowels,FD,0.1,,3,100,FD_b0.1,training_ckp_epoch_109,z,test,d_recon_utt,0.3738940049323719
sim_vowels,FD,0.1,,3,100,FD_b0.1,training_ckp_epoch_109,z,test,d_ortho_utt,0.877497605561263
sim_vowels,FD,0.1,,3,100,FD_b0.1,training_ckp_epoch_109,z,test,clamp_frac_recon,0.0
sim_vowels,FD,0.1,,3,100,FD_b0.1,training_ckp_epoch_109,z,test,clamp_frac_ortho,0.20555555555555555
sim_vowels,FD,0.1,,3,100,FD_b0.1,training_ckp_epoch_109,z,test,model_div_pos,0.3738013537306535
sim_vowels,FD,0.1,,3,100,FD_b0.1,training_ckp_epoch_109,z,test,model_div_neg,0.8767858837780199
sim_vowels,FD,0.1,,3,100,FD_b0.1,training_ckp_epoch_109,z,test,model_ce_pos,1.4146364864550138
sim_vowels,FD,0.1,,3,100,FD_b0.1,training_ckp_epoch_109,z,test,model_ce_neg,0.4228912309596413
sim_vowels,FD,0.1,,3,100,FD_b0.1,training_ckp_epoch_109,z,test,model_decomposition_loss,0.6124479864772997
sim_vowels,FD,0.1,,3,100,FD_b0.1,training_ckp_epoch_109,z,test,model_prior_loss,0.013909246576459785
sim_vowels,FD,0.1,,3,100,FD_b0.1,training_ckp_epoch_109,z,test,model_div_0_1,0.37110845823037
sim_vowels,FD,0.1,,3,100,FD_b0.1,training_ckp_epoch_109,z,test,model_div_0_2,0.37184171770748337
sim_vowels,FD,0.1,,3,100,FD_b0.1,training_ckp_epoch_109,z,test,model_div_0_3,0.37845384447198166
sim_vowels,FD,0.1,,3,100,FD_b0.1,training_ckp_epoch_109,z,test,model_div_2_1,0.8719486531458402
sim_vowels,FD,0.1,,3,100,FD_b0.1,training_ckp_epoch_109,z,test,model_div_3_1,0.8738037692873102
sim_vowels,FD,0.1,,3,100,FD_b0.1,training_ckp_epoch_109,z,test,model_div_3_2,0.8846052069413034
sim_vowels,FD,0.1,,3,100,FD_b0.1,training_ckp_epoch_109,z,test,rate_per_frame,8.80918949842453e-06
sim_vowels,FD,0.1,,3,100,FD_b0.1,training_ckp_epoch_109,z,test,check_max_abs_diff,4.147043941415962e-06
sim_vowels,FD,0.1,,3,100,FD_b0.1,training_ckp_epoch_109,s,test,n_utt,300.0
sim_vowels,FD,0.1,,3,100,FD_b0.1,training_ckp_epoch_109,s,test,n_frames,300.0
sim_vowels,FD,0.1,,3,100,FD_b0.1,training_ckp_epoch_109,s,test,d_frame_div_0_1,0.31762925351958143
sim_vowels,FD,0.1,,3,100,FD_b0.1,training_ckp_epoch_109,s,test,d_frame_div_0_2,0.32378805344438055
sim_vowels,FD,0.1,,3,100,FD_b0.1,training_ckp_epoch_109,s,test,d_frame_div_0_3,0.31471774088292703
sim_vowels,FD,0.1,,3,100,FD_b0.1,training_ckp_epoch_109,s,test,d_frame_div_2_1,0.6864122254498144
sim_vowels,FD,0.1,,3,100,FD_b0.1,training_ckp_epoch_109,s,test,d_frame_div_3_1,0.6862707883953503
sim_vowels,FD,0.1,,3,100,FD_b0.1,training_ckp_epoch_109,s,test,d_frame_div_3_2,0.11191955353665
sim_vowels,FD,0.1,,3,100,FD_b0.1,training_ckp_epoch_109,s,test,d_recon,0.3187116826156297
sim_vowels,FD,0.1,,3,100,FD_b0.1,training_ckp_epoch_109,s,test,d_ortho,0.4948675224606049
sim_vowels,FD,0.1,,3,100,FD_b0.1,training_ckp_epoch_109,s,test,d_recon_norm,0.45980376398294626
sim_vowels,FD,0.1,,3,100,FD_b0.1,training_ckp_epoch_109,s,test,d_ortho_norm,0.7139429205509225
sim_vowels,FD,0.1,,3,100,FD_b0.1,training_ckp_epoch_109,s,test,d_recon_utt,0.3187116826156297
sim_vowels,FD,0.1,,3,100,FD_b0.1,training_ckp_epoch_109,s,test,d_ortho_utt,0.4948675224606049
sim_vowels,FD,0.1,,3,100,FD_b0.1,training_ckp_epoch_109,s,test,clamp_frac_recon,0.0
sim_vowels,FD,0.1,,3,100,FD_b0.1,training_ckp_epoch_109,s,test,clamp_frac_ortho,0.0
sim_vowels,FD,0.1,,3,100,FD_b0.1,training_ckp_epoch_109,s,test,model_div_pos,0.318670591241435
sim_vowels,FD,0.1,,3,100,FD_b0.1,training_ckp_epoch_109,s,test,model_div_neg,0.4948558038786838
sim_vowels,FD,0.1,,3,100,FD_b0.1,training_ckp_epoch_109,s,test,model_ce_pos,1.1613269416909469
sim_vowels,FD,0.1,,3,100,FD_b0.1,training_ckp_epoch_109,s,test,model_ce_neg,8.918632858677915
sim_vowels,FD,0.1,,3,100,FD_b0.1,training_ckp_epoch_109,s,test,model_decomposition_loss,3.3596505742324028
sim_vowels,FD,0.1,,3,100,FD_b0.1,training_ckp_epoch_109,s,test,model_prior_loss,0.04817380716926173
sim_vowels,FD,0.1,,3,100,FD_b0.1,training_ckp_epoch_109,s,test,model_div_0_1,0.31747739565999883
sim_vowels,FD,0.1,,3,100,FD_b0.1,training_ckp_epoch_109,s,test,model_div_0_2,0.3237861394882202
sim_vowels,FD,0.1,,3,100,FD_b0.1,training_ckp_epoch_109,s,test,model_div_0_3,0.3147482087737636
sim_vowels,FD,0.1,,3,100,FD_b0.1,training_ckp_epoch_109,s,test,model_div_2_1,0.6862737222721702
sim_vowels,FD,0.1,,3,100,FD_b0.1,training_ckp_epoch_109,s,test,model_div_3_1,0.6862945525269759
sim_vowels,FD,0.1,,3,100,FD_b0.1,training_ckp_epoch_109,s,test,model_div_3_2,0.11199910351780618
sim_vowels,FD,0.1,,3,100,FD_b0.1,training_ckp_epoch_109,s,test,rate_per_frame,7.627519468466441e-05
sim_vowels,FD,0.1,,3,100,FD_b0.1,training_ckp_epoch_109,s,test,check_max_abs_diff,7.111451272301395e-08
sim_vowels,FD,1.0,,3,100,FD_b1,training_ckp_epoch_109,z,validation,n_utt,500.0
sim_vowels,FD,1.0,,3,100,FD_b1,training_ckp_epoch_109,z,validation,n_frames,50000.0
sim_vowels,FD,1.0,,3,100,FD_b1,training_ckp_epoch_109,z,validation,d_frame_div_0_1,0.004680108978961623
sim_vowels,FD,1.0,,3,100,FD_b1,training_ckp_epoch_109,z,validation,d_frame_div_0_2,0.0047502473329533845
sim_vowels,FD,1.0,,3,100,FD_b1,training_ckp_epoch_109,z,validation,d_frame_div_0_3,0.004830585086038151
sim_vowels,FD,1.0,,3,100,FD_b1,training_ckp_epoch_109,z,validation,d_frame_div_2_1,0.01001145650193346
sim_vowels,FD,1.0,,3,100,FD_b1,training_ckp_epoch_109,z,validation,d_frame_div_3_1,0.01016086248185621
sim_vowels,FD,1.0,,3,100,FD_b1,training_ckp_epoch_109,z,validation,d_frame_div_3_2,0.01018490118464512
sim_vowels,FD,1.0,,3,100,FD_b1,training_ckp_epoch_109,z,validation,d_recon,0.004753647132651052
sim_vowels,FD,1.0,,3,100,FD_b1,training_ckp_epoch_109,z,validation,d_ortho,0.010119073389478263
sim_vowels,FD,1.0,,3,100,FD_b1,training_ckp_epoch_109,z,validation,d_recon_norm,0.006858063144411714
sim_vowels,FD,1.0,,3,100,FD_b1,training_ckp_epoch_109,z,validation,d_ortho_norm,0.014598736997391766
sim_vowels,FD,1.0,,3,100,FD_b1,training_ckp_epoch_109,z,validation,d_recon_utt,0.4753647132651052
sim_vowels,FD,1.0,,3,100,FD_b1,training_ckp_epoch_109,z,validation,d_ortho_utt,0.921362512612744
sim_vowels,FD,1.0,,3,100,FD_b1,training_ckp_epoch_109,z,validation,clamp_frac_recon,0.0
sim_vowels,FD,1.0,,3,100,FD_b1,training_ckp_epoch_109,z,validation,clamp_frac_ortho,0.43533333333333335
sim_vowels,FD,1.0,,3,100,FD_b1,training_ckp_epoch_109,z,validation,model_div_pos,0.4753224905580282
sim_vowels,FD,1.0,,3,100,FD_b1,training_ckp_epoch_109,z,validation,model_div_neg,0.9222566038370132
sim_vowels,FD,1.0,,3,100,FD_b1,training_ckp_epoch_109,z,validation,model_ce_pos,1.9793806001543999
sim_vowels,FD,1.0,,3,100,FD_b1,training_ckp_epoch_109,z,validation,model_ce_neg,0.2617663568817079
sim_vowels,FD,1.0,,3,100,FD_b1,training_ckp_epoch_109,z,validation,model_decomposition_loss,0.7469742726534605
sim_vowels,FD,1.0,,3,100,FD_b1,training_ckp_epoch_109,z,validation,model_prior_loss,0.0297102564945817
sim_vowels,FD,1.0,,3,100,FD_b1,training_ckp_epoch_109,z,validation,model_div_0_1,0.46758960746228695
sim_vowels,FD,1.0,,3,100,FD_b1,training_ckp_epoch_109,z,validation,model_div_0_2,0.47626248002052307
sim_vowels,FD,1.0,,3,100,FD_b1,training_ckp_epoch_109,z,validation,model_div_0_3,0.48211534041911364
sim_vowels,FD,1.0,,3,100,FD_b1,training_ckp_epoch_109,z,validation,model_div_2_1,0.9182044714689255
sim_vowels,FD,1.0,,3,100,FD_b1,training_ckp_epoch_109,z,validation,model_div_3_1,0.9232164900749922
sim_vowels,FD,1.0,,3,100,FD_b1,training_ckp_epoch_109,z,validation,model_div_3_2,0.9253488034009933
sim_vowels,FD,1.0,,3,100,FD_b1,training_ckp_epoch_109,z,validation,rate_per_frame,1.9014564156532287e-06
sim_vowels,FD,1.0,,3,100,FD_b1,training_ckp_epoch_109,z,validation,check_max_abs_diff,4.070505239428535e-06
sim_vowels,FD,1.0,,3,100,FD_b1,training_ckp_epoch_109,s,validation,n_utt,500.0
sim_vowels,FD,1.0,,3,100,FD_b1,training_ckp_epoch_109,s,validation,n_frames,500.0
sim_vowels,FD,1.0,,3,100,FD_b1,training_ckp_epoch_109,s,validation,d_frame_div_0_1,0.26202723997972155
sim_vowels,FD,1.0,,3,100,FD_b1,training_ckp_epoch_109,s,validation,d_frame_div_0_2,0.3076973952528151
sim_vowels,FD,1.0,,3,100,FD_b1,training_ckp_epoch_109,s,validation,d_frame_div_0_3,0.3072971395716799
sim_vowels,FD,1.0,,3,100,FD_b1,training_ckp_epoch_109,s,validation,d_frame_div_2_1,0.6774333820315168
sim_vowels,FD,1.0,,3,100,FD_b1,training_ckp_epoch_109,s,validation,d_frame_div_3_1,0.6750186317585933
sim_vowels,FD,1.0,,3,100,FD_b1,training_ckp_epoch_109,s,validation,d_frame_div_3_2,0.06168093285920625
sim_vowels,FD,1.0,,3,100,FD_b1,training_ckp_epoch_109,s,validation,d_recon,0.2923405916014056
sim_vowels,FD,1.0,,3,100,FD_b1,training_ckp_epoch_109,s,validation,d_ortho,0.4713776488831054
sim_vowels,FD,1.0,,3,100,FD_b1,training_ckp_epoch_109,s,validation,d_recon_norm,0.4217583217538936
sim_vowels,FD,1.0,,3,100,FD_b1,training_ckp_epoch_109,s,validation,d_ortho_norm,0.6800541964295552
sim_vowels,FD,1.0,,3,100,FD_b1,training_ckp_epoch_109,s,validation,d_recon_utt,0.2923405916014056
sim_vowels,FD,1.0,,3,100,FD_b1,training_ckp_epoch_109,s,validation,d_ortho_utt,0.4713776488831054
sim_vowels,FD,1.0,,3,100,FD_b1,training_ckp_epoch_109,s,validation,clamp_frac_recon,0.0
sim_vowels,FD,1.0,,3,100,FD_b1,training_ckp_epoch_109,s,validation,clamp_frac_ortho,0.0
sim_vowels,FD,1.0,,3,100,FD_b1,training_ckp_epoch_109,s,validation,model_div_pos,0.2929356675595045
sim_vowels,FD,1.0,,3,100,FD_b1,training_ckp_epoch_109,s,validation,model_div_neg,0.4711131937801838
sim_vowels,FD,1.0,,3,100,FD_b1,training_ckp_epoch_109,s,validation,model_ce_pos,1.0524130314588547
sim_vowels,FD,1.0,,3,100,FD_b1,training_ckp_epoch_109,s,validation,model_ce_neg,8.785448580980301
sim_vowels,FD,1.0,,3,100,FD_b1,training_ckp_epoch_109,s,validation,model_decomposition_loss,3.27895924448967
sim_vowels,FD,1.0,,3,100,FD_b1,training_ckp_epoch_109,s,validation,model_prior_loss,0.11801179498434067
sim_vowels,FD,1.0,,3,100,FD_b1,training_ckp_epoch_109,s,validation,model_div_0_1,0.262630024459213
sim_vowels,FD,1.0,,3,100,FD_b1,training_ckp_epoch_109,s,validation,model_div_0_2,0.30828158371150494
sim_vowels,FD,1.0,,3,100,FD_b1,training_ckp_epoch_109,s,validation,model_div_0_3,0.3078953633084893
sim_vowels,FD,1.0,,3,100,FD_b1,training_ckp_epoch_109,s,validation,model_div_2_1,0.6777309961616993
sim_vowels,FD,1.0,,3,100,FD_b1,training_ckp_epoch_109,s,validation,model_div_3_1,0.6753711123019457
sim_vowels,FD,1.0,,3,100,FD_b1,training_ckp_epoch_109,s,validation,model_div_3_2,0.06023743769083012
sim_vowels,FD,1.0,,3,100,FD_b1,training_ckp_epoch_109,s,validation,rate_per_frame,1.8881887197494508e-05
sim_vowels,FD,1.0,,3,100,FD_b1,training_ckp_epoch_109,s,validation,check_max_abs_diff,7.660809520082523e-08
sim_vowels,FD,1.0,,3,100,FD_b1,training_ckp_epoch_109,z,test,n_utt,300.0
sim_vowels,FD,1.0,,3,100,FD_b1,training_ckp_epoch_109,z,test,n_frames,30000.0
sim_vowels,FD,1.0,,3,100,FD_b1,training_ckp_epoch_109,z,test,d_frame_div_0_1,0.004548191267739484
sim_vowels,FD,1.0,,3,100,FD_b1,training_ckp_epoch_109,z,test,d_frame_div_0_2,0.004615291250608867
sim_vowels,FD,1.0,,3,100,FD_b1,training_ckp_epoch_109,z,test,d_frame_div_0_3,0.004656058580168617
sim_vowels,FD,1.0,,3,100,FD_b1,training_ckp_epoch_109,z,test,d_frame_div_2_1,0.009658074936729148
sim_vowels,FD,1.0,,3,100,FD_b1,training_ckp_epoch_109,z,test,d_frame_div_3_1,0.009673278370211808
sim_vowels,FD,1.0,,3,100,FD_b1,training_ckp_epoch_109,z,test,d_frame_div_3_2,0.00977764983127798
sim_vowels,FD,1.0,,3,100,FD_b1,training_ckp_epoch_109,z,test,d_recon,0.004606513699505655
sim_vowels,FD,1.0,,3,100,FD_b1,training_ckp_epoch_109,z,test,d_ortho,0.00970300104607298
sim_vowels,FD,1.0,,3,100,FD_b1,training_ckp_epoch_109,z,test,d_recon_norm,0.006645794470063882
sim_vowels,FD,1.0,,3,100,FD_b1,training_ckp_epoch_109,z,test,d_ortho_norm,0.013998471490909914
sim_vowels,FD,1.0,,3,100,FD_b1,training_ckp_epoch_109,z,test,d_recon_utt,0.46065136995056555
sim_vowels,FD,1.0,,3,100,FD_b1,training_ckp_epoch_109,z,test,d_ortho_utt,0.9064773315184301
sim_vowels,FD,1.0,,3,100,FD_b1,training_ckp_epoch_109,z,test,clamp_frac_recon,0.0
sim_vowels,FD,1.0,,3,100,FD_b1,training_ckp_epoch_109,z,test,clamp_frac_ortho,0.3611111111111111
sim_vowels,FD,1.0,,3,100,FD_b1,training_ckp_epoch_109,z,test,model_div_pos,0.4602970669144078
sim_vowels,FD,1.0,,3,100,FD_b1,training_ckp_epoch_109,z,test,model_div_neg,0.9056266514878524
sim_vowels,FD,1.0,,3,100,FD_b1,training_ckp_epoch_109,z,test,model_ce_pos,1.8895497949499833
sim_vowels,FD,1.0,,3,100,FD_b1,training_ckp_epoch_109,z,test,model_ce_neg,0.31915801920388875
sim_vowels,FD,1.0,,3,100,FD_b1,training_ckp_epoch_109,z,test,model_decomposition_loss,0.7361622860557154
sim_vowels,FD,1.0,,3,100,FD_b1,training_ckp_epoch_109,z,test,model_prior_loss,0.026043496633830824
sim_vowels,FD,1.0,,3,100,FD_b1,training_ckp_epoch_109,z,test,model_div_0_1,0.4547183952833477
sim_vowels,FD,1.0,,3,100,FD_b1,training_ckp_epoch_109,z,test,model_div_0_2,0.4613799672377737
sim_vowels,FD,1.0,,3,100,FD_b1,training_ckp_epoch_109,z,test,model_div_0_3,0.46479283508501557
sim_vowels,FD,1.0,,3,100,FD_b1,training_ckp_epoch_109,z,test,model_div_2_1,0.9049833134600991
sim_vowels,FD,1.0,,3,100,FD_b1,training_ckp_epoch_109,z,test,model_div_3_1,0.9015284808058488
sim_vowels,FD,1.0,,3,100,FD_b1,training_ckp_epoch_109,z,test,model_div_3_2,0.9103681068671378
sim_vowels,FD,1.0,,3,100,FD_b1,training_ckp_epoch_109,z,test,rate_per_frame,1.649421453475952e-06
sim_vowels,FD,1.0,,3,100,FD_b1,training_ckp_epoch_109,z,test,check_max_abs_diff,4.039863493121576e-06
sim_vowels,FD,1.0,,3,100,FD_b1,training_ckp_epoch_109,s,test,n_utt,300.0
sim_vowels,FD,1.0,,3,100,FD_b1,training_ckp_epoch_109,s,test,n_frames,300.0
sim_vowels,FD,1.0,,3,100,FD_b1,training_ckp_epoch_109,s,test,d_frame_div_0_1,0.25258636406784574
sim_vowels,FD,1.0,,3,100,FD_b1,training_ckp_epoch_109,s,test,d_frame_div_0_2,0.3307449058786422
sim_vowels,FD,1.0,,3,100,FD_b1,training_ckp_epoch_109,s,test,d_frame_div_0_3,0.3248053605689098
sim_vowels,FD,1.0,,3,100,FD_b1,training_ckp_epoch_109,s,test,d_frame_div_2_1,0.6805109776625197
sim_vowels,FD,1.0,,3,100,FD_b1,training_ckp_epoch_109,s,test,d_frame_div_3_1,0.6728847844306804
sim_vowels,FD,1.0,,3,100,FD_b1,training_ckp_epoch_109,s,test,d_frame_div_3_2,0.07237640943603321
sim_vowels,FD,1.0,,3,100,FD_b1,training_ckp_epoch_109,s,test,d_recon,0.30271221017179917
sim_vowels,FD,1.0,,3,100,FD_b1,training_ckp_epoch_109,s,test,d_ortho,0.47525739050974447
sim_vowels,FD,1.0,,3,100,FD_b1,training_ckp_epoch_109,s,test,d_recon_norm,0.4367214044313923
sim_vowels,FD,1.0,,3,100,FD_b1,training_ckp_epoch_109,s,test,d_ortho_norm,0.6856514804342378
sim_vowels,FD,1.0,,3,100,FD_b1,training_ckp_epoch_109,s,test,d_recon_utt,0.30271221017179917
sim_vowels,FD,1.0,,3,100,FD_b1,training_ckp_epoch_109,s,test,d_ortho_utt,0.47525739050974447
sim_vowels,FD,1.0,,3,100,FD_b1,training_ckp_epoch_109,s,test,clamp_frac_recon,0.0
sim_vowels,FD,1.0,,3,100,FD_b1,training_ckp_epoch_109,s,test,clamp_frac_ortho,0.0
sim_vowels,FD,1.0,,3,100,FD_b1,training_ckp_epoch_109,s,test,model_div_pos,0.3025790076506765
sim_vowels,FD,1.0,,3,100,FD_b1,training_ckp_epoch_109,s,test,model_div_neg,0.4753277035135972
sim_vowels,FD,1.0,,3,100,FD_b1,training_ckp_epoch_109,s,test,model_ce_pos,1.097133667845475
sim_vowels,FD,1.0,,3,100,FD_b1,training_ckp_epoch_109,s,test,model_ce_neg,8.568557638871042
sim_vowels,FD,1.0,,3,100,FD_b1,training_ckp_epoch_109,s,test,model_decomposition_loss,3.221574959002043
sim_vowels,FD,1.0,,3,100,FD_b1,training_ckp_epoch_109,s,test,model_prior_loss,0.11877041114004035
sim_vowels,FD,1.0,,3,100,FD_b1,training_ckp_epoch_109,s,test,model_div_0_1,0.2522508972569516
sim_vowels,FD,1.0,,3,100,FD_b1,training_ckp_epoch_109,s,test,model_div_0_2,0.33063042163848877
sim_vowels,FD,1.0,,3,100,FD_b1,training_ckp_epoch_109,s,test,model_div_0_3,0.32485566170592056
sim_vowels,FD,1.0,,3,100,FD_b1,training_ckp_epoch_109,s,test,model_div_2_1,0.6803679560360155
sim_vowels,FD,1.0,,3,100,FD_b1,training_ckp_epoch_109,s,test,model_div_3_1,0.6729880100802371
sim_vowels,FD,1.0,,3,100,FD_b1,training_ckp_epoch_109,s,test,model_div_3_2,0.07262711299125313
sim_vowels,FD,1.0,,3,100,FD_b1,training_ckp_epoch_109,s,test,rate_per_frame,1.8805315097173055e-05
sim_vowels,FD,1.0,,3,100,FD_b1,training_ckp_epoch_109,s,test,check_max_abs_diff,6.192933299509207e-08
sim_vowels,FD,5.0,,3,100,FD_b5,training_ckp_epoch_111_min_val_loss,z,validation,n_utt,500.0
sim_vowels,FD,5.0,,3,100,FD_b5,training_ckp_epoch_111_min_val_loss,z,validation,n_frames,50000.0
sim_vowels,FD,5.0,,3,100,FD_b5,training_ckp_epoch_111_min_val_loss,z,validation,d_frame_div_0_1,0.003966335021557086
sim_vowels,FD,5.0,,3,100,FD_b5,training_ckp_epoch_111_min_val_loss,z,validation,d_frame_div_0_2,0.00399875930193747
sim_vowels,FD,5.0,,3,100,FD_b5,training_ckp_epoch_111_min_val_loss,z,validation,d_frame_div_0_3,0.0040875336340073344
sim_vowels,FD,5.0,,3,100,FD_b5,training_ckp_epoch_111_min_val_loss,z,validation,d_frame_div_2_1,0.008261437026508231
sim_vowels,FD,5.0,,3,100,FD_b5,training_ckp_epoch_111_min_val_loss,z,validation,d_frame_div_3_1,0.008310218454138655
sim_vowels,FD,5.0,,3,100,FD_b5,training_ckp_epoch_111_min_val_loss,z,validation,d_frame_div_3_2,0.008386901305312496
sim_vowels,FD,5.0,,3,100,FD_b5,training_ckp_epoch_111_min_val_loss,z,validation,d_recon,0.004017542652500631
sim_vowels,FD,5.0,,3,100,FD_b5,training_ckp_epoch_111_min_val_loss,z,validation,d_ortho,0.008319518928653126
sim_vowels,FD,5.0,,3,100,FD_b5,training_ckp_epoch_111_min_val_loss,z,validation,d_recon_norm,0.005796088861322552
sim_vowels,FD,5.0,,3,100,FD_b5,training_ckp_epoch_111_min_val_loss,z,validation,d_ortho_norm,0.012002528700949727
sim_vowels,FD,5.0,,3,100,FD_b5,training_ckp_epoch_111_min_val_loss,z,validation,d_recon_utt,0.401754265250063
sim_vowels,FD,5.0,,3,100,FD_b5,training_ckp_epoch_111_min_val_loss,z,validation,d_ortho_utt,0.8148456754235208
sim_vowels,FD,5.0,,3,100,FD_b5,training_ckp_epoch_111_min_val_loss,z,validation,clamp_frac_recon,0.0
sim_vowels,FD,5.0,,3,100,FD_b5,training_ckp_epoch_111_min_val_loss,z,validation,clamp_frac_ortho,0.16533333333333333
sim_vowels,FD,5.0,,3,100,FD_b5,training_ckp_epoch_111_min_val_loss,z,validation,model_div_pos,0.40177085250616074
sim_vowels,FD,5.0,,3,100,FD_b5,training_ckp_epoch_111_min_val_loss,z,validation,model_div_neg,0.8146455194801092
sim_vowels,FD,5.0,,3,100,FD_b5,training_ckp_epoch_111_min_val_loss,z,validation,model_ce_pos,1.5690875612199306
sim_vowels,FD,5.0,,3,100,FD_b5,training_ckp_epoch_111_min_val_loss,z,validation,model_ce_neg,0.6565058026462793
sim_vowels,FD,5.0,,3,100,FD_b5,training_ckp_epoch_111_min_val_loss,z,validation,model_decomposition_loss,0.7417902573943138
sim_vowels,FD,5.0,,3,100,FD_b5,training_ckp_epoch_111_min_val_loss,z,validation,model_prior_loss,0.16194244381040335
sim_vowels,FD,5.0,,3,100,FD_b5,training_ckp_epoch_111_min_val_loss,z,validation,model_div_0_1,0.3964958032593131
sim_vowels,FD,5.0,,3,100,FD_b5,training_ckp_epoch_111_min_val_loss,z,validation,model_div_0_2,0.399223729968071
sim_vowels,FD,5.0,,3,100,FD_b5,training_ckp_epoch_111_min_val_loss,z,validation,model_div_0_3,0.40959299076348543
sim_vowels,FD,5.0,,3,100,FD_b5,training_ckp_epoch_111_min_val_loss,z,validation,model_div_2_1,0.8081166781485081
sim_vowels,FD,5.0,,3,100,FD_b5,training_ckp_epoch_111_min_val_loss,z,validation,model_div_3_1,0.8138761576265097
sim_vowels,FD,5.0,,3,100,FD_b5,training_ckp_epoch_111_min_val_loss,z,validation,model_div_3_2,0.8219436760991812
sim_vowels,FD,5.0,,3,100,FD_b5,training_ckp_epoch_111_min_val_loss,z,validation,rate_per_frame,2.0728632807731627e-06
sim_vowels,FD,5.0,,3,100,FD_b5,training_ckp_epoch_111_min_val_loss,z,validation,check_max_abs_diff,4.2620531670034545e-06
sim_vowels,FD,5.0,,3,100,FD_b5,training_ckp_epoch_111_min_val_loss,s,validation,n_utt,500.0
sim_vowels,FD,5.0,,3,100,FD_b5,training_ckp_epoch_111_min_val_loss,s,validation,n_frames,500.0
sim_vowels,FD,5.0,,3,100,FD_b5,training_ckp_epoch_111_min_val_loss,s,validation,d_frame_div_0_1,0.22533993559238594
sim_vowels,FD,5.0,,3,100,FD_b5,training_ckp_epoch_111_min_val_loss,s,validation,d_frame_div_0_2,0.28917790794017095
sim_vowels,FD,5.0,,3,100,FD_b5,training_ckp_epoch_111_min_val_loss,s,validation,d_frame_div_0_3,0.2897339987191549
sim_vowels,FD,5.0,,3,100,FD_b5,training_ckp_epoch_111_min_val_loss,s,validation,d_frame_div_2_1,0.6303278208531661
sim_vowels,FD,5.0,,3,100,FD_b5,training_ckp_epoch_111_min_val_loss,s,validation,d_frame_div_3_1,0.6395382465341339
sim_vowels,FD,5.0,,3,100,FD_b5,training_ckp_epoch_111_min_val_loss,s,validation,d_frame_div_3_2,0.04436662416208369
sim_vowels,FD,5.0,,3,100,FD_b5,training_ckp_epoch_111_min_val_loss,s,validation,d_recon,0.2680839474172373
sim_vowels,FD,5.0,,3,100,FD_b5,training_ckp_epoch_111_min_val_loss,s,validation,d_ortho,0.4380775638497945
sim_vowels,FD,5.0,,3,100,FD_b5,training_ckp_epoch_111_min_val_loss,s,validation,d_recon_norm,0.3867633814807859
sim_vowels,FD,5.0,,3,100,FD_b5,training_ckp_epoch_111_min_val_loss,s,validation,d_ortho_norm,0.6320123288908168
sim_vowels,FD,5.0,,3,100,FD_b5,training_ckp_epoch_111_min_val_loss,s,validation,d_recon_utt,0.2680839474172373
sim_vowels,FD,5.0,,3,100,FD_b5,training_ckp_epoch_111_min_val_loss,s,validation,d_ortho_utt,0.4380775638497945
sim_vowels,FD,5.0,,3,100,FD_b5,training_ckp_epoch_111_min_val_loss,s,validation,clamp_frac_recon,0.0
sim_vowels,FD,5.0,,3,100,FD_b5,training_ckp_epoch_111_min_val_loss,s,validation,clamp_frac_ortho,0.0
sim_vowels,FD,5.0,,3,100,FD_b5,training_ckp_epoch_111_min_val_loss,s,validation,model_div_pos,0.2685944358818233
sim_vowels,FD,5.0,,3,100,FD_b5,training_ckp_epoch_111_min_val_loss,s,validation,model_div_neg,0.43840759340673685
sim_vowels,FD,5.0,,3,100,FD_b5,training_ckp_epoch_111_min_val_loss,s,validation,model_ce_pos,1.0008619148284197
sim_vowels,FD,5.0,,3,100,FD_b5,training_ckp_epoch_111_min_val_loss,s,validation,model_ce_neg,8.3126679956913
sim_vowels,FD,5.0,,3,100,FD_b5,training_ckp_epoch_111_min_val_loss,s,validation,model_decomposition_loss,3.1041994243860245
sim_vowels,FD,5.0,,3,100,FD_b5,training_ckp_epoch_111_min_val_loss,s,validation,model_prior_loss,0.580816064029932
sim_vowels,FD,5.0,,3,100,FD_b5,training_ckp_epoch_111_min_val_loss,s,validation,model_div_0_1,0.2259327545762062
sim_vowels,FD,5.0,,3,100,FD_b5,training_ckp_epoch_111_min_val_loss,s,validation,model_div_0_2,0.2896543894894421
sim_vowels,FD,5.0,,3,100,FD_b5,training_ckp_epoch_111_min_val_loss,s,validation,model_div_0_3,0.2901961300522089
sim_vowels,FD,5.0,,3,100,FD_b5,training_ckp_epoch_111_min_val_loss,s,validation,model_div_2_1,0.6314508486539125
sim_vowels,FD,5.0,,3,100,FD_b5,training_ckp_epoch_111_min_val_loss,s,validation,model_div_3_1,0.6404421012848616
sim_vowels,FD,5.0,,3,100,FD_b5,training_ckp_epoch_111_min_val_loss,s,validation,model_div_3_2,0.043329799555522186
sim_vowels,FD,5.0,,3,100,FD_b5,training_ckp_epoch_111_min_val_loss,s,validation,rate_per_frame,1.8586114048957823e-05
sim_vowels,FD,5.0,,3,100,FD_b5,training_ckp_epoch_111_min_val_loss,s,validation,check_max_abs_diff,8.651436056439366e-08
sim_vowels,FD,5.0,,3,100,FD_b5,training_ckp_epoch_111_min_val_loss,z,test,n_utt,300.0
sim_vowels,FD,5.0,,3,100,FD_b5,training_ckp_epoch_111_min_val_loss,z,test,n_frames,30000.0
sim_vowels,FD,5.0,,3,100,FD_b5,training_ckp_epoch_111_min_val_loss,z,test,d_frame_div_0_1,0.00371209338628092
sim_vowels,FD,5.0,,3,100,FD_b5,training_ckp_epoch_111_min_val_loss,z,test,d_frame_div_0_2,0.0037209144705005032
sim_vowels,FD,5.0,,3,100,FD_b5,training_ckp_epoch_111_min_val_loss,z,test,d_frame_div_0_3,0.0037909797711153073
sim_vowels,FD,5.0,,3,100,FD_b5,training_ckp_epoch_111_min_val_loss,z,test,d_frame_div_2_1,0.007725582916114483
sim_vowels,FD,5.0,,3,100,FD_b5,training_ckp_epoch_111_min_val_loss,z,test,d_frame_div_3_1,0.007836621077635043
sim_vowels,FD,5.0,,3,100,FD_b5,training_ckp_epoch_111_min_val_loss,z,test,d_frame_div_3_2,0.0078090480776250824
sim_vowels,FD,5.0,,3,100,FD_b5,training_ckp_epoch_111_min_val_loss,z,test,d_recon,0.00374132920929891
sim_vowels,FD,5.0,,3,100,FD_b5,training_ckp_epoch_111_min_val_loss,z,test,d_ortho,0.007790417357124869
sim_vowels,FD,5.0,,3,100,FD_b5,training_ckp_epoch_111_min_val_loss,z,test,d_recon_norm,0.005397597096588564
sim_vowels,FD,5.0,,3,100,FD_b5,training_ckp_epoch_111_min_val_loss,z,test,d_ortho_norm,0.011239196487579354
sim_vowels,FD,5.0,,3,100,FD_b5,training_ckp_epoch_111_min_val_loss,z,test,d_recon_utt,0.374132920929891
sim_vowels,FD,5.0,,3,100,FD_b5,training_ckp_epoch_111_min_val_loss,z,test,d_ortho_utt,0.7719273882267451
sim_vowels,FD,5.0,,3,100,FD_b5,training_ckp_epoch_111_min_val_loss,z,test,clamp_frac_recon,0.0
sim_vowels,FD,5.0,,3,100,FD_b5,training_ckp_epoch_111_min_val_loss,z,test,clamp_frac_ortho,0.08777777777777777
sim_vowels,FD,5.0,,3,100,FD_b5,training_ckp_epoch_111_min_val_loss,z,test,model_div_pos,0.37392063046756546
sim_vowels,FD,5.0,,3,100,FD_b5,training_ckp_epoch_111_min_val_loss,z,test,model_div_neg,0.7713766913664969
sim_vowels,FD,5.0,,3,100,FD_b5,training_ckp_epoch_111_min_val_loss,z,test,model_ce_pos,1.425210206132186
sim_vowels,FD,5.0,,3,100,FD_b5,training_ckp_epoch_111_min_val_loss,z,test,model_ce_neg,0.8270137341398942
sim_vowels,FD,5.0,,3,100,FD_b5,training_ckp_epoch_111_min_val_loss,z,test,model_decomposition_loss,0.750666226211347
sim_vowels,FD,5.0,,3,100,FD_b5,training_ckp_epoch_111_min_val_loss,z,test,model_prior_loss,0.14827163203766472
sim_vowels,FD,5.0,,3,100,FD_b5,training_ckp_epoch_111_min_val_loss,z,test,model_div_0_1,0.3708656116535789
sim_vowels,FD,5.0,,3,100,FD_b5,training_ckp_epoch_111_min_val_loss,z,test,model_div_0_2,0.3721774675344166
sim_vowels,FD,5.0,,3,100,FD_b5,training_ckp_epoch_111_min_val_loss,z,test,model_div_0_3,0.37871877927529185
sim_vowels,FD,5.0,,3,100,FD_b5,training_ckp_epoch_111_min_val_loss,z,test,model_div_2_1,0.7663694212311193
sim_vowels,FD,5.0,,3,100,FD_b5,training_ckp_epoch_111_min_val_loss,z,test,model_div_3_1,0.774082921053234
sim_vowels,FD,5.0,,3,100,FD_b5,training_ckp_epoch_111_min_val_loss,z,test,model_div_3_2,0.7736776784846657
sim_vowels,FD,5.0,,3,100,FD_b5,training_ckp_epoch_111_min_val_loss,z,test,rate_per_frame,1.878107339143753e-06
sim_vowels,FD,5.0,,3,100,FD_b5,training_ckp_epoch_111_min_val_loss,z,test,check_max_abs_diff,4.1910481677343014e-06
sim_vowels,FD,5.0,,3,100,FD_b5,training_ckp_epoch_111_min_val_loss,s,test,n_utt,300.0
sim_vowels,FD,5.0,,3,100,FD_b5,training_ckp_epoch_111_min_val_loss,s,test,n_frames,300.0
sim_vowels,FD,5.0,,3,100,FD_b5,training_ckp_epoch_111_min_val_loss,s,test,d_frame_div_0_1,0.2375620398895505
sim_vowels,FD,5.0,,3,100,FD_b5,training_ckp_epoch_111_min_val_loss,s,test,d_frame_div_0_2,0.2915068523092122
sim_vowels,FD,5.0,,3,100,FD_b5,training_ckp_epoch_111_min_val_loss,s,test,d_frame_div_0_3,0.2779292002421859
sim_vowels,FD,5.0,,3,100,FD_b5,training_ckp_epoch_111_min_val_loss,s,test,d_frame_div_2_1,0.6448897888346052
sim_vowels,FD,5.0,,3,100,FD_b5,training_ckp_epoch_111_min_val_loss,s,test,d_frame_div_3_1,0.6348744411365476
sim_vowels,FD,5.0,,3,100,FD_b5,training_ckp_epoch_111_min_val_loss,s,test,d_frame_div_3_2,0.041131508223098905
sim_vowels,FD,5.0,,3,100,FD_b5,training_ckp_epoch_111_min_val_loss,s,test,d_recon,0.2689993641469829
sim_vowels,FD,5.0,,3,100,FD_b5,training_ckp_epoch_111_min_val_loss,s,test,d_ortho,0.440298579398084
sim_vowels,FD,5.0,,3,100,FD_b5,training_ckp_epoch_111_min_val_loss,s,test,d_recon_norm,0.38808404865713664
sim_vowels,FD,5.0,,3,100,FD_b5,training_ckp_epoch_111_min_val_loss,s,test,d_ortho_norm,0.6352165770080713
sim_vowels,FD,5.0,,3,100,FD_b5,training_ckp_epoch_111_min_val_loss,s,test,d_recon_utt,0.2689993641469829
sim_vowels,FD,5.0,,3,100,FD_b5,training_ckp_epoch_111_min_val_loss,s,test,d_ortho_utt,0.440298579398084
sim_vowels,FD,5.0,,3,100,FD_b5,training_ckp_epoch_111_min_val_loss,s,test,clamp_frac_recon,0.0
sim_vowels,FD,5.0,,3,100,FD_b5,training_ckp_epoch_111_min_val_loss,s,test,clamp_frac_ortho,0.0
sim_vowels,FD,5.0,,3,100,FD_b5,training_ckp_epoch_111_min_val_loss,s,test,model_div_pos,0.26866207546309423
sim_vowels,FD,5.0,,3,100,FD_b5,training_ckp_epoch_111_min_val_loss,s,test,model_div_neg,0.4400629636488463
sim_vowels,FD,5.0,,3,100,FD_b5,training_ckp_epoch_111_min_val_loss,s,test,model_ce_pos,0.994458860472629
sim_vowels,FD,5.0,,3,100,FD_b5,training_ckp_epoch_111_min_val_loss,s,test,model_ce_neg,8.05936218562879
sim_vowels,FD,5.0,,3,100,FD_b5,training_ckp_epoch_111_min_val_loss,s,test,model_decomposition_loss,3.017638507642244
sim_vowels,FD,5.0,,3,100,FD_b5,training_ckp_epoch_111_min_val_loss,s,test,model_prior_loss,0.5751550197601318
sim_vowels,FD,5.0,,3,100,FD_b5,training_ckp_epoch_111_min_val_loss,s,test,model_div_0_1,0.23741871040118367
sim_vowels,FD,5.0,,3,100,FD_b5,training_ckp_epoch_111_min_val_loss,s,test,model_div_0_2,0.29090131897675364
sim_vowels,FD,5.0,,3,100,FD_b5,training_ckp_epoch_111_min_val_loss,s,test,model_div_0_3,0.2776661577977632
sim_vowels,FD,5.0,,3,100,FD_b5,training_ckp_epoch_111_min_val_loss,s,test,model_div_2_1,0.6443783201669392
sim_vowels,FD,5.0,,3,100,FD_b5,training_ckp_epoch_111_min_val_loss,s,test,model_div_3_1,0.6348078407739338
sim_vowels,FD,5.0,,3,100,FD_b5,training_ckp_epoch_111_min_val_loss,s,test,model_div_3_2,0.04100269892890202
sim_vowels,FD,5.0,,3,100,FD_b5,training_ckp_epoch_111_min_val_loss,s,test,rate_per_frame,1.8213242292404175e-05
sim_vowels,FD,5.0,,3,100,FD_b5,training_ckp_epoch_111_min_val_loss,s,test,check_max_abs_diff,7.307271199241683e-08
sim_vowels,FD,10.0,,3,100,FD_b10,training_ckp_epoch_109,z,validation,n_utt,500.0
sim_vowels,FD,10.0,,3,100,FD_b10,training_ckp_epoch_109,z,validation,n_frames,50000.0
sim_vowels,FD,10.0,,3,100,FD_b10,training_ckp_epoch_109,z,validation,d_frame_div_0_1,0.004824419496038236
sim_vowels,FD,10.0,,3,100,FD_b10,training_ckp_epoch_109,z,validation,d_frame_div_0_2,0.004774194436060999
sim_vowels,FD,10.0,,3,100,FD_b10,training_ckp_epoch_109,z,validation,d_frame_div_0_3,0.004864978631224163
sim_vowels,FD,10.0,,3,100,FD_b10,training_ckp_epoch_109,z,validation,d_frame_div_2_1,0.008902851604954826
sim_vowels,FD,10.0,,3,100,FD_b10,training_ckp_epoch_109,z,validation,d_frame_div_3_1,0.008970485107912167
sim_vowels,FD,10.0,,3,100,FD_b10,training_ckp_epoch_109,z,validation,d_frame_div_3_2,0.008948386676200423
sim_vowels,FD,10.0,,3,100,FD_b10,training_ckp_epoch_109,z,validation,d_recon,0.004821197521107799
sim_vowels,FD,10.0,,3,100,FD_b10,training_ckp_epoch_109,z,validation,d_ortho,0.008940574463022473
sim_vowels,FD,10.0,,3,100,FD_b10,training_ckp_epoch_109,z,validation,d_recon_norm,0.006955517754848386
sim_vowels,FD,10.0,,3,100,FD_b10,training_ckp_epoch_109,z,validation,d_ortho_norm,0.012898522440501029
sim_vowels,FD,10.0,,3,100,FD_b10,training_ckp_epoch_109,z,validation,d_recon_utt,0.4821099929468206
sim_vowels,FD,10.0,,3,100,FD_b10,training_ckp_epoch_109,z,validation,d_ortho_utt,0.8606227553237835
sim_vowels,FD,10.0,,3,100,FD_b10,training_ckp_epoch_109,z,validation,clamp_frac_recon,0.0006666666666666666
sim_vowels,FD,10.0,,3,100,FD_b10,training_ckp_epoch_109,z,validation,clamp_frac_ortho,0.2846666666666667
sim_vowels,FD,10.0,,3,100,FD_b10,training_ckp_epoch_109,z,validation,model_div_pos,0.4819768266752362
sim_vowels,FD,10.0,,3,100,FD_b10,training_ckp_epoch_109,z,validation,model_div_neg,0.8598002046346664
sim_vowels,FD,10.0,,3,100,FD_b10,training_ckp_epoch_109,z,validation,model_ce_pos,2.3134778402745724
sim_vowels,FD,10.0,,3,100,FD_b10,training_ckp_epoch_109,z,validation,model_ce_neg,0.4988160254433751
sim_vowels,FD,10.0,,3,100,FD_b10,training_ckp_epoch_109,z,validation,model_decomposition_loss,0.9373375400900841
sim_vowels,FD,10.0,,3,100,FD_b10,training_ckp_epoch_109,z,validation,model_prior_loss,0.11289988178759813
sim_vowels,FD,10.0,,3,100,FD_b10,training_ckp_epoch_109,z,validation,model_div_0_1,0.4804258467629552
sim_vowels,FD,10.0,,3,100,FD_b10,training_ckp_epoch_109,z,validation,model_div_0_2,0.4780421294271946
sim_vowels,FD,10.0,,3,100,FD_b10,training_ckp_epoch_109,z,validation,model_div_0_3,0.4874624740332365
sim_vowels,FD,10.0,,3,100,FD_b10,training_ckp_epoch_109,z,validation,model_div_2_1,0.8542756456881762
sim_vowels,FD,10.0,,3,100,FD_b10,training_ckp_epoch_109,z,validation,model_div_3_1,0.8613011427223682
sim_vowels,FD,10.0,,3,100,FD_b10,training_ckp_epoch_109,z,validation,model_div_3_2,0.8638237752020359
sim_vowels,FD,10.0,,3,100,FD_b10,training_ckp_epoch_109,z,validation,rate_per_frame,7.225592434406281e-07
sim_vowels,FD,10.0,,3,100,FD_b10,training_ckp_epoch_109,z,validation,check_max_abs_diff,4.2684118883862254e-06
sim_vowels,FD,10.0,,3,100,FD_b10,training_ckp_epoch_109,s,validation,n_utt,500.0
sim_vowels,FD,10.0,,3,100,FD_b10,training_ckp_epoch_109,s,validation,n_frames,500.0
sim_vowels,FD,10.0,,3,100,FD_b10,training_ckp_epoch_109,s,validation,d_frame_div_0_1,0.198568330047048
sim_vowels,FD,10.0,,3,100,FD_b10,training_ckp_epoch_109,s,validation,d_frame_div_0_2,0.23119803780999587
sim_vowels,FD,10.0,,3,100,FD_b10,training_ckp_epoch_109,s,validation,d_frame_div_0_3,0.23187674925528698
sim_vowels,FD,10.0,,3,100,FD_b10,training_ckp_epoch_109,s,validation,d_frame_div_2_1,0.5872504989892641
sim_vowels,FD,10.0,,3,100,FD_b10,training_ckp_epoch_109,s,validation,d_frame_div_3_1,0.5765643238937
sim_vowels,FD,10.0,,3,100,FD_b10,training_ckp_epoch_109,s,validation,d_frame_div_3_2,0.024625312677558554
sim_vowels,FD,10.0,,3,100,FD_b10,training_ckp_epoch_109,s,validation,d_recon,0.22054770570411028
sim_vowels,FD,10.0,,3,100,FD_b10,training_ckp_epoch_109,s,validation,d_ortho,0.3961467118535075
sim_vowels,FD,10.0,,3,100,FD_b10,training_ckp_epoch_109,s,validation,d_recon_norm,0.31818308129875844
sim_vowels,FD,10.0,,3,100,FD_b10,training_ckp_epoch_109,s,validation,d_ortho_norm,0.5715188966555245
sim_vowels,FD,10.0,,3,100,FD_b10,training_ckp_epoch_109,s,validation,d_recon_utt,0.22054770570411028
sim_vowels,FD,10.0,,3,100,FD_b10,training_ckp_epoch_109,s,validation,d_ortho_utt,0.3961467118535075
sim_vowels,FD,10.0,,3,100,FD_b10,training_ckp_epoch_109,s,validation,clamp_frac_recon,0.0
sim_vowels,FD,10.0,,3,100,FD_b10,training_ckp_epoch_109,s,validation,clamp_frac_ortho,0.0
sim_vowels,FD,10.0,,3,100,FD_b10,training_ckp_epoch_109,s,validation,model_div_pos,0.2214909577742219
sim_vowels,FD,10.0,,3,100,FD_b10,training_ckp_epoch_109,s,validation,model_div_neg,0.3972197799012065
sim_vowels,FD,10.0,,3,100,FD_b10,training_ckp_epoch_109,s,validation,model_ce_pos,0.7709793969988823
sim_vowels,FD,10.0,,3,100,FD_b10,training_ckp_epoch_109,s,validation,model_ce_neg,9.62094247341156
sim_vowels,FD,10.0,,3,100,FD_b10,training_ckp_epoch_109,s,validation,model_decomposition_loss,3.463627554476261
sim_vowels,FD,10.0,,3,100,FD_b10,training_ckp_epoch_109,s,validation,model_prior_loss,0.13322941958904266
sim_vowels,FD,10.0,,3,100,FD_b10,training_ckp_epoch_109,s,validation,model_div_0_1,0.19869168242439628
sim_vowels,FD,10.0,,3,100,FD_b10,training_ckp_epoch_109,s,validation,model_div_0_2,0.23252961970865726
sim_vowels,FD,10.0,,3,100,FD_b10,training_ckp_epoch_109,s,validation,model_div_0_3,0.23325155721977353
sim_vowels,FD,10.0,,3,100,FD_b10,training_ckp_epoch_109,s,validation,model_div_2_1,0.5889928936958313
sim_vowels,FD,10.0,,3,100,FD_b10,training_ckp_epoch_109,s,validation,model_div_3_1,0.5786145646125078
sim_vowels,FD,10.0,,3,100,FD_b10,training_ckp_epoch_109,s,validation,model_div_3_2,0.024051852773936844
sim_vowels,FD,10.0,,3,100,FD_b10,training_ckp_epoch_109,s,validation,rate_per_frame,2.1316707134246826e-06
sim_vowels,FD,10.0,,3,100,FD_b10,training_ckp_epoch_109,s,validation,check_max_abs_diff,5.6248003199588226e-08
sim_vowels,FD,10.0,,3,100,FD_b10,training_ckp_epoch_109,z,test,n_utt,300.0
sim_vowels,FD,10.0,,3,100,FD_b10,training_ckp_epoch_109,z,test,n_frames,30000.0
sim_vowels,FD,10.0,,3,100,FD_b10,training_ckp_epoch_109,z,test,d_frame_div_0_1,0.004682471648865187
sim_vowels,FD,10.0,,3,100,FD_b10,training_ckp_epoch_109,z,test,d_frame_div_0_2,0.0046900206781831134
sim_vowels,FD,10.0,,3,100,FD_b10,training_ckp_epoch_109,z,test,d_frame_div_0_3,0.004848389201815671
sim_vowels,FD,10.0,,3,100,FD_b10,training_ckp_epoch_109,z,test,d_frame_div_2_1,0.00872896311383974
sim_vowels,FD,10.0,,3,100,FD_b10,training_ckp_epoch_109,z,test,d_frame_div_3_1,0.008810352762527791
sim_vowels,FD,10.0,,3,100,FD_b10,training_ckp_epoch_109,z,test,d_frame_div_3_2,0.008855479876648878
sim_vowels,FD,10.0,,3,100,FD_b10,training_ckp_epoch_109,z,test,d_recon,0.004740293842954657
sim_vowels,FD,10.0,,3,100,FD_b10,training_ckp_epoch_109,z,test,d_ortho,0.00879826525100547
sim_vowels,FD,10.0,,3,100,FD_b10,training_ckp_epoch_109,z,test,d_recon_norm,0.006838798419587171
sim_vowels,FD,10.0,,3,100,FD_b10,training_ckp_epoch_109,z,test,d_ortho_norm,0.012693213646051282
sim_vowels,FD,10.0,,3,100,FD_b10,training_ckp_epoch_109,z,test,d_recon_utt,0.47402527468651556
sim_vowels,FD,10.0,,3,100,FD_b10,training_ckp_epoch_109,z,test,d_ortho_utt,0.855630491111186
sim_vowels,FD,10.0,,3,100,FD_b10,training_ckp_epoch_109,z,test,clamp_frac_recon,0.0011111111111111111
sim_vowels,FD,10.0,,3,100,FD_b10,training_ckp_epoch_109,z,test,clamp_frac_ortho,0.2388888888888889
sim_vowels,FD,10.0,,3,100,FD_b10,training_ckp_epoch_109,z,test,model_div_pos,0.4745903846464659
sim_vowels,FD,10.0,,3,100,FD_b10,training_ckp_epoch_109,z,test,model_div_neg,0.8561815337130898
sim_vowels,FD,10.0,,3,100,FD_b10,training_ckp_epoch_109,z,test,model_ce_pos,2.353708913451747
sim_vowels,FD,10.0,,3,100,FD_b10,training_ckp_epoch_109,z,test,model_ce_neg,0.508259875209708
sim_vowels,FD,10.0,,3,100,FD_b10,training_ckp_epoch_109,z,test,model_decomposition_loss,0.953894179118307
sim_vowels,FD,10.0,,3,100,FD_b10,training_ckp_epoch_109,z,test,model_prior_loss,0.10675325205451563
sim_vowels,FD,10.0,,3,100,FD_b10,training_ckp_epoch_109,z,test,model_div_0_1,0.4681728497931832
sim_vowels,FD,10.0,,3,100,FD_b10,training_ckp_epoch_109,z,test,model_div_0_2,0.4701389921338935
sim_vowels,FD,10.0,,3,100,FD_b10,training_ckp_epoch_109,z,test,model_div_0_3,0.4854592602503927
sim_vowels,FD,10.0,,3,100,FD_b10,training_ckp_epoch_109,z,test,model_div_2_1,0.8507676689248336
sim_vowels,FD,10.0,,3,100,FD_b10,training_ckp_epoch_109,z,test,model_div_3_1,0.8562557885521337
sim_vowels,FD,10.0,,3,100,FD_b10,training_ckp_epoch_109,z,test,model_div_3_2,0.8615211122914365
sim_vowels,FD,10.0,,3,100,FD_b10,training_ckp_epoch_109,z,test,rate_per_frame,6.76103929678599e-07
sim_vowels,FD,10.0,,3,100,FD_b10,training_ckp_epoch_109,z,test,check_max_abs_diff,4.248371604953505e-06
sim_vowels,FD,10.0,,3,100,FD_b10,training_ckp_epoch_109,s,test,n_utt,300.0
sim_vowels,FD,10.0,,3,100,FD_b10,training_ckp_epoch_109,s,test,n_frames,300.0
sim_vowels,FD,10.0,,3,100,FD_b10,training_ckp_epoch_109,s,test,d_frame_div_0_1,0.19930788341965672
sim_vowels,FD,10.0,,3,100,FD_b10,training_ckp_epoch_109,s,test,d_frame_div_0_2,0.24200505088656926
sim_vowels,FD,10.0,,3,100,FD_b10,training_ckp_epoch_109,s,test,d_frame_div_0_3,0.23499206724934485
sim_vowels,FD,10.0,,3,100,FD_b10,training_ckp_epoch_109,s,test,d_frame_div_2_1,0.6097486545783446
sim_vowels,FD,10.0,,3,100,FD_b10,training_ckp_epoch_109,s,test,d_frame_div_3_1,0.5732287114785982
sim_vowels,FD,10.0,,3,100,FD_b10,training_ckp_epoch_109,s,test,d_frame_div_3_2,0.03735674393169438
sim_vowels,FD,10.0,,3,100,FD_b10,training_ckp_epoch_109,s,test,d_recon,0.22543500051852358
sim_vowels,FD,10.0,,3,100,FD_b10,training_ckp_epoch_109,s,test,d_ortho,0.40677803666287904
sim_vowels,FD,10.0,,3,100,FD_b10,training_ckp_epoch_109,s,test,d_recon_norm,0.3252339572908749
sim_vowels,FD,10.0,,3,100,FD_b10,training_ckp_epoch_109,s,test,d_ortho_norm,0.5868566562360845
sim_vowels,FD,10.0,,3,100,FD_b10,training_ckp_epoch_109,s,test,d_recon_utt,0.22543500051852358
sim_vowels,FD,10.0,,3,100,FD_b10,training_ckp_epoch_109,s,test,d_ortho_utt,0.40677803666287904
sim_vowels,FD,10.0,,3,100,FD_b10,training_ckp_epoch_109,s,test,clamp_frac_recon,0.0
sim_vowels,FD,10.0,,3,100,FD_b10,training_ckp_epoch_109,s,test,clamp_frac_ortho,0.0
sim_vowels,FD,10.0,,3,100,FD_b10,training_ckp_epoch_109,s,test,model_div_pos,0.22522490510815069
sim_vowels,FD,10.0,,3,100,FD_b10,training_ckp_epoch_109,s,test,model_div_neg,0.4061469921940251
sim_vowels,FD,10.0,,3,100,FD_b10,training_ckp_epoch_109,s,test,model_ce_pos,0.7825614245314347
sim_vowels,FD,10.0,,3,100,FD_b10,training_ckp_epoch_109,s,test,model_ce_neg,9.609820918032998
sim_vowels,FD,10.0,,3,100,FD_b10,training_ckp_epoch_109,s,test,model_decomposition_loss,3.4637809678127893
sim_vowels,FD,10.0,,3,100,FD_b10,training_ckp_epoch_109,s,test,model_prior_loss,0.1376459473057797
sim_vowels,FD,10.0,,3,100,FD_b10,training_ckp_epoch_109,s,test,model_div_0_1,0.1989641746408061
sim_vowels,FD,10.0,,3,100,FD_b10,training_ckp_epoch_109,s,test,model_div_0_2,0.2418436486470072
sim_vowels,FD,10.0,,3,100,FD_b10,training_ckp_epoch_109,s,test,model_div_0_3,0.234866884978194
sim_vowels,FD,10.0,,3,100,FD_b10,training_ckp_epoch_109,s,test,model_div_2_1,0.6088728716498927
sim_vowels,FD,10.0,,3,100,FD_b10,training_ckp_epoch_109,s,test,model_div_3_1,0.5724581072204992
sim_vowels,FD,10.0,,3,100,FD_b10,training_ckp_epoch_109,s,test,model_div_3_2,0.037109938652352674
sim_vowels,FD,10.0,,3,100,FD_b10,training_ckp_epoch_109,s,test,rate_per_frame,2.1793941656748453e-06
sim_vowels,FD,10.0,,3,100,FD_b10,training_ckp_epoch_109,s,test,check_max_abs_diff,7.34677223501734e-08
sim_vowels,FD,20.0,,3,100,FD_b20,training_ckp_epoch_113_min_val_loss,z,validation,n_utt,500.0
sim_vowels,FD,20.0,,3,100,FD_b20,training_ckp_epoch_113_min_val_loss,z,validation,n_frames,50000.0
sim_vowels,FD,20.0,,3,100,FD_b20,training_ckp_epoch_113_min_val_loss,z,validation,d_frame_div_0_1,0.0035678220251093335
sim_vowels,FD,20.0,,3,100,FD_b20,training_ckp_epoch_113_min_val_loss,z,validation,d_frame_div_0_2,0.0037155732133805027
sim_vowels,FD,20.0,,3,100,FD_b20,training_ckp_epoch_113_min_val_loss,z,validation,d_frame_div_0_3,0.0037317270305890146
sim_vowels,FD,20.0,,3,100,FD_b20,training_ckp_epoch_113_min_val_loss,z,validation,d_frame_div_2_1,0.0070023172717867035
sim_vowels,FD,20.0,,3,100,FD_b20,training_ckp_epoch_113_min_val_loss,z,validation,d_frame_div_3_1,0.006988205215522842
sim_vowels,FD,20.0,,3,100,FD_b20,training_ckp_epoch_113_min_val_loss,z,validation,d_frame_div_3_2,0.007139799858930071
sim_vowels,FD,20.0,,3,100,FD_b20,training_ckp_epoch_113_min_val_loss,z,validation,d_recon,0.003671707423026284
sim_vowels,FD,20.0,,3,100,FD_b20,training_ckp_epoch_113_min_val_loss,z,validation,d_ortho,0.007043440782079873
sim_vowels,FD,20.0,,3,100,FD_b20,training_ckp_epoch_113_min_val_loss,z,validation,d_recon_norm,0.005297154090795215
sim_vowels,FD,20.0,,3,100,FD_b20,training_ckp_epoch_113_min_val_loss,z,validation,d_ortho_norm,0.010161537087101715
sim_vowels,FD,20.0,,3,100,FD_b20,training_ckp_epoch_113_min_val_loss,z,validation,d_recon_utt,0.3671044463313606
sim_vowels,FD,20.0,,3,100,FD_b20,training_ckp_epoch_113_min_val_loss,z,validation,d_ortho_utt,0.6956941475670146
sim_vowels,FD,20.0,,3,100,FD_b20,training_ckp_epoch_113_min_val_loss,z,validation,clamp_frac_recon,0.0006666666666666666
sim_vowels,FD,20.0,,3,100,FD_b20,training_ckp_epoch_113_min_val_loss,z,validation,clamp_frac_ortho,0.06733333333333333
sim_vowels,FD,20.0,,3,100,FD_b20,training_ckp_epoch_113_min_val_loss,z,validation,model_div_pos,0.36751192063093185
sim_vowels,FD,20.0,,3,100,FD_b20,training_ckp_epoch_113_min_val_loss,z,validation,model_div_neg,0.6963230613619089
sim_vowels,FD,20.0,,3,100,FD_b20,training_ckp_epoch_113_min_val_loss,z,validation,model_ce_pos,1.6197638921439648
sim_vowels,FD,20.0,,3,100,FD_b20,training_ckp_epoch_113_min_val_loss,z,validation,model_ce_neg,1.1741827763617039
sim_vowels,FD,20.0,,3,100,FD_b20,training_ckp_epoch_113_min_val_loss,z,validation,model_decomposition_loss,0.9312224127352238
sim_vowels,FD,20.0,,3,100,FD_b20,training_ckp_epoch_113_min_val_loss,z,validation,model_prior_loss,0.1461003441363573
sim_vowels,FD,20.0,,3,100,FD_b20,training_ckp_epoch_113_min_val_loss,z,validation,model_div_0_1,0.35725610982626677
sim_vowels,FD,20.0,,3,100,FD_b20,training_ckp_epoch_113_min_val_loss,z,validation,model_div_0_2,0.3731427788734436
sim_vowels,FD,20.0,,3,100,FD_b20,training_ckp_epoch_113_min_val_loss,z,validation,model_div_0_3,0.3721368322148919
sim_vowels,FD,20.0,,3,100,FD_b20,training_ckp_epoch_113_min_val_loss,z,validation,model_div_2_1,0.6918289419263601
sim_vowels,FD,20.0,,3,100,FD_b20,training_ckp_epoch_113_min_val_loss,z,validation,model_div_3_1,0.6914611123502254
sim_vowels,FD,20.0,,3,100,FD_b20,training_ckp_epoch_113_min_val_loss,z,validation,model_div_3_2,0.7056790832430124
sim_vowels,FD,20.0,,3,100,FD_b20,training_ckp_epoch_113_min_val_loss,z,validation,rate_per_frame,4.675211012363434e-07
sim_vowels,FD,20.0,,3,100,FD_b20,training_ckp_epoch_113_min_val_loss,z,validation,check_max_abs_diff,4.242883331895264e-06
sim_vowels,FD,20.0,,3,100,FD_b20,training_ckp_epoch_113_min_val_loss,s,validation,n_utt,500.0
sim_vowels,FD,20.0,,3,100,FD_b20,training_ckp_epoch_113_min_val_loss,s,validation,n_frames,500.0
sim_vowels,FD,20.0,,3,100,FD_b20,training_ckp_epoch_113_min_val_loss,s,validation,d_frame_div_0_1,0.18788127734493967
sim_vowels,FD,20.0,,3,100,FD_b20,training_ckp_epoch_113_min_val_loss,s,validation,d_frame_div_0_2,0.22255481465990923
sim_vowels,FD,20.0,,3,100,FD_b20,training_ckp_epoch_113_min_val_loss,s,validation,d_frame_div_0_3,0.22087842148912315
sim_vowels,FD,20.0,,3,100,FD_b20,training_ckp_epoch_113_min_val_loss,s,validation,d_frame_div_2_1,0.5586664155089932
sim_vowels,FD,20.0,,3,100,FD_b20,training_ckp_epoch_113_min_val_loss,s,validation,d_frame_div_3_1,0.559568624894905
sim_vowels,FD,20.0,,3,100,FD_b20,training_ckp_epoch_113_min_val_loss,s,validation,d_frame_div_3_2,0.030378565286994216
sim_vowels,FD,20.0,,3,100,FD_b20,training_ckp_epoch_113_min_val_loss,s,validation,d_recon,0.21043817116465735
sim_vowels,FD,20.0,,3,100,FD_b20,training_ckp_epoch_113_min_val_loss,s,validation,d_ortho,0.3828712018969642
sim_vowels,FD,20.0,,3,100,FD_b20,training_ckp_epoch_113_min_val_loss,s,validation,d_recon_norm,0.303598105952994
sim_vowels,FD,20.0,,3,100,FD_b20,training_ckp_epoch_113_min_val_loss,s,validation,d_ortho_norm,0.5523663842759474
sim_vowels,FD,20.0,,3,100,FD_b20,training_ckp_epoch_113_min_val_loss,s,validation,d_recon_utt,0.21043817116465735
sim_vowels,FD,20.0,,3,100,FD_b20,training_ckp_epoch_113_min_val_loss,s,validation,d_ortho_utt,0.3828712018969642
sim_vowels,FD,20.0,,3,100,FD_b20,training_ckp_epoch_113_min_val_loss,s,validation,clamp_frac_recon,0.0
sim_vowels,FD,20.0,,3,100,FD_b20,training_ckp_epoch_113_min_val_loss,s,validation,clamp_frac_ortho,0.0
sim_vowels,FD,20.0,,3,100,FD_b20,training_ckp_epoch_113_min_val_loss,s,validation,model_div_pos,0.21146118501201272
sim_vowels,FD,20.0,,3,100,FD_b20,training_ckp_epoch_113_min_val_loss,s,validation,model_div_neg,0.38390020839869976
sim_vowels,FD,20.0,,3,100,FD_b20,training_ckp_epoch_113_min_val_loss,s,validation,model_ce_pos,0.7303566485643387
sim_vowels,FD,20.0,,3,100,FD_b20,training_ckp_epoch_113_min_val_loss,s,validation,model_ce_neg,9.073959112167358
sim_vowels,FD,20.0,,3,100,FD_b20,training_ckp_epoch_113_min_val_loss,s,validation,model_decomposition_loss,3.267778418958187
sim_vowels,FD,20.0,,3,100,FD_b20,training_ckp_epoch_113_min_val_loss,s,validation,model_prior_loss,0.4342664033174515
sim_vowels,FD,20.0,,3,100,FD_b20,training_ckp_epoch_113_min_val_loss,s,validation,model_div_0_1,0.18792885821312666
sim_vowels,FD,20.0,,3,100,FD_b20,training_ckp_epoch_113_min_val_loss,s,validation,model_div_0_2,0.22401706594973803
sim_vowels,FD,20.0,,3,100,FD_b20,training_ckp_epoch_113_min_val_loss,s,validation,model_div_0_3,0.22243761410936713
sim_vowels,FD,20.0,,3,100,FD_b20,training_ckp_epoch_113_min_val_loss,s,validation,model_div_2_1,0.560546737164259
sim_vowels,FD,20.0,,3,100,FD_b20,training_ckp_epoch_113_min_val_loss,s,validation,model_div_3_1,0.561484013684094
sim_vowels,FD,20.0,,3,100,FD_b20,training_ckp_epoch_113_min_val_loss,s,validation,model_div_3_2,0.02966981153622328
sim_vowels,FD,20.0,,3,100,FD_b20,training_ckp_epoch_113_min_val_loss,s,validation,rate_per_frame,3.474131226539612e-06
sim_vowels,FD,20.0,,3,100,FD_b20,training_ckp_epoch_113_min_val_loss,s,validation,check_max_abs_diff,7.713247440754856e-08
sim_vowels,FD,20.0,,3,100,FD_b20,training_ckp_epoch_113_min_val_loss,z,test,n_utt,300.0
sim_vowels,FD,20.0,,3,100,FD_b20,training_ckp_epoch_113_min_val_loss,z,test,n_frames,30000.0
sim_vowels,FD,20.0,,3,100,FD_b20,training_ckp_epoch_113_min_val_loss,z,test,d_frame_div_0_1,0.0036539279263774756
sim_vowels,FD,20.0,,3,100,FD_b20,training_ckp_epoch_113_min_val_loss,z,test,d_frame_div_0_2,0.003633932531246709
sim_vowels,FD,20.0,,3,100,FD_b20,training_ckp_epoch_113_min_val_loss,z,test,d_frame_div_0_3,0.003630194899631284
sim_vowels,FD,20.0,,3,100,FD_b20,training_ckp_epoch_113_min_val_loss,z,test,d_frame_div_2_1,0.006891818220914384
sim_vowels,FD,20.0,,3,100,FD_b20,training_ckp_epoch_113_min_val_loss,z,test,d_frame_div_3_1,0.0068897989454778765
sim_vowels,FD,20.0,,3,100,FD_b20,training_ckp_epoch_113_min_val_loss,z,test,d_frame_div_3_2,0.006870844655186749
sim_vowels,FD,20.0,,3,100,FD_b20,training_ckp_epoch_113_min_val_loss,z,test,d_recon,0.003639351785751823
sim_vowels,FD,20.0,,3,100,FD_b20,training_ckp_epoch_113_min_val_loss,z,test,d_ortho,0.006884153940526336
sim_vowels,FD,20.0,,3,100,FD_b20,training_ckp_epoch_113_min_val_loss,z,test,d_recon_norm,0.005250474773354549
sim_vowels,FD,20.0,,3,100,FD_b20,training_ckp_epoch_113_min_val_loss,z,test,d_ortho_norm,0.009931734750713562
sim_vowels,FD,20.0,,3,100,FD_b20,training_ckp_epoch_113_min_val_loss,z,test,d_recon_utt,0.36393517857518226
sim_vowels,FD,20.0,,3,100,FD_b20,training_ckp_epoch_113_min_val_loss,z,test,d_ortho_utt,0.6803817473265001
sim_vowels,FD,20.0,,3,100,FD_b20,training_ckp_epoch_113_min_val_loss,z,test,clamp_frac_recon,0.0
sim_vowels,FD,20.0,,3,100,FD_b20,training_ckp_epoch_113_min_val_loss,z,test,clamp_frac_ortho,0.058888888888888886
sim_vowels,FD,20.0,,3,100,FD_b20,training_ckp_epoch_113_min_val_loss,z,test,model_div_pos,0.36398752268991974
sim_vowels,FD,20.0,,3,100,FD_b20,training_ckp_epoch_113_min_val_loss,z,test,model_div_neg,0.6804463267326355
sim_vowels,FD,20.0,,3,100,FD_b20,training_ckp_epoch_113_min_val_loss,z,test,model_ce_pos,1.419215490943507
sim_vowels,FD,20.0,,3,100,FD_b20,training_ckp_epoch_113_min_val_loss,z,test,model_ce_neg,1.2502235393775136
sim_vowels,FD,20.0,,3,100,FD_b20,training_ckp_epoch_113_min_val_loss,z,test,model_decomposition_loss,0.8897240161895752
sim_vowels,FD,20.0,,3,100,FD_b20,training_ckp_epoch_113_min_val_loss,z,test,model_prior_loss,0.1490717655734012
sim_vowels,FD,20.0,,3,100,FD_b20,training_ckp_epoch_113_min_val_loss,z,test,model_div_0_1,0.36560757222928497
sim_vowels,FD,20.0,,3,100,FD_b20,training_ckp_epoch_113_min_val_loss,z,test,model_div_0_2,0.36396432079766927
sim_vowels,FD,20.0,,3,100,FD_b20,training_ckp_epoch_113_min_val_loss,z,test,model_div_0_3,0.3623906264179631
sim_vowels,FD,20.0,,3,100,FD_b20,training_ckp_epoch_113_min_val_loss,z,test,model_div_2_1,0.6817703403924641
sim_vowels,FD,20.0,,3,100,FD_b20,training_ckp_epoch_113_min_val_loss,z,test,model_div_3_1,0.6812115405735216
sim_vowels,FD,20.0,,3,100,FD_b20,training_ckp_epoch_113_min_val_loss,z,test,model_div_3_2,0.6783570521756223
sim_vowels,FD,20.0,,3,100,FD_b20,training_ckp_epoch_113_min_val_loss,z,test,rate_per_frame,4.720605909824371e-07
sim_vowels,FD,20.0,,3,100,FD_b20,training_ckp_epoch_113_min_val_loss,z,test,check_max_abs_diff,4.213062635649578e-06
sim_vowels,FD,20.0,,3,100,FD_b20,training_ckp_epoch_113_min_val_loss,s,test,n_utt,300.0
sim_vowels,FD,20.0,,3,100,FD_b20,training_ckp_epoch_113_min_val_loss,s,test,n_frames,300.0
sim_vowels,FD,20.0,,3,100,FD_b20,training_ckp_epoch_113_min_val_loss,s,test,d_frame_div_0_1,0.1850263501680076
sim_vowels,FD,20.0,,3,100,FD_b20,training_ckp_epoch_113_min_val_loss,s,test,d_frame_div_0_2,0.2398230233879301
sim_vowels,FD,20.0,,3,100,FD_b20,training_ckp_epoch_113_min_val_loss,s,test,d_frame_div_0_3,0.22432935751168134
sim_vowels,FD,20.0,,3,100,FD_b20,training_ckp_epoch_113_min_val_loss,s,test,d_frame_div_2_1,0.581182922709975
sim_vowels,FD,20.0,,3,100,FD_b20,training_ckp_epoch_113_min_val_loss,s,test,d_frame_div_3_1,0.5581940675548346
sim_vowels,FD,20.0,,3,100,FD_b20,training_ckp_epoch_113_min_val_loss,s,test,d_frame_div_3_2,0.03627413407860703
sim_vowels,FD,20.0,,3,100,FD_b20,training_ckp_epoch_113_min_val_loss,s,test,d_recon,0.21639291035587305
sim_vowels,FD,20.0,,3,100,FD_b20,training_ckp_epoch_113_min_val_loss,s,test,d_ortho,0.3918837081144722
sim_vowels,FD,20.0,,3,100,FD_b20,training_ckp_epoch_113_min_val_loss,s,test,d_recon_norm,0.31218897865394807
sim_vowels,FD,20.0,,3,100,FD_b20,training_ckp_epoch_113_min_val_loss,s,test,d_ortho_norm,0.565368682301927
sim_vowels,FD,20.0,,3,100,FD_b20,training_ckp_epoch_113_min_val_loss,s,test,d_recon_utt,0.21639291035587305
sim_vowels,FD,20.0,,3,100,FD_b20,training_ckp_epoch_113_min_val_loss,s,test,d_ortho_utt,0.3918837081144722
sim_vowels,FD,20.0,,3,100,FD_b20,training_ckp_epoch_113_min_val_loss,s,test,clamp_frac_recon,0.0
sim_vowels,FD,20.0,,3,100,FD_b20,training_ckp_epoch_113_min_val_loss,s,test,clamp_frac_ortho,0.0
sim_vowels,FD,20.0,,3,100,FD_b20,training_ckp_epoch_113_min_val_loss,s,test,model_div_pos,0.2161474972963333
sim_vowels,FD,20.0,,3,100,FD_b20,training_ckp_epoch_113_min_val_loss,s,test,model_div_neg,0.39123506922470896
sim_vowels,FD,20.0,,3,100,FD_b20,training_ckp_epoch_113_min_val_loss,s,test,model_ce_pos,0.7468675406355607
sim_vowels,FD,20.0,,3,100,FD_b20,training_ckp_epoch_113_min_val_loss,s,test,model_ce_neg,8.926518339859811
sim_vowels,FD,20.0,,3,100,FD_b20,training_ckp_epoch_113_min_val_loss,s,test,model_decomposition_loss,3.2241393892388595
sim_vowels,FD,20.0,,3,100,FD_b20,training_ckp_epoch_113_min_val_loss,s,test,model_prior_loss,0.4341100391588713
sim_vowels,FD,20.0,,3,100,FD_b20,training_ckp_epoch_113_min_val_loss,s,test,model_div_0_1,0.18465047368877813
sim_vowels,FD,20.0,,3,100,FD_b20,training_ckp_epoch_113_min_val_loss,s,test,model_div_0_2,0.23953765003304733
sim_vowels,FD,20.0,,3,100,FD_b20,training_ckp_epoch_113_min_val_loss,s,test,model_div_0_3,0.22425436816717448
sim_vowels,FD,20.0,,3,100,FD_b20,training_ckp_epoch_113_min_val_loss,s,test,model_div_2_1,0.5801388527217665
sim_vowels,FD,20.0,,3,100,FD_b20,training_ckp_epoch_113_min_val_loss,s,test,model_div_3_1,0.5574562769187125
sim_vowels,FD,20.0,,3,100,FD_b20,training_ckp_epoch_113_min_val_loss,s,test,model_div_3_2,0.036110067577714004
sim_vowels,FD,20.0,,3,100,FD_b20,training_ckp_epoch_113_min_val_loss,s,test,rate_per_frame,3.4367044766743977e-06
sim_vowels,FD,20.0,,3,100,FD_b20,training_ckp_epoch_113_min_val_loss,s,test,check_max_abs_diff,7.787194178376922e-08
sim_vowels,FD,40.0,,3,100,FD_b40,training_ckp_epoch_109,z,validation,n_utt,500.0
sim_vowels,FD,40.0,,3,100,FD_b40,training_ckp_epoch_109,z,validation,n_frames,50000.0
sim_vowels,FD,40.0,,3,100,FD_b40,training_ckp_epoch_109,z,validation,d_frame_div_0_1,0.0029374883840963765
sim_vowels,FD,40.0,,3,100,FD_b40,training_ckp_epoch_109,z,validation,d_frame_div_0_2,0.002974275835397141
sim_vowels,FD,40.0,,3,100,FD_b40,training_ckp_epoch_109,z,validation,d_frame_div_0_3,0.0029678129840571216
sim_vowels,FD,40.0,,3,100,FD_b40,training_ckp_epoch_109,z,validation,d_frame_div_2_1,0.005317707266104051
sim_vowels,FD,40.0,,3,100,FD_b40,training_ckp_epoch_109,z,validation,d_frame_div_3_1,0.005338753184002075
sim_vowels,FD,40.0,,3,100,FD_b40,training_ckp_epoch_109,z,validation,d_frame_div_3_2,0.005398439755557507
sim_vowels,FD,40.0,,3,100,FD_b40,training_ckp_epoch_109,z,validation,d_recon,0.002959859067850213
sim_vowels,FD,40.0,,3,100,FD_b40,training_ckp_epoch_109,z,validation,d_ortho,0.005351633401887877
sim_vowels,FD,40.0,,3,100,FD_b40,training_ckp_epoch_109,z,validation,d_recon_norm,0.004270173998917732
sim_vowels,FD,40.0,,3,100,FD_b40,training_ckp_epoch_109,z,validation,d_ortho_norm,0.0077207749695593735
sim_vowels,FD,40.0,,3,100,FD_b40,training_ckp_epoch_109,z,validation,d_recon_utt,0.2959859067850213
sim_vowels,FD,40.0,,3,100,FD_b40,training_ckp_epoch_109,z,validation,d_ortho_utt,0.5351633401887876
sim_vowels,FD,40.0,,3,100,FD_b40,training_ckp_epoch_109,z,validation,clamp_frac_recon,0.0
sim_vowels,FD,40.0,,3,100,FD_b40,training_ckp_epoch_109,z,validation,clamp_frac_ortho,0.0
sim_vowels,FD,40.0,,3,100,FD_b40,training_ckp_epoch_109,z,validation,model_div_pos,0.2958546467125416
sim_vowels,FD,40.0,,3,100,FD_b40,training_ckp_epoch_109,z,validation,model_div_neg,0.5343880858272314
sim_vowels,FD,40.0,,3,100,FD_b40,training_ckp_epoch_109,z,validation,model_ce_pos,1.0757172852754593
sim_vowels,FD,40.0,,3,100,FD_b40,training_ckp_epoch_109,z,validation,model_ce_neg,1.9654896333813667
sim_vowels,FD,40.0,,3,100,FD_b40,training_ckp_epoch_109,z,validation,model_decomposition_loss,1.0136342607438564
sim_vowels,FD,40.0,,3,100,FD_b40,training_ckp_epoch_109,z,validation,model_prior_loss,1.0776592418551445
sim_vowels,FD,40.0,,3,100,FD_b40,training_ckp_epoch_109,z,validation,model_div_0_1,0.29293788131326437
sim_vowels,FD,40.0,,3,100,FD_b40,training_ckp_epoch_109,z,validation,model_div_0_2,0.2980381939560175
sim_vowels,FD,40.0,,3,100,FD_b40,training_ckp_epoch_109,z,validation,model_div_0_3,0.2965878350660205
sim_vowels,FD,40.0,,3,100,FD_b40,training_ckp_epoch_109,z,validation,model_div_2_1,0.5306558813899755
sim_vowels,FD,40.0,,3,100,FD_b40,training_ckp_epoch_109,z,validation,model_div_3_1,0.5322999097406864
sim_vowels,FD,40.0,,3,100,FD_b40,training_ckp_epoch_109,z,validation,model_div_3_2,0.5402083769440651
sim_vowels,FD,40.0,,3,100,FD_b40,training_ckp_epoch_109,z,validation,rate_per_frame,1.7242547869682311e-06
sim_vowels,FD,40.0,,3,100,FD_b40,training_ckp_epoch_109,z,validation,check_max_abs_diff,4.288988035061614e-06
sim_vowels,FD,40.0,,3,100,FD_b40,training_ckp_epoch_109,s,validation,n_utt,500.0
sim_vowels,FD,40.0,,3,100,FD_b40,training_ckp_epoch_109,s,validation,n_frames,500.0
sim_vowels,FD,40.0,,3,100,FD_b40,training_ckp_epoch_109,s,validation,d_frame_div_0_1,0.16743422447000078
sim_vowels,FD,40.0,,3,100,FD_b40,training_ckp_epoch_109,s,validation,d_frame_div_0_2,0.22417461715080395
sim_vowels,FD,40.0,,3,100,FD_b40,training_ckp_epoch_109,s,validation,d_frame_div_0_3,0.22096794100500847
sim_vowels,FD,40.0,,3,100,FD_b40,training_ckp_epoch_109,s,validation,d_frame_div_2_1,0.4736078876034287
sim_vowels,FD,40.0,,3,100,FD_b40,training_ckp_epoch_109,s,validation,d_frame_div_3_1,0.4702131738946274
sim_vowels,FD,40.0,,3,100,FD_b40,training_ckp_epoch_109,s,validation,d_frame_div_3_2,0.03116125149595256
sim_vowels,FD,40.0,,3,100,FD_b40,training_ckp_epoch_109,s,validation,d_recon,0.20419226087527106
sim_vowels,FD,40.0,,3,100,FD_b40,training_ckp_epoch_109,s,validation,d_ortho,0.32499410433133624
sim_vowels,FD,40.0,,3,100,FD_b40,training_ckp_epoch_109,s,validation,d_recon_norm,0.29458716215265907
sim_vowels,FD,40.0,,3,100,FD_b40,training_ckp_epoch_109,s,validation,d_ortho_norm,0.4688673826369692
sim_vowels,FD,40.0,,3,100,FD_b40,training_ckp_epoch_109,s,validation,d_recon_utt,0.20419226087527106
sim_vowels,FD,40.0,,3,100,FD_b40,training_ckp_epoch_109,s,validation,d_ortho_utt,0.32499410433133624
sim_vowels,FD,40.0,,3,100,FD_b40,training_ckp_epoch_109,s,validation,clamp_frac_recon,0.0
sim_vowels,FD,40.0,,3,100,FD_b40,training_ckp_epoch_109,s,validation,clamp_frac_ortho,0.0
sim_vowels,FD,40.0,,3,100,FD_b40,training_ckp_epoch_109,s,validation,model_div_pos,0.20532126910984516
sim_vowels,FD,40.0,,3,100,FD_b40,training_ckp_epoch_109,s,validation,model_div_neg,0.3260333249345422
sim_vowels,FD,40.0,,3,100,FD_b40,training_ckp_epoch_109,s,validation,model_ce_pos,0.7063223086297512
sim_vowels,FD,40.0,,3,100,FD_b40,training_ckp_epoch_109,s,validation,model_ce_neg,8.174003794789314
sim_vowels,FD,40.0,,3,100,FD_b40,training_ckp_epoch_109,s,validation,model_decomposition_loss,2.959812641143799
sim_vowels,FD,40.0,,3,100,FD_b40,training_ckp_epoch_109,s,validation,model_prior_loss,1.1040642857551575
sim_vowels,FD,40.0,,3,100,FD_b40,training_ckp_epoch_109,s,validation,model_div_0_1,0.16783785400912166
sim_vowels,FD,40.0,,3,100,FD_b40,training_ckp_epoch_109,s,validation,model_div_0_2,0.2256899275816977
sim_vowels,FD,40.0,,3,100,FD_b40,training_ckp_epoch_109,s,validation,model_div_0_3,0.22243602201342583
sim_vowels,FD,40.0,,3,100,FD_b40,training_ckp_epoch_109,s,validation,model_div_2_1,0.4755318323150277
sim_vowels,FD,40.0,,3,100,FD_b40,training_ckp_epoch_109,s,validation,model_div_3_1,0.472130473703146
sim_vowels,FD,40.0,,3,100,FD_b40,training_ckp_epoch_109,s,validation,model_div_3_2,0.030437641370554047
sim_vowels,FD,40.0,,3,100,FD_b40,training_ckp_epoch_109,s,validation,rate_per_frame,4.41625714302063e-06
sim_vowels,FD,40.0,,3,100,FD_b40,training_ckp_epoch_109,s,validation,check_max_abs_diff,7.577277116865844e-08
sim_vowels,FD,40.0,,3,100,FD_b40,training_ckp_epoch_109,z,test,n_utt,300.0
sim_vowels,FD,40.0,,3,100,FD_b40,training_ckp_epoch_109,z,test,n_frames,30000.0
sim_vowels,FD,40.0,,3,100,FD_b40,training_ckp_epoch_109,z,test,d_frame_div_0_1,0.003040770472418158
sim_vowels,FD,40.0,,3,100,FD_b40,training_ckp_epoch_109,z,test,d_frame_div_0_2,0.0030994104950594465
sim_vowels,FD,40.0,,3,100,FD_b40,training_ckp_epoch_109,z,test,d_frame_div_0_3,0.0030511144423354263
sim_vowels,FD,40.0,,3,100,FD_b40,training_ckp_epoch_109,z,test,d_frame_div_2_1,0.005533671709409942
sim_vowels,FD,40.0,,3,100,FD_b40,training_ckp_epoch_109,z,test,d_frame_div_3_1,0.005453614728357749
sim_vowels,FD,40.0,,3,100,FD_b40,training_ckp_epoch_109,z,test,d_frame_div_3_2,0.005534156145117589
sim_vowels,FD,40.0,,3,100,FD_b40,training_ckp_epoch_109,z,test,d_recon,0.003063765136604344
sim_vowels,FD,40.0,,3,100,FD_b40,training_ckp_epoch_109,z,test,d_ortho,0.005507147527628427
sim_vowels,FD,40.0,,3,100,FD_b40,training_ckp_epoch_109,z,test,d_recon_norm,0.004420078769027585
sim_vowels,FD,40.0,,3,100,FD_b40,training_ckp_epoch_109,z,test,d_ortho_norm,0.007945134427553447
sim_vowels,FD,40.0,,3,100,FD_b40,training_ckp_epoch_109,z,test,d_recon_utt,0.3063765136604344
sim_vowels,FD,40.0,,3,100,FD_b40,training_ckp_epoch_109,z,test,d_ortho_utt,0.5507147527628427
sim_vowels,FD,40.0,,3,100,FD_b40,training_ckp_epoch_109,z,test,clamp_frac_recon,0.0
sim_vowels,FD,40.0,,3,100,FD_b40,training_ckp_epoch_109,z,test,clamp_frac_ortho,0.0
sim_vowels,FD,40.0,,3,100,FD_b40,training_ckp_epoch_109,z,test,model_div_pos,0.30619265531238754
sim_vowels,FD,40.0,,3,100,FD_b40,training_ckp_epoch_109,z,test,model_div_neg,0.5505602328400863
sim_vowels,FD,40.0,,3,100,FD_b40,training_ckp_epoch_109,z,test,model_ce_pos,1.1182831086610492
sim_vowels,FD,40.0,,3,100,FD_b40,training_ckp_epoch_109,z,test,model_ce_neg,1.8618023960213912
sim_vowels,FD,40.0,,3,100,FD_b40,training_ckp_epoch_109,z,test,model_decomposition_loss,0.9932624791797838
sim_vowels,FD,40.0,,3,100,FD_b40,training_ckp_epoch_109,z,test,model_prior_loss,1.0824095261724371
sim_vowels,FD,40.0,,3,100,FD_b40,training_ckp_epoch_109,z,test,model_div_0_1,0.3037339056793012
sim_vowels,FD,40.0,,3,100,FD_b40,training_ckp_epoch_109,z,test,model_div_0_2,0.30967836630971807
sim_vowels,FD,40.0,,3,100,FD_b40,training_ckp_epoch_109,z,test,model_div_0_3,0.30516567355708074
sim_vowels,FD,40.0,,3,100,FD_b40,training_ckp_epoch_109,z,test,model_div_2_1,0.5531136581772252
sim_vowels,FD,40.0,,3,100,FD_b40,training_ckp_epoch_109,z,test,model_div_3_1,0.5453936771342629
sim_vowels,FD,40.0,,3,100,FD_b40,training_ckp_epoch_109,z,test,model_div_3_2,0.5531733224266454
sim_vowels,FD,40.0,,3,100,FD_b40,training_ckp_epoch_109,z,test,rate_per_frame,1.713815083106359e-06
sim_vowels,FD,40.0,,3,100,FD_b40,training_ckp_epoch_109,z,test,check_max_abs_diff,4.256142558278775e-06
sim_vowels,FD,40.0,,3,100,FD_b40,training_ckp_epoch_109,s,test,n_utt,300.0
sim_vowels,FD,40.0,,3,100,FD_b40,training_ckp_epoch_109,s,test,n_frames,300.0
sim_vowels,FD,40.0,,3,100,FD_b40,training_ckp_epoch_109,s,test,d_frame_div_0_1,0.16500348351877286
sim_vowels,FD,40.0,,3,100,FD_b40,training_ckp_epoch_109,s,test,d_frame_div_0_2,0.244775781476065
sim_vowels,FD,40.0,,3,100,FD_b40,training_ckp_epoch_109,s,test,d_frame_div_0_3,0.22790902463006782
sim_vowels,FD,40.0,,3,100,FD_b40,training_ckp_epoch_109,s,test,d_frame_div_2_1,0.49304062618707234
sim_vowels,FD,40.0,,3,100,FD_b40,training_ckp_epoch_109,s,test,d_frame_div_3_1,0.47493566383478025
sim_vowels,FD,40.0,,3,100,FD_b40,training_ckp_epoch_109,s,test,d_frame_div_3_2,0.03540283801329373
sim_vowels,FD,40.0,,3,100,FD_b40,training_ckp_epoch_109,s,test,d_recon,0.21256276320830192
sim_vowels,FD,40.0,,3,100,FD_b40,training_ckp_epoch_109,s,test,d_ortho,0.33445970934504876
sim_vowels,FD,40.0,,3,100,FD_b40,training_ckp_epoch_109,s,test,d_recon_norm,0.3066632443582722
sim_vowels,FD,40.0,,3,100,FD_b40,training_ckp_epoch_109,s,test,d_ortho_norm,0.48252336404926593
sim_vowels,FD,40.0,,3,100,FD_b40,training_ckp_epoch_109,s,test,d_recon_utt,0.21256276320830192
sim_vowels,FD,40.0,,3,100,FD_b40,training_ckp_epoch_109,s,test,d_ortho_utt,0.33445970934504876
sim_vowels,FD,40.0,,3,100,FD_b40,training_ckp_epoch_109,s,test,clamp_frac_recon,0.0
sim_vowels,FD,40.0,,3,100,FD_b40,training_ckp_epoch_109,s,test,clamp_frac_ortho,0.0
sim_vowels,FD,40.0,,3,100,FD_b40,training_ckp_epoch_109,s,test,model_div_pos,0.21228116358581342
sim_vowels,FD,40.0,,3,100,FD_b40,training_ckp_epoch_109,s,test,model_div_neg,0.33396512269973755
sim_vowels,FD,40.0,,3,100,FD_b40,training_ckp_epoch_109,s,test,model_ce_pos,0.732961334680256
sim_vowels,FD,40.0,,3,100,FD_b40,training_ckp_epoch_109,s,test,model_ce_neg,8.174779063776919
sim_vowels,FD,40.0,,3,100,FD_b40,training_ckp_epoch_109,s,test,model_decomposition_loss,2.9689497571242485
sim_vowels,FD,40.0,,3,100,FD_b40,training_ckp_epoch_109,s,test,model_prior_loss,1.089535261455335
sim_vowels,FD,40.0,,3,100,FD_b40,training_ckp_epoch_109,s,test,model_div_0_1,0.164673418590897
sim_vowels,FD,40.0,,3,100,FD_b40,training_ckp_epoch_109,s,test,model_div_0_2,0.24444088496659933
sim_vowels,FD,40.0,,3,100,FD_b40,training_ckp_epoch_109,s,test,model_div_0_3,0.22772917229878276
sim_vowels,FD,40.0,,3,100,FD_b40,training_ckp_epoch_109,s,test,model_div_2_1,0.49219316087271037
sim_vowels,FD,40.0,,3,100,FD_b40,training_ckp_epoch_109,s,test,model_div_3_1,0.47431499707071406
sim_vowels,FD,40.0,,3,100,FD_b40,training_ckp_epoch_109,s,test,model_div_3_2,0.035387194053711074
sim_vowels,FD,40.0,,3,100,FD_b40,training_ckp_epoch_109,s,test,rate_per_frame,4.312743743260702e-06
sim_vowels,FD,40.0,,3,100,FD_b40,training_ckp_epoch_109,s,test,check_max_abs_diff,7.527197298795585e-08
sim_vowels,EWT,0.0,,3,100,EWT_b0,training_ckp_epoch_112_min_val_loss,z,validation,n_utt,500.0
sim_vowels,EWT,0.0,,3,100,EWT_b0,training_ckp_epoch_112_min_val_loss,z,validation,n_frames,50000.0
sim_vowels,EWT,0.0,,3,100,EWT_b0,training_ckp_epoch_112_min_val_loss,z,validation,d_frame_div_0_1,0.0036087183308965
sim_vowels,EWT,0.0,,3,100,EWT_b0,training_ckp_epoch_112_min_val_loss,z,validation,d_frame_div_0_2,0.0036239332555224463
sim_vowels,EWT,0.0,,3,100,EWT_b0,training_ckp_epoch_112_min_val_loss,z,validation,d_frame_div_0_3,0.0036284866117262185
sim_vowels,EWT,0.0,,3,100,EWT_b0,training_ckp_epoch_112_min_val_loss,z,validation,d_frame_div_2_1,0.009286939968183186
sim_vowels,EWT,0.0,,3,100,EWT_b0,training_ckp_epoch_112_min_val_loss,z,validation,d_frame_div_3_1,0.009333208272775518
sim_vowels,EWT,0.0,,3,100,EWT_b0,training_ckp_epoch_112_min_val_loss,z,validation,d_frame_div_3_2,0.009413596752511235
sim_vowels,EWT,0.0,,3,100,EWT_b0,training_ckp_epoch_112_min_val_loss,z,validation,d_recon,0.0036203793993817225
sim_vowels,EWT,0.0,,3,100,EWT_b0,training_ckp_epoch_112_min_val_loss,z,validation,d_ortho,0.00934458166448998
sim_vowels,EWT,0.0,,3,100,EWT_b0,training_ckp_epoch_112_min_val_loss,z,validation,d_recon_norm,0.005223103405624575
sim_vowels,EWT,0.0,,3,100,EWT_b0,training_ckp_epoch_112_min_val_loss,z,validation,d_ortho_norm,0.01348138162654163
sim_vowels,EWT,0.0,,3,100,EWT_b0,training_ckp_epoch_112_min_val_loss,z,validation,d_recon_utt,0.36203793993817224
sim_vowels,EWT,0.0,,3,100,EWT_b0,training_ckp_epoch_112_min_val_loss,z,validation,d_ortho_utt,0.920369525127538
sim_vowels,EWT,0.0,,3,100,EWT_b0,training_ckp_epoch_112_min_val_loss,z,validation,clamp_frac_recon,0.0
sim_vowels,EWT,0.0,,3,100,EWT_b0,training_ckp_epoch_112_min_val_loss,z,validation,clamp_frac_ortho,0.24133333333333334
sim_vowels,EWT,0.0,,3,100,EWT_b0,training_ckp_epoch_112_min_val_loss,z,validation,model_div_pos,0.36191064585000277
sim_vowels,EWT,0.0,,3,100,EWT_b0,training_ckp_epoch_112_min_val_loss,z,validation,model_div_neg,0.9203647747635841
sim_vowels,EWT,0.0,,3,100,EWT_b0,training_ckp_epoch_112_min_val_loss,z,validation,model_ce_pos,1.3528379909694195
sim_vowels,EWT,0.0,,3,100,EWT_b0,training_ckp_epoch_112_min_val_loss,z,validation,model_ce_neg,0.26043978543020785
sim_vowels,EWT,0.0,,3,100,EWT_b0,training_ckp_epoch_112_min_val_loss,z,validation,model_decomposition_loss,0.5377054754644632
sim_vowels,EWT,0.0,,3,100,EWT_b0,training_ckp_epoch_112_min_val_loss,z,validation,model_prior_loss,0.0
sim_vowels,EWT,0.0,,3,100,EWT_b0,training_ckp_epoch_112_min_val_loss,z,validation,model_div_0_1,0.36061575170606375
sim_vowels,EWT,0.0,,3,100,EWT_b0,training_ckp_epoch_112_min_val_loss,z,validation,model_div_0_2,0.3625000463798642
sim_vowels,EWT,0.0,,3,100,EWT_b0,training_ckp_epoch_112_min_val_loss,z,validation,model_div_0_3,0.36261612456291914
sim_vowels,EWT,0.0,,3,100,EWT_b0,training_ckp_epoch_112_min_val_loss,z,validation,model_div_2_1,0.9157364461570978
sim_vowels,EWT,0.0,,3,100,EWT_b0,training_ckp_epoch_112_min_val_loss,z,validation,model_div_3_1,0.9196003656834364
sim_vowels,EWT,0.0,,3,100,EWT_b0,training_ckp_epoch_112_min_val_loss,z,validation,model_div_3_2,0.9257574137300253
sim_vowels,EWT,0.0,,3,100,EWT_b0,training_ckp_epoch_112_min_val_loss,z,validation,rate_per_frame,
sim_vowels,EWT,0.0,,3,100,EWT_b0,training_ckp_epoch_112_min_val_loss,z,validation,check_max_abs_diff,4.124558864504468e-06
sim_vowels,EWT,0.0,,3,100,EWT_b0,training_ckp_epoch_112_min_val_loss,s,validation,n_utt,500.0
sim_vowels,EWT,0.0,,3,100,EWT_b0,training_ckp_epoch_112_min_val_loss,s,validation,n_frames,500.0
sim_vowels,EWT,0.0,,3,100,EWT_b0,training_ckp_epoch_112_min_val_loss,s,validation,d_frame_div_0_1,0.31750236973393314
sim_vowels,EWT,0.0,,3,100,EWT_b0,training_ckp_epoch_112_min_val_loss,s,validation,d_frame_div_0_2,0.35936426088338985
sim_vowels,EWT,0.0,,3,100,EWT_b0,training_ckp_epoch_112_min_val_loss,s,validation,d_frame_div_0_3,0.3101400912511674
sim_vowels,EWT,0.0,,3,100,EWT_b0,training_ckp_epoch_112_min_val_loss,s,validation,d_frame_div_2_1,0.6808562287201307
sim_vowels,EWT,0.0,,3,100,EWT_b0,training_ckp_epoch_112_min_val_loss,s,validation,d_frame_div_3_1,0.6914645299760682
sim_vowels,EWT,0.0,,3,100,EWT_b0,training_ckp_epoch_112_min_val_loss,s,validation,d_frame_div_3_2,0.6914104283319679
sim_vowels,EWT,0.0,,3,100,EWT_b0,training_ckp_epoch_112_min_val_loss,s,validation,d_recon,0.3290022406228301
sim_vowels,EWT,0.0,,3,100,EWT_b0,training_ckp_epoch_112_min_val_loss,s,validation,d_ortho,0.6879103956760556
sim_vowels,EWT,0.0,,3,100,EWT_b0,training_ckp_epoch_112_min_val_loss,s,validation,d_recon_norm,0.4746499009879145
sim_vowels,EWT,0.0,,3,100,EWT_b0,training_ckp_epoch_112_min_val_loss,s,validation,d_ortho_norm,0.9924449164178101
sim_vowels,EWT,0.0,,3,100,EWT_b0,training_ckp_epoch_112_min_val_loss,s,validation,d_recon_utt,0.3290022406228301
sim_vowels,EWT,0.0,,3,100,EWT_b0,training_ckp_epoch_112_min_val_loss,s,validation,d_ortho_utt,0.6879103956760556
sim_vowels,EWT,0.0,,3,100,EWT_b0,training_ckp_epoch_112_min_val_loss,s,validation,clamp_frac_recon,0.0
sim_vowels,EWT,0.0,,3,100,EWT_b0,training_ckp_epoch_112_min_val_loss,s,validation,clamp_frac_ortho,0.0
sim_vowels,EWT,0.0,,3,100,EWT_b0,training_ckp_epoch_112_min_val_loss,s,validation,model_div_pos,0.32884472142904997
sim_vowels,EWT,0.0,,3,100,EWT_b0,training_ckp_epoch_112_min_val_loss,s,validation,model_div_neg,0.688002347946167
sim_vowels,EWT,0.0,,3,100,EWT_b0,training_ckp_epoch_112_min_val_loss,s,validation,model_ce_pos,1.2081706933677197
sim_vowels,EWT,0.0,,3,100,EWT_b0,training_ckp_epoch_112_min_val_loss,s,validation,model_ce_neg,1.131526656448841
sim_vowels,EWT,0.0,,3,100,EWT_b0,training_ckp_epoch_112_min_val_loss,s,validation,model_decomposition_loss,0.7798210997134447
sim_vowels,EWT,0.0,,3,100,EWT_b0,training_ckp_epoch_112_min_val_loss,s,validation,model_prior_loss,0.0
sim_vowels,EWT,0.0,,3,100,EWT_b0,training_ckp_epoch_112_min_val_loss,s,validation,model_div_0_1,0.31752736773341894
sim_vowels,EWT,0.0,,3,100,EWT_b0,training_ckp_epoch_112_min_val_loss,s,validation,model_div_0_2,0.35873803216964006
sim_vowels,EWT,0.0,,3,100,EWT_b0,training_ckp_epoch_112_min_val_loss,s,validation,model_div_0_3,0.31026873271912336
sim_vowels,EWT,0.0,,3,100,EWT_b0,training_ckp_epoch_112_min_val_loss,s,validation,model_div_2_1,0.6811086721718311
sim_vowels,EWT,0.0,,3,100,EWT_b0,training_ckp_epoch_112_min_val_loss,s,validation,model_div_3_1,0.6914783287793398
sim_vowels,EWT,0.0,,3,100,EWT_b0,training_ckp_epoch_112_min_val_loss,s,validation,model_div_3_2,0.6914199776947498
sim_vowels,EWT,0.0,,3,100,EWT_b0,training_ckp_epoch_112_min_val_loss,s,validation,rate_per_frame,
sim_vowels,EWT,0.0,,3,100,EWT_b0,training_ckp_epoch_112_min_val_loss,s,validation,check_max_abs_diff,8.847191446115232e-08
sim_vowels,EWT,0.0,,3,100,EWT_b0,training_ckp_epoch_112_min_val_loss,z,test,n_utt,300.0
sim_vowels,EWT,0.0,,3,100,EWT_b0,training_ckp_epoch_112_min_val_loss,z,test,n_frames,30000.0
sim_vowels,EWT,0.0,,3,100,EWT_b0,training_ckp_epoch_112_min_val_loss,z,test,d_frame_div_0_1,0.003618622713430657
sim_vowels,EWT,0.0,,3,100,EWT_b0,training_ckp_epoch_112_min_val_loss,z,test,d_frame_div_0_2,0.0036588527654545806
sim_vowels,EWT,0.0,,3,100,EWT_b0,training_ckp_epoch_112_min_val_loss,z,test,d_frame_div_0_3,0.003710171000307528
sim_vowels,EWT,0.0,,3,100,EWT_b0,training_ckp_epoch_112_min_val_loss,z,test,d_frame_div_2_1,0.009441200275488927
sim_vowels,EWT,0.0,,3,100,EWT_b0,training_ckp_epoch_112_min_val_loss,z,test,d_frame_div_3_1,0.009501102389957548
sim_vowels,EWT,0.0,,3,100,EWT_b0,training_ckp_epoch_112_min_val_loss,z,test,d_frame_div_3_2,0.009573906240921653
sim_vowels,EWT,0.0,,3,100,EWT_b0,training_ckp_epoch_112_min_val_loss,z,test,d_recon,0.003662548826397588
sim_vowels,EWT,0.0,,3,100,EWT_b0,training_ckp_epoch_112_min_val_loss,z,test,d_ortho,0.009505402968789376
sim_vowels,EWT,0.0,,3,100,EWT_b0,training_ckp_epoch_112_min_val_loss,z,test,d_recon_norm,0.005283941028857493
sim_vowels,EWT,0.0,,3,100,EWT_b0,training_ckp_epoch_112_min_val_loss,z,test,d_ortho_norm,0.013713397724723663
sim_vowels,EWT,0.0,,3,100,EWT_b0,training_ckp_epoch_112_min_val_loss,z,test,d_recon_utt,0.3662548826397588
sim_vowels,EWT,0.0,,3,100,EWT_b0,training_ckp_epoch_112_min_val_loss,z,test,d_ortho_utt,0.925157437260849
sim_vowels,EWT,0.0,,3,100,EWT_b0,training_ckp_epoch_112_min_val_loss,z,test,clamp_frac_recon,0.0
sim_vowels,EWT,0.0,,3,100,EWT_b0,training_ckp_epoch_112_min_val_loss,z,test,clamp_frac_ortho,0.3111111111111111
sim_vowels,EWT,0.0,,3,100,EWT_b0,training_ckp_epoch_112_min_val_loss,z,test,model_div_pos,0.36633398658350896
sim_vowels,EWT,0.0,,3,100,EWT_b0,training_ckp_epoch_112_min_val_loss,z,test,model_div_neg,0.9254399632152758
sim_vowels,EWT,0.0,,3,100,EWT_b0,training_ckp_epoch_112_min_val_loss,z,test,model_ce_pos,1.3761157173859446
sim_vowels,EWT,0.0,,3,100,EWT_b0,training_ckp_epoch_112_min_val_loss,z,test,model_ce_neg,0.24573306474638612
sim_vowels,EWT,0.0,,3,100,EWT_b0,training_ckp_epoch_112_min_val_loss,z,test,model_decomposition_loss,0.5405621858019578
sim_vowels,EWT,0.0,,3,100,EWT_b0,training_ckp_epoch_112_min_val_loss,z,test,model_prior_loss,0.0
sim_vowels,EWT,0.0,,3,100,EWT_b0,training_ckp_epoch_112_min_val_loss,z,test,model_div_0_1,0.36208080931713704
sim_vowels,EWT,0.0,,3,100,EWT_b0,training_ckp_epoch_112_min_val_loss,z,test,model_div_0_2,0.36567488940138565
sim_vowels,EWT,0.0,,3,100,EWT_b0,training_ckp_epoch_112_min_val_loss,z,test,model_div_0_3,0.3712462343667683
sim_vowels,EWT,0.0,,3,100,EWT_b0,training_ckp_epoch_112_min_val_loss,z,test,model_div_2_1,0.9197358018473575
sim_vowels,EWT,0.0,,3,100,EWT_b0,training_ckp_epoch_112_min_val_loss,z,test,model_div_3_1,0.9250650154916864
sim_vowels,EWT,0.0,,3,100,EWT_b0,training_ckp_epoch_112_min_val_loss,z,test,model_div_3_2,0.9315190064279657
sim_vowels,EWT,0.0,,3,100,EWT_b0,training_ckp_epoch_112_min_val_loss,z,test,rate_per_frame,
sim_vowels,EWT,0.0,,3,100,EWT_b0,training_ckp_epoch_112_min_val_loss,z,test,check_max_abs_diff,4.107623819638029e-06
sim_vowels,EWT,0.0,,3,100,EWT_b0,training_ckp_epoch_112_min_val_loss,s,test,n_utt,300.0
sim_vowels,EWT,0.0,,3,100,EWT_b0,training_ckp_epoch_112_min_val_loss,s,test,n_frames,300.0
sim_vowels,EWT,0.0,,3,100,EWT_b0,training_ckp_epoch_112_min_val_loss,s,test,d_frame_div_0_1,0.32143652121180905
sim_vowels,EWT,0.0,,3,100,EWT_b0,training_ckp_epoch_112_min_val_loss,s,test,d_frame_div_0_2,0.3542814399116032
sim_vowels,EWT,0.0,,3,100,EWT_b0,training_ckp_epoch_112_min_val_loss,s,test,d_frame_div_0_3,0.30825011717412387
sim_vowels,EWT,0.0,,3,100,EWT_b0,training_ckp_epoch_112_min_val_loss,s,test,d_frame_div_2_1,0.6815825807610434
sim_vowels,EWT,0.0,,3,100,EWT_b0,training_ckp_epoch_112_min_val_loss,s,test,d_frame_div_3_1,0.6917069741385453
sim_vowels,EWT,0.0,,3,100,EWT_b0,training_ckp_epoch_112_min_val_loss,s,test,d_frame_div_3_2,0.6917055585265149
sim_vowels,EWT,0.0,,3,100,EWT_b0,training_ckp_epoch_112_min_val_loss,s,test,d_recon,0.32798935943251206
sim_vowels,EWT,0.0,,3,100,EWT_b0,training_ckp_epoch_112_min_val_loss,s,test,d_ortho,0.6883317044753678
sim_vowels,EWT,0.0,,3,100,EWT_b0,training_ckp_epoch_112_min_val_loss,s,test,d_recon_norm,0.4731886223176329
sim_vowels,EWT,0.0,,3,100,EWT_b0,training_ckp_epoch_112_min_val_loss,s,test,d_ortho_norm,0.9930527365332608
sim_vowels,EWT,0.0,,3,100,EWT_b0,training_ckp_epoch_112_min_val_loss,s,test,d_recon_utt,0.32798935943251206
sim_vowels,EWT,0.0,,3,100,EWT_b0,training_ckp_epoch_112_min_val_loss,s,test,d_ortho_utt,0.6883317044753678
sim_vowels,EWT,0.0,,3,100,EWT_b0,training_ckp_epoch_112_min_val_loss,s,test,clamp_frac_recon,0.0
sim_vowels,EWT,0.0,,3,100,EWT_b0,training_ckp_epoch_112_min_val_loss,s,test,clamp_frac_ortho,0.0
sim_vowels,EWT,0.0,,3,100,EWT_b0,training_ckp_epoch_112_min_val_loss,s,test,model_div_pos,0.3279153939924742
sim_vowels,EWT,0.0,,3,100,EWT_b0,training_ckp_epoch_112_min_val_loss,s,test,model_div_neg,0.6883451781774822
sim_vowels,EWT,0.0,,3,100,EWT_b0,training_ckp_epoch_112_min_val_loss,s,test,model_ce_pos,1.2043656298988743
sim_vowels,EWT,0.0,,3,100,EWT_b0,training_ckp_epoch_112_min_val_loss,s,test,model_ce_neg,1.123890939511751
sim_vowels,EWT,0.0,,3,100,EWT_b0,training_ckp_epoch_112_min_val_loss,s,test,model_decomposition_loss,0.7760079095238134
sim_vowels,EWT,0.0,,3,100,EWT_b0,training_ckp_epoch_112_min_val_loss,s,test,model_prior_loss,0.0
sim_vowels,EWT,0.0,,3,100,EWT_b0,training_ckp_epoch_112_min_val_loss,s,test,model_div_0_1,0.32146369940356206
sim_vowels,EWT,0.0,,3,100,EWT_b0,training_ckp_epoch_112_min_val_loss,s,test,model_div_0_2,0.3540953146783929
sim_vowels,EWT,0.0,,3,100,EWT_b0,training_ckp_epoch_112_min_val_loss,s,test,model_div_0_3,0.30818714593586166
sim_vowels,EWT,0.0,,3,100,EWT_b0,training_ckp_epoch_112_min_val_loss,s,test,model_div_2_1,0.6816102830987227
sim_vowels,EWT,0.0,,3,100,EWT_b0,training_ckp_epoch_112_min_val_loss,s,test,model_div_3_1,0.6917135684113753
sim_vowels,EWT,0.0,,3,100,EWT_b0,training_ckp_epoch_112_min_val_loss,s,test,model_div_3_2,0.6917116171435306
sim_vowels,EWT,0.0,,3,100,EWT_b0,training_ckp_epoch_112_min_val_loss,s,test,rate_per_frame,
sim_vowels,EWT,0.0,,3,100,EWT_b0,training_ckp_epoch_112_min_val_loss,s,test,check_max_abs_diff,9.676233381217259e-08
sim_vowels,EWT,0.1,,3,100,EWT_b0.1,training_ckp_epoch_109,z,validation,n_utt,500.0
sim_vowels,EWT,0.1,,3,100,EWT_b0.1,training_ckp_epoch_109,z,validation,n_frames,50000.0
sim_vowels,EWT,0.1,,3,100,EWT_b0.1,training_ckp_epoch_109,z,validation,d_frame_div_0_1,0.0034892822188809054
sim_vowels,EWT,0.1,,3,100,EWT_b0.1,training_ckp_epoch_109,z,validation,d_frame_div_0_2,0.003484800781974659
sim_vowels,EWT,0.1,,3,100,EWT_b0.1,training_ckp_epoch_109,z,validation,d_frame_div_0_3,0.0035283191034761285
sim_vowels,EWT,0.1,,3,100,EWT_b0.1,training_ckp_epoch_109,z,validation,d_frame_div_2_1,0.008682565752897163
sim_vowels,EWT,0.1,,3,100,EWT_b0.1,training_ckp_epoch_109,z,validation,d_frame_div_3_1,0.008746692669319595
sim_vowels,EWT,0.1,,3,100,EWT_b0.1,training_ckp_epoch_109,z,validation,d_frame_div_3_2,0.008776501300710558
sim_vowels,EWT,0.1,,3,100,EWT_b0.1,training_ckp_epoch_109,z,validation,d_recon,0.003500800701443897
sim_vowels,EWT,0.1,,3,100,EWT_b0.1,training_ckp_epoch_109,z,validation,d_ortho,0.00873525324097577
sim_vowels,EWT,0.1,,3,100,EWT_b0.1,training_ckp_epoch_109,z,validation,d_recon_norm,0.005050587811113715
sim_vowels,EWT,0.1,,3,100,EWT_b0.1,training_ckp_epoch_109,z,validation,d_ortho_norm,0.01260230653166499
sim_vowels,EWT,0.1,,3,100,EWT_b0.1,training_ckp_epoch_109,z,validation,d_recon_utt,0.3500800701443897
sim_vowels,EWT,0.1,,3,100,EWT_b0.1,training_ckp_epoch_109,z,validation,d_ortho_utt,0.8704437004053204
sim_vowels,EWT,0.1,,3,100,EWT_b0.1,training_ckp_epoch_109,z,validation,clamp_frac_recon,0.0
sim_vowels,EWT,0.1,,3,100,EWT_b0.1,training_ckp_epoch_109,z,validation,clamp_frac_ortho,0.07866666666666666
sim_vowels,EWT,0.1,,3,100,EWT_b0.1,training_ckp_epoch_109,z,validation,model_div_pos,0.3500888366252184
sim_vowels,EWT,0.1,,3,100,EWT_b0.1,training_ckp_epoch_109,z,validation,model_div_neg,0.8707008007913828
sim_vowels,EWT,0.1,,3,100,EWT_b0.1,training_ckp_epoch_109,z,validation,model_ce_pos,1.298970516771078
sim_vowels,EWT,0.1,,3,100,EWT_b0.1,training_ckp_epoch_109,z,validation,model_ce_neg,0.4316476881504059
sim_vowels,EWT,0.1,,3,100,EWT_b0.1,training_ckp_epoch_109,z,validation,model_decomposition_loss,0.5768150351941586
sim_vowels,EWT,0.1,,3,100,EWT_b0.1,training_ckp_epoch_109,z,validation,model_prior_loss,0.008035381091758609
sim_vowels,EWT,0.1,,3,100,EWT_b0.1,training_ckp_epoch_109,z,validation,model_div_0_1,0.3484309623017907
sim_vowels,EWT,0.1,,3,100,EWT_b0.1,training_ckp_epoch_109,z,validation,model_div_0_2,0.34888932202011347
sim_vowels,EWT,0.1,,3,100,EWT_b0.1,training_ckp_epoch_109,z,validation,model_div_0_3,0.3529462041333318
sim_vowels,EWT,0.1,,3,100,EWT_b0.1,training_ckp_epoch_109,z,validation,model_div_2_1,0.8654389586299658
sim_vowels,EWT,0.1,,3,100,EWT_b0.1,training_ckp_epoch_109,z,validation,model_div_3_1,0.8709613550454378
sim_vowels,EWT,0.1,,3,100,EWT_b0.1,training_ckp_epoch_109,z,validation,model_div_3_2,0.875702016055584
sim_vowels,EWT,0.1,,3,100,EWT_b0.1,training_ckp_epoch_109,z,validation,rate_per_frame,5.1426438987255095e-06
sim_vowels,EWT,0.1,,3,100,EWT_b0.1,training_ckp_epoch_109,z,validation,check_max_abs_diff,4.159422129945689e-06
sim_vowels,EWT,0.1,,3,100,EWT_b0.1,training_ckp_epoch_109,s,validation,n_utt,500.0
sim_vowels,EWT,0.1,,3,100,EWT_b0.1,training_ckp_epoch_109,s,validation,n_frames,500.0
sim_vowels,EWT,0.1,,3,100,EWT_b0.1,training_ckp_epoch_109,s,validation,d_frame_div_0_1,0.254333622690128
sim_vowels,EWT,0.1,,3,100,EWT_b0.1,training_ckp_epoch_109,s,validation,d_frame_div_0_2,0.5009759035730517
sim_vowels,EWT,0.1,,3,100,EWT_b0.1,training_ckp_epoch_109,s,validation,d_frame_div_0_3,0.21105091941072313
sim_vowels,EWT,0.1,,3,100,EWT_b0.1,training_ckp_epoch_109,s,validation,d_frame_div_2_1,0.5214075508580112
sim_vowels,EWT,0.1,,3,100,EWT_b0.1,training_ckp_epoch_109,s,validation,d_frame_div_3_1,0.6867120835566143
sim_vowels,EWT,0.1,,3,100,EWT_b0.1,training_ckp_epoch_109,s,validation,d_frame_div_3_2,0.6374486542092926
sim_vowels,EWT,0.1,,3,100,EWT_b0.1,training_ckp_epoch_109,s,validation,d_recon,0.32212014855796756
sim_vowels,EWT,0.1,,3,100,EWT_b0.1,training_ckp_epoch_109,s,validation,d_ortho,0.615189429541306
sim_vowels,EWT,0.1,,3,100,EWT_b0.1,training_ckp_epoch_109,s,validation,d_recon_norm,0.464721140894996
sim_vowels,EWT,0.1,,3,100,EWT_b0.1,training_ckp_epoch_109,s,validation,d_ortho_norm,0.8875307392065525
sim_vowels,EWT,0.1,,3,100,EWT_b0.1,training_ckp_epoch_109,s,validation,d_recon_utt,0.32212014855796756
sim_vowels,EWT,0.1,,3,100,EWT_b0.1,training_ckp_epoch_109,s,validation,d_ortho_utt,0.615189429541306
sim_vowels,EWT,0.1,,3,100,EWT_b0.1,training_ckp_epoch_109,s,validation,clamp_frac_recon,0.0
sim_vowels,EWT,0.1,,3,100,EWT_b0.1,training_ckp_epoch_109,s,validation,clamp_frac_ortho,0.0
sim_vowels,EWT,0.1,,3,100,EWT_b0.1,training_ckp_epoch_109,s,validation,model_div_pos,0.32207371573895216
sim_vowels,EWT,0.1,,3,100,EWT_b0.1,training_ckp_epoch_109,s,validation,model_div_neg,0.6153229456394911
sim_vowels,EWT,0.1,,3,100,EWT_b0.1,training_ckp_epoch_109,s,validation,model_ce_pos,1.2654695212841034
sim_vowels,EWT,0.1,,3,100,EWT_b0.1,training_ckp_epoch_109,s,validation,model_ce_neg,1.5505714602768421
sim_vowels,EWT,0.1,,3,100,EWT_b0.1,training_ckp_epoch_109,s,validation,model_decomposition_loss,0.9385864436626434
sim_vowels,EWT,0.1,,3,100,EWT_b0.1,training_ckp_epoch_109,s,validation,model_prior_loss,0.0062069762498140335
sim_vowels,EWT,0.1,,3,100,EWT_b0.1,training_ckp_epoch_109,s,validation,model_div_0_1,0.25386789720505476
sim_vowels,EWT,0.1,,3,100,EWT_b0.1,training_ckp_epoch_109,s,validation,model_div_0_2,0.5014776298776269
sim_vowels,EWT,0.1,,3,100,EWT_b0.1,training_ckp_epoch_109,s,validation,model_div_0_3,0.2108755805529654
sim_vowels,EWT,0.1,,3,100,EWT_b0.1,training_ckp_epoch_109,s,validation,model_div_2_1,0.5225655194371939
sim_vowels,EWT,0.1,,3,100,EWT_b0.1,training_ckp_epoch_109,s,validation,model_div_3_1,0.686740055680275
sim_vowels,EWT,0.1,,3,100,EWT_b0.1,training_ckp_epoch_109,s,validation,model_div_3_2,0.6366632077842951
sim_vowels,EWT,0.1,,3,100,EWT_b0.1,training_ckp_epoch_109,s,validation,rate_per_frame,9.931161999702454e-06
sim_vowels,EWT,0.1,,3,100,EWT_b0.1,training_ckp_epoch_109,s,validation,check_max_abs_diff,8.678250218441264e-08
sim_vowels,EWT,0.1,,3,100,EWT_b0.1,training_ckp_epoch_109,z,test,n_utt,300.0
sim_vowels,EWT,0.1,,3,100,EWT_b0.1,training_ckp_epoch_109,z,test,n_frames,30000.0
sim_vowels,EWT,0.1,,3,100,EWT_b0.1,training_ckp_epoch_109,z,test,d_frame_div_0_1,0.003462930059910433
sim_vowels,EWT,0.1,,3,100,EWT_b0.1,training_ckp_epoch_109,z,test,d_frame_div_0_2,0.0035163284977725823
sim_vowels,EWT,0.1,,3,100,EWT_b0.1,training_ckp_epoch_109,z,test,d_frame_div_0_3,0.0035599607860627943
sim_vowels,EWT,0.1,,3,100,EWT_b0.1,training_ckp_epoch_109,z,test,d_frame_div_2_1,0.008730428949875375
sim_vowels,EWT,0.1,,3,100,EWT_b0.1,training_ckp_epoch_109,z,test,d_frame_div_3_1,0.008812189570528296
sim_vowels,EWT,0.1,,3,100,EWT_b0.1,training_ckp_epoch_109,z,test,d_frame_div_3_2,0.008854112985454026
sim_vowels,EWT,0.1,,3,100,EWT_b0.1,training_ckp_epoch_109,z,test,d_recon,0.0035130731145819366
sim_vowels,EWT,0.1,,3,100,EWT_b0.1,training_ckp_epoch_109,z,test,d_ortho,0.008798910501952566
sim_vowels,EWT,0.1,,3,100,EWT_b0.1,training_ckp_epoch_109,z,test,d_recon_norm,0.005068293160687705
sim_vowels,EWT,0.1,,3,100,EWT_b0.1,training_ckp_epoch_109,z,test,d_ortho_norm,0.012694144546392788
sim_vowels,EWT,0.1,,3,100,EWT_b0.1,training_ckp_epoch_109,z,test,d_recon_utt,0.35130731145819366
sim_vowels,EWT,0.1,,3,100,EWT_b0.1,training_ckp_epoch_109,z,test,d_ortho_utt,0.8722770501754318
sim_vowels,EWT,0.1,,3,100,EWT_b0.1,training_ckp_epoch_109,z,test,clamp_frac_recon,0.0
sim_vowels,EWT,0.1,,3,100,EWT_b0.1,training_ckp_epoch_109,z,test,clamp_frac_ortho,0.12777777777777777
sim_vowels,EWT,0.1,,3,100,EWT_b0.1,training_ckp_epoch_109,z,test,model_div_pos,0.3513789286738948
sim_vowels,EWT,0.1,,3,100,EWT_b0.1,training_ckp_epoch_109,z,test,model_div_neg,0.8726766893738195
sim_vowels,EWT,0.1,,3,100,EWT_b0.1,training_ckp_epoch_109,z,test,model_ce_pos,1.3063905615555613
sim_vowels,EWT,0.1,,3,100,EWT_b0.1,training_ckp_epoch_109,z,test,model_ce_neg,0.4289385492080136
sim_vowels,EWT,0.1,,3,100,EWT_b0.1,training_ckp_epoch_109,z,test,model_decomposition_loss,0.5783851899598774
sim_vowels,EWT,0.1,,3,100,EWT_b0.1,training_ckp_epoch_109,z,test,model_prior_loss,0.008072900536813234
sim_vowels,EWT,0.1,,3,100,EWT_b0.1,training_ckp_epoch_109,z,test,model_div_0_1,0.3464289244852568
sim_vowels,EWT,0.1,,3,100,EWT_b0.1,training_ckp_epoch_109,z,test,model_div_0_2,0.3515072370830335
sim_vowels,EWT,0.1,,3,100,EWT_b0.1,training_ckp_epoch_109,z,test,model_div_0_3,0.3562005930825284
sim_vowels,EWT,0.1,,3,100,EWT_b0.1,training_ckp_epoch_109,z,test,model_div_2_1,0.8658877611160278
sim_vowels,EWT,0.1,,3,100,EWT_b0.1,training_ckp_epoch_109,z,test,model_div_3_1,0.8744304650708249
sim_vowels,EWT,0.1,,3,100,EWT_b0.1,training_ckp_epoch_109,z,test,model_div_3_2,0.877711766644528
sim_vowels,EWT,0.1,,3,100,EWT_b0.1,training_ckp_epoch_109,z,test,rate_per_frame,5.112837006648382e-06
sim_vowels,EWT,0.1,,3,100,EWT_b0.1,training_ckp_epoch_109,z,test,check_max_abs_diff,4.163270357460114e-06
sim_vowels,EWT,0.1,,3,100,EWT_b0.1,training_ckp_epoch_109,s,test,n_utt,300.0
sim_vowels,EWT,0.1,,3,100,EWT_b0.1,training_ckp_epoch_109,s,test,n_frames,300.0
sim_vowels,EWT,0.1,,3,100,EWT_b0.1,training_ckp_epoch_109,s,test,d_frame_div_0_1,0.2616669647614014
sim_vowels,EWT,0.1,,3,100,EWT_b0.1,training_ckp_epoch_109,s,test,d_frame_div_0_2,0.5015983250199534
sim_vowels,EWT,0.1,,3,100,EWT_b0.1,training_ckp_epoch_109,s,test,d_frame_div_0_3,0.20079994867149653
sim_vowels,EWT,0.1,,3,100,EWT_b0.1,training_ckp_epoch_109,s,test,d_frame_div_2_1,0.5183460653335095
sim_vowels,EWT,0.1,,3,100,EWT_b0.1,training_ckp_epoch_109,s,test,d_frame_div_3_1,0.6881512174114622
sim_vowels,EWT,0.1,,3,100,EWT_b0.1,training_ckp_epoch_109,s,test,d_frame_div_3_2,0.6367586474164529
sim_vowels,EWT,0.1,,3,100,EWT_b0.1,training_ckp_epoch_109,s,test,d_recon,0.32135507948428377
sim_vowels,EWT,0.1,,3,100,EWT_b0.1,training_ckp_epoch_109,s,test,d_ortho,0.6144186433871417
sim_vowels,EWT,0.1,,3,100,EWT_b0.1,training_ckp_epoch_109,s,test,d_recon_norm,0.4636173795364549
sim_vowels,EWT,0.1,,3,100,EWT_b0.1,training_ckp_epoch_109,s,test,d_ortho_norm,0.8864187298443539
sim_vowels,EWT,0.1,,3,100,EWT_b0.1,training_ckp_epoch_109,s,test,d_recon_utt,0.32135507948428377
sim_vowels,EWT,0.1,,3,100,EWT_b0.1,training_ckp_epoch_109,s,test,d_ortho_utt,0.6144186433871417
sim_vowels,EWT,0.1,,3,100,EWT_b0.1,training_ckp_epoch_109,s,test,clamp_frac_recon,0.0
sim_vowels,EWT,0.1,,3,100,EWT_b0.1,training_ckp_epoch_109,s,test,clamp_frac_ortho,0.0
sim_vowels,EWT,0.1,,3,100,EWT_b0.1,training_ckp_epoch_109,s,test,model_div_pos,0.3213987758285121
sim_vowels,EWT,0.1,,3,100,EWT_b0.1,training_ckp_epoch_109,s,test,model_div_neg,0.6144361213633889
sim_vowels,EWT,0.1,,3,100,EWT_b0.1,training_ckp_epoch_109,s,test,model_ce_pos,1.259951679330123
sim_vowels,EWT,0.1,,3,100,EWT_b0.1,training_ckp_epoch_109,s,test,model_ce_neg,1.5763058034997237
sim_vowels,EWT,0.1,,3,100,EWT_b0.1,training_ckp_epoch_109,s,test,model_decomposition_loss,0.945324602879976
sim_vowels,EWT,0.1,,3,100,EWT_b0.1,training_ckp_epoch_109,s,test,model_prior_loss,0.006202537762491326
sim_vowels,EWT,0.1,,3,100,EWT_b0.1,training_ckp_epoch_109,s,test,model_div_0_1,0.26190625052703054
sim_vowels,EWT,0.1,,3,100,EWT_b0.1,training_ckp_epoch_109,s,test,model_div_0_2,0.5017483140292921
sim_vowels,EWT,0.1,,3,100,EWT_b0.1,training_ckp_epoch_109,s,test,model_div_0_3,0.2005417260684465
sim_vowels,EWT,0.1,,3,100,EWT_b0.1,training_ckp_epoch_109,s,test,model_div_2_1,0.5181346519997245
sim_vowels,EWT,0.1,,3,100,EWT_b0.1,training_ckp_epoch_109,s,test,model_div_3_1,0.6881562690985831
sim_vowels,EWT,0.1,,3,100,EWT_b0.1,training_ckp_epoch_109,s,test,model_div_3_2,0.6370173880928441
sim_vowels,EWT,0.1,,3,100,EWT_b0.1,training_ckp_epoch_109,s,test,rate_per_frame,9.820684790611266e-06
sim_vowels,EWT,0.1,,3,100,EWT_b0.1,training_ckp_epoch_109,s,test,check_max_abs_diff,9.271815071265621e-08
sim_vowels,EWT,1.0,,3,100,EWT_b1,training_ckp_epoch_110_min_val_loss,z,validation,n_utt,500.0
sim_vowels,EWT,1.0,,3,100,EWT_b1,training_ckp_epoch_110_min_val_loss,z,validation,n_frames,50000.0
sim_vowels,EWT,1.0,,3,100,EWT_b1,training_ckp_epoch_110_min_val_loss,z,validation,d_frame_div_0_1,0.004053416230666091
sim_vowels,EWT,1.0,,3,100,EWT_b1,training_ckp_epoch_110_min_val_loss,z,validation,d_frame_div_0_2,0.004122748956720349
sim_vowels,EWT,1.0,,3,100,EWT_b1,training_ckp_epoch_110_min_val_loss,z,validation,d_frame_div_0_3,0.004094764043102805
sim_vowels,EWT,1.0,,3,100,EWT_b1,training_ckp_epoch_110_min_val_loss,z,validation,d_frame_div_2_1,0.008689327853147712
sim_vowels,EWT,1.0,,3,100,EWT_b1,training_ckp_epoch_110_min_val_loss,z,validation,d_frame_div_3_1,0.008690871685880642
sim_vowels,EWT,1.0,,3,100,EWT_b1,training_ckp_epoch_110_min_val_loss,z,validation,d_frame_div_3_2,0.00879616418833446
sim_vowels,EWT,1.0,,3,100,EWT_b1,training_ckp_epoch_110_min_val_loss,z,validation,d_recon,0.004090309743496415
sim_vowels,EWT,1.0,,3,100,EWT_b1,training_ckp_epoch_110_min_val_loss,z,validation,d_ortho,0.008725454575787604
sim_vowels,EWT,1.0,,3,100,EWT_b1,training_ckp_epoch_110_min_val_loss,z,validation,d_recon_norm,0.005901069582642086
sim_vowels,EWT,1.0,,3,100,EWT_b1,training_ckp_epoch_110_min_val_loss,z,validation,d_ortho_norm,0.01258817004599069
sim_vowels,EWT,1.0,,3,100,EWT_b1,training_ckp_epoch_110_min_val_loss,z,validation,d_recon_utt,0.40903097434964153
sim_vowels,EWT,1.0,,3,100,EWT_b1,training_ckp_epoch_110_min_val_loss,z,validation,d_ortho_utt,0.8597610550892326
sim_vowels,EWT,1.0,,3,100,EWT_b1,training_ckp_epoch_110_min_val_loss,z,validation,clamp_frac_recon,0.0
sim_vowels,EWT,1.0,,3,100,EWT_b1,training_ckp_epoch_110_min_val_loss,z,validation,clamp_frac_ortho,0.16666666666666666
sim_vowels,EWT,1.0,,3,100,EWT_b1,training_ckp_epoch_110_min_val_loss,z,validation,model_div_pos,0.40872705075889826
sim_vowels,EWT,1.0,,3,100,EWT_b1,training_ckp_epoch_110_min_val_loss,z,validation,model_div_neg,0.8586757108569145
sim_vowels,EWT,1.0,,3,100,EWT_b1,training_ckp_epoch_110_min_val_loss,z,validation,model_ce_pos,1.6005973741412163
sim_vowels,EWT,1.0,,3,100,EWT_b1,training_ckp_epoch_110_min_val_loss,z,validation,model_ce_neg,0.4884106405079365
sim_vowels,EWT,1.0,,3,100,EWT_b1,training_ckp_epoch_110_min_val_loss,z,validation,model_decomposition_loss,0.6962663568556309
sim_vowels,EWT,1.0,,3,100,EWT_b1,training_ckp_epoch_110_min_val_loss,z,validation,model_prior_loss,0.02060219645500183
sim_vowels,EWT,1.0,,3,100,EWT_b1,training_ckp_epoch_110_min_val_loss,z,validation,model_div_0_1,0.4050310477614403
sim_vowels,EWT,1.0,,3,100,EWT_b1,training_ckp_epoch_110_min_val_loss,z,validation,model_div_0_2,0.41227217204868793
sim_vowels,EWT,1.0,,3,100,EWT_b1,training_ckp_epoch_110_min_val_loss,z,validation,model_div_0_3,0.40887789241969585
sim_vowels,EWT,1.0,,3,100,EWT_b1,training_ckp_epoch_110_min_val_loss,z,validation,model_div_2_1,0.8563093282282352
sim_vowels,EWT,1.0,,3,100,EWT_b1,training_ckp_epoch_110_min_val_loss,z,validation,model_div_3_1,0.8541660029441118
sim_vowels,EWT,1.0,,3,100,EWT_b1,training_ckp_epoch_110_min_val_loss,z,validation,model_div_3_2,0.8655517622828484
sim_vowels,EWT,1.0,,3,100,EWT_b1,training_ckp_epoch_110_min_val_loss,z,validation,rate_per_frame,1.3185405731201172e-06
sim_vowels,EWT,1.0,,3,100,EWT_b1,training_ckp_epoch_110_min_val_loss,z,validation,check_max_abs_diff,4.1501867701354556e-06
sim_vowels,EWT,1.0,,3,100,EWT_b1,training_ckp_epoch_110_min_val_loss,s,validation,n_utt,500.0
sim_vowels,EWT,1.0,,3,100,EWT_b1,training_ckp_epoch_110_min_val_loss,s,validation,n_frames,500.0
sim_vowels,EWT,1.0,,3,100,EWT_b1,training_ckp_epoch_110_min_val_loss,s,validation,d_frame_div_0_1,0.3292425966134623
sim_vowels,EWT,1.0,,3,100,EWT_b1,training_ckp_epoch_110_min_val_loss,s,validation,d_frame_div_0_2,0.2995727161100269
sim_vowels,EWT,1.0,,3,100,EWT_b1,training_ckp_epoch_110_min_val_loss,s,validation,d_frame_div_0_3,0.27973512129829736
sim_vowels,EWT,1.0,,3,100,EWT_b1,training_ckp_epoch_110_min_val_loss,s,validation,d_frame_div_2_1,0.6196341261002626
sim_vowels,EWT,1.0,,3,100,EWT_b1,training_ckp_epoch_110_min_val_loss,s,validation,d_frame_div_3_1,0.6890778360920837
sim_vowels,EWT,1.0,,3,100,EWT_b1,training_ckp_epoch_110_min_val_loss,s,validation,d_frame_div_3_2,0.6611701789995427
sim_vowels,EWT,1.0,,3,100,EWT_b1,training_ckp_epoch_110_min_val_loss,s,validation,d_recon,0.30285014467392884
sim_vowels,EWT,1.0,,3,100,EWT_b1,training_ckp_epoch_110_min_val_loss,s,validation,d_ortho,0.6566273803972964
sim_vowels,EWT,1.0,,3,100,EWT_b1,training_ckp_epoch_110_min_val_loss,s,validation,d_recon_norm,0.4369204018535823
sim_vowels,EWT,1.0,,3,100,EWT_b1,training_ckp_epoch_110_min_val_loss,s,validation,d_ortho_norm,0.9473130654110905
sim_vowels,EWT,1.0,,3,100,EWT_b1,training_ckp_epoch_110_min_val_loss,s,validation,d_recon_utt,0.30285014467392884
sim_vowels,EWT,1.0,,3,100,EWT_b1,training_ckp_epoch_110_min_val_loss,s,validation,d_ortho_utt,0.6566273803972964
sim_vowels,EWT,1.0,,3,100,EWT_b1,training_ckp_epoch_110_min_val_loss,s,validation,clamp_frac_recon,0.0
sim_vowels,EWT,1.0,,3,100,EWT_b1,training_ckp_epoch_110_min_val_loss,s,validation,clamp_frac_ortho,0.0
sim_vowels,EWT,1.0,,3,100,EWT_b1,training_ckp_epoch_110_min_val_loss,s,validation,model_div_pos,0.30283531825989485
sim_vowels,EWT,1.0,,3,100,EWT_b1,training_ckp_epoch_110_min_val_loss,s,validation,model_div_neg,0.6568577084690332
sim_vowels,EWT,1.0,,3,100,EWT_b1,training_ckp_epoch_110_min_val_loss,s,validation,model_ce_pos,1.08821776881814
sim_vowels,EWT,1.0,,3,100,EWT_b1,training_ckp_epoch_110_min_val_loss,s,validation,model_ce_neg,1.4492393359541893
sim_vowels,EWT,1.0,,3,100,EWT_b1,training_ckp_epoch_110_min_val_loss,s,validation,model_decomposition_loss,0.8457344360649586
sim_vowels,EWT,1.0,,3,100,EWT_b1,training_ckp_epoch_110_min_val_loss,s,validation,model_prior_loss,0.043765269219875336
sim_vowels,EWT,1.0,,3,100,EWT_b1,training_ckp_epoch_110_min_val_loss,s,validation,model_div_0_1,0.32897920440882444
sim_vowels,EWT,1.0,,3,100,EWT_b1,training_ckp_epoch_110_min_val_loss,s,validation,model_div_0_2,0.2996148858219385
sim_vowels,EWT,1.0,,3,100,EWT_b1,training_ckp_epoch_110_min_val_loss,s,validation,model_div_0_3,0.2799118421971798
sim_vowels,EWT,1.0,,3,100,EWT_b1,training_ckp_epoch_110_min_val_loss,s,validation,model_div_2_1,0.6203377805650234
sim_vowels,EWT,1.0,,3,100,EWT_b1,training_ckp_epoch_110_min_val_loss,s,validation,model_div_3_1,0.689071923494339
sim_vowels,EWT,1.0,,3,100,EWT_b1,training_ckp_epoch_110_min_val_loss,s,validation,model_div_3_2,0.6611633617430925
sim_vowels,EWT,1.0,,3,100,EWT_b1,training_ckp_epoch_110_min_val_loss,s,validation,rate_per_frame,7.0024430751800535e-06
sim_vowels,EWT,1.0,,3,100,EWT_b1,training_ckp_epoch_110_min_val_loss,s,validation,check_max_abs_diff,9.381507648509313e-08
sim_vowels,EWT,1.0,,3,100,EWT_b1,training_ckp_epoch_110_min_val_loss,z,test,n_utt,300.0
sim_vowels,EWT,1.0,,3,100,EWT_b1,training_ckp_epoch_110_min_val_loss,z,test,n_frames,30000.0
sim_vowels,EWT,1.0,,3,100,EWT_b1,training_ckp_epoch_110_min_val_loss,z,test,d_frame_div_0_1,0.004080850287016025
sim_vowels,EWT,1.0,,3,100,EWT_b1,training_ckp_epoch_110_min_val_loss,z,test,d_frame_div_0_2,0.004185538739920191
sim_vowels,EWT,1.0,,3,100,EWT_b1,training_ckp_epoch_110_min_val_loss,z,test,d_frame_div_0_3,0.0041662989932189426
sim_vowels,EWT,1.0,,3,100,EWT_b1,training_ckp_epoch_110_min_val_loss,z,test,d_frame_div_2_1,0.0088830155973578
sim_vowels,EWT,1.0,,3,100,EWT_b1,training_ckp_epoch_110_min_val_loss,z,test,d_frame_div_3_1,0.008866997852039276
sim_vowels,EWT,1.0,,3,100,EWT_b1,training_ckp_epoch_110_min_val_loss,z,test,d_frame_div_3_2,0.008931303830188347
sim_vowels,EWT,1.0,,3,100,EWT_b1,training_ckp_epoch_110_min_val_loss,z,test,d_recon,0.00414422934005172
sim_vowels,EWT,1.0,,3,100,EWT_b1,training_ckp_epoch_110_min_val_loss,z,test,d_ortho,0.008893772426528473
sim_vowels,EWT,1.0,,3,100,EWT_b1,training_ckp_epoch_110_min_val_loss,z,test,d_recon_norm,0.005978859117199159
sim_vowels,EWT,1.0,,3,100,EWT_b1,training_ckp_epoch_110_min_val_loss,z,test,d_ortho_norm,0.012831001374547632
sim_vowels,EWT,1.0,,3,100,EWT_b1,training_ckp_epoch_110_min_val_loss,z,test,d_recon_utt,0.414422934005172
sim_vowels,EWT,1.0,,3,100,EWT_b1,training_ckp_epoch_110_min_val_loss,z,test,d_ortho_utt,0.8660949409098427
sim_vowels,EWT,1.0,,3,100,EWT_b1,training_ckp_epoch_110_min_val_loss,z,test,clamp_frac_recon,0.0
sim_vowels,EWT,1.0,,3,100,EWT_b1,training_ckp_epoch_110_min_val_loss,z,test,clamp_frac_ortho,0.2288888888888889
sim_vowels,EWT,1.0,,3,100,EWT_b1,training_ckp_epoch_110_min_val_loss,z,test,model_div_pos,0.4142350507409949
sim_vowels,EWT,1.0,,3,100,EWT_b1,training_ckp_epoch_110_min_val_loss,z,test,model_div_neg,0.8658331977693658
sim_vowels,EWT,1.0,,3,100,EWT_b1,training_ckp_epoch_110_min_val_loss,z,test,model_ce_pos,1.633395753408733
sim_vowels,EWT,1.0,,3,100,EWT_b1,training_ckp_epoch_110_min_val_loss,z,test,model_ce_neg,0.46420103154684367
sim_vowels,EWT,1.0,,3,100,EWT_b1,training_ckp_epoch_110_min_val_loss,z,test,model_decomposition_loss,0.6991289885420549
sim_vowels,EWT,1.0,,3,100,EWT_b1,training_ckp_epoch_110_min_val_loss,z,test,model_prior_loss,0.02131296223715732
sim_vowels,EWT,1.0,,3,100,EWT_b1,training_ckp_epoch_110_min_val_loss,z,test,model_div_0_1,0.40827993970168264
sim_vowels,EWT,1.0,,3,100,EWT_b1,training_ckp_epoch_110_min_val_loss,z,test,model_div_0_2,0.41806368765078095
sim_vowels,EWT,1.0,,3,100,EWT_b1,training_ckp_epoch_110_min_val_loss,z,test,model_div_0_3,0.41636148565693903
sim_vowels,EWT,1.0,,3,100,EWT_b1,training_ckp_epoch_110_min_val_loss,z,test,model_div_2_1,0.8667575967939276
sim_vowels,EWT,1.0,,3,100,EWT_b1,training_ckp_epoch_110_min_val_loss,z,test,model_div_3_1,0.8630607284997639
sim_vowels,EWT,1.0,,3,100,EWT_b1,training_ckp_epoch_110_min_val_loss,z,test,model_div_3_2,0.8676812052726746
sim_vowels,EWT,1.0,,3,100,EWT_b1,training_ckp_epoch_110_min_val_loss,z,test,rate_per_frame,1.3498209416866303e-06
sim_vowels,EWT,1.0,,3,100,EWT_b1,training_ckp_epoch_110_min_val_loss,z,test,check_max_abs_diff,4.169024571010205e-06
sim_vowels,EWT,1.0,,3,100,EWT_b1,training_ckp_epoch_110_min_val_loss,s,test,n_utt,300.0
sim_vowels,EWT,1.0,,3,100,EWT_b1,training_ckp_epoch_110_min_val_loss,s,test,n_frames,300.0
sim_vowels,EWT,1.0,,3,100,EWT_b1,training_ckp_epoch_110_min_val_loss,s,test,d_frame_div_0_1,0.3312051831698359
sim_vowels,EWT,1.0,,3,100,EWT_b1,training_ckp_epoch_110_min_val_loss,s,test,d_frame_div_0_2,0.2972514361815016
sim_vowels,EWT,1.0,,3,100,EWT_b1,training_ckp_epoch_110_min_val_loss,s,test,d_frame_div_0_3,0.27735465686422855
sim_vowels,EWT,1.0,,3,100,EWT_b1,training_ckp_epoch_110_min_val_loss,s,test,d_frame_div_2_1,0.6194205245734944
sim_vowels,EWT,1.0,,3,100,EWT_b1,training_ckp_epoch_110_min_val_loss,s,test,d_frame_div_3_1,0.6891733970147491
sim_vowels,EWT,1.0,,3,100,EWT_b1,training_ckp_epoch_110_min_val_loss,s,test,d_frame_div_3_2,0.6615177002856915
sim_vowels,EWT,1.0,,3,100,EWT_b1,training_ckp_epoch_110_min_val_loss,s,test,d_recon,0.3019370920718553
sim_vowels,EWT,1.0,,3,100,EWT_b1,training_ckp_epoch_110_min_val_loss,s,test,d_ortho,0.6567038739579784
sim_vowels,EWT,1.0,,3,100,EWT_b1,training_ckp_epoch_110_min_val_loss,s,test,d_recon_norm,0.43560314539250006
sim_vowels,EWT,1.0,,3,100,EWT_b1,training_ckp_epoch_110_min_val_loss,s,test,d_ortho_norm,0.9474234222917463
sim_vowels,EWT,1.0,,3,100,EWT_b1,training_ckp_epoch_110_min_val_loss,s,test,d_recon_utt,0.3019370920718553
sim_vowels,EWT,1.0,,3,100,EWT_b1,training_ckp_epoch_110_min_val_loss,s,test,d_ortho_utt,0.6567038739579784
sim_vowels,EWT,1.0,,3,100,EWT_b1,training_ckp_epoch_110_min_val_loss,s,test,clamp_frac_recon,0.0
sim_vowels,EWT,1.0,,3,100,EWT_b1,training_ckp_epoch_110_min_val_loss,s,test,clamp_frac_ortho,0.0
sim_vowels,EWT,1.0,,3,100,EWT_b1,training_ckp_epoch_110_min_val_loss,s,test,model_div_pos,0.3018742799758911
sim_vowels,EWT,1.0,,3,100,EWT_b1,training_ckp_epoch_110_min_val_loss,s,test,model_div_neg,0.6566504553744668
sim_vowels,EWT,1.0,,3,100,EWT_b1,training_ckp_epoch_110_min_val_loss,s,test,model_ce_pos,1.0842407941818237
sim_vowels,EWT,1.0,,3,100,EWT_b1,training_ckp_epoch_110_min_val_loss,s,test,model_ce_neg,1.424500070120159
sim_vowels,EWT,1.0,,3,100,EWT_b1,training_ckp_epoch_110_min_val_loss,s,test,model_decomposition_loss,0.8361633137652749
sim_vowels,EWT,1.0,,3,100,EWT_b1,training_ckp_epoch_110_min_val_loss,s,test,model_prior_loss,0.043483156906931025
sim_vowels,EWT,1.0,,3,100,EWT_b1,training_ckp_epoch_110_min_val_loss,s,test,model_div_0_1,0.33085215875976964
sim_vowels,EWT,1.0,,3,100,EWT_b1,training_ckp_epoch_110_min_val_loss,s,test,model_div_0_2,0.29730307428460373
sim_vowels,EWT,1.0,,3,100,EWT_b1,training_ckp_epoch_110_min_val_loss,s,test,model_div_0_3,0.27746758021806417
sim_vowels,EWT,1.0,,3,100,EWT_b1,training_ckp_epoch_110_min_val_loss,s,test,model_div_2_1,0.6192731418107685
sim_vowels,EWT,1.0,,3,100,EWT_b1,training_ckp_epoch_110_min_val_loss,s,test,model_div_3_1,0.6891618967056274
sim_vowels,EWT,1.0,,3,100,EWT_b1,training_ckp_epoch_110_min_val_loss,s,test,model_div_3_2,0.6615162334944072
sim_vowels,EWT,1.0,,3,100,EWT_b1,training_ckp_epoch_110_min_val_loss,s,test,rate_per_frame,6.884833176930746e-06
sim_vowels,EWT,1.0,,3,100,EWT_b1,training_ckp_epoch_110_min_val_loss,s,test,check_max_abs_diff,8.929295092219292e-08
sim_vowels,EWT,5.0,,3,100,EWT_b5,training_ckp_epoch_108_min_val_loss,z,validation,n_utt,500.0
sim_vowels,EWT,5.0,,3,100,EWT_b5,training_ckp_epoch_108_min_val_loss,z,validation,n_frames,50000.0
sim_vowels,EWT,5.0,,3,100,EWT_b5,training_ckp_epoch_108_min_val_loss,z,validation,d_frame_div_0_1,0.0041100670563347695
sim_vowels,EWT,5.0,,3,100,EWT_b5,training_ckp_epoch_108_min_val_loss,z,validation,d_frame_div_0_2,0.004131827906585343
sim_vowels,EWT,5.0,,3,100,EWT_b5,training_ckp_epoch_108_min_val_loss,z,validation,d_frame_div_0_3,0.004081779863241504
sim_vowels,EWT,5.0,,3,100,EWT_b5,training_ckp_epoch_108_min_val_loss,z,validation,d_frame_div_2_1,0.00805555961788227
sim_vowels,EWT,5.0,,3,100,EWT_b5,training_ckp_epoch_108_min_val_loss,z,validation,d_frame_div_3_1,0.008029790801594475
sim_vowels,EWT,5.0,,3,100,EWT_b5,training_ckp_epoch_108_min_val_loss,z,validation,d_frame_div_3_2,0.008085593729486529
sim_vowels,EWT,5.0,,3,100,EWT_b5,training_ckp_epoch_108_min_val_loss,z,validation,d_recon,0.00410789160872054
sim_vowels,EWT,5.0,,3,100,EWT_b5,training_ckp_epoch_108_min_val_loss,z,validation,d_ortho,0.008056981382987757
sim_vowels,EWT,5.0,,3,100,EWT_b5,training_ckp_epoch_108_min_val_loss,z,validation,d_recon_norm,0.005926434852410509
sim_vowels,EWT,5.0,,3,100,EWT_b5,training_ckp_epoch_108_min_val_loss,z,validation,d_ortho_norm,0.01162376708577114
sim_vowels,EWT,5.0,,3,100,EWT_b5,training_ckp_epoch_108_min_val_loss,z,validation,d_recon_utt,0.41078916087205397
sim_vowels,EWT,5.0,,3,100,EWT_b5,training_ckp_epoch_108_min_val_loss,z,validation,d_ortho_utt,0.7928903503700109
sim_vowels,EWT,5.0,,3,100,EWT_b5,training_ckp_epoch_108_min_val_loss,z,validation,clamp_frac_recon,0.0
sim_vowels,EWT,5.0,,3,100,EWT_b5,training_ckp_epoch_108_min_val_loss,z,validation,clamp_frac_ortho,0.11933333333333333
sim_vowels,EWT,5.0,,3,100,EWT_b5,training_ckp_epoch_108_min_val_loss,z,validation,model_div_pos,0.4104319280013442
sim_vowels,EWT,5.0,,3,100,EWT_b5,training_ckp_epoch_108_min_val_loss,z,validation,model_div_neg,0.7914937846362591
sim_vowels,EWT,5.0,,3,100,EWT_b5,training_ckp_epoch_108_min_val_loss,z,validation,model_ce_pos,1.6424190513789654
sim_vowels,EWT,5.0,,3,100,EWT_b5,training_ckp_epoch_108_min_val_loss,z,validation,model_ce_neg,0.755484651774168
sim_vowels,EWT,5.0,,3,100,EWT_b5,training_ckp_epoch_108_min_val_loss,z,validation,model_decomposition_loss,0.7992212921380997
sim_vowels,EWT,5.0,,3,100,EWT_b5,training_ckp_epoch_108_min_val_loss,z,validation,model_prior_loss,0.06951920222491026
sim_vowels,EWT,5.0,,3,100,EWT_b5,training_ckp_epoch_108_min_val_loss,z,validation,model_div_0_1,0.40992759820073843
sim_vowels,EWT,5.0,,3,100,EWT_b5,training_ckp_epoch_108_min_val_loss,z,validation,model_div_0_2,0.4136612247675657
sim_vowels,EWT,5.0,,3,100,EWT_b5,training_ckp_epoch_108_min_val_loss,z,validation,model_div_0_3,0.4077069303020835
sim_vowels,EWT,5.0,,3,100,EWT_b5,training_ckp_epoch_108_min_val_loss,z,validation,model_div_2_1,0.7923128008842468
sim_vowels,EWT,5.0,,3,100,EWT_b5,training_ckp_epoch_108_min_val_loss,z,validation,model_div_3_1,0.7876005452126265
sim_vowels,EWT,5.0,,3,100,EWT_b5,training_ckp_epoch_108_min_val_loss,z,validation,model_div_3_2,0.7945679631084204
sim_vowels,EWT,5.0,,3,100,EWT_b5,training_ckp_epoch_108_min_val_loss,z,validation,rate_per_frame,8.898457884788513e-07
sim_vowels,EWT,5.0,,3,100,EWT_b5,training_ckp_epoch_108_min_val_loss,z,validation,check_max_abs_diff,4.209448286884854e-06
sim_vowels,EWT,5.0,,3,100,EWT_b5,training_ckp_epoch_108_min_val_loss,s,validation,n_utt,500.0
sim_vowels,EWT,5.0,,3,100,EWT_b5,training_ckp_epoch_108_min_val_loss,s,validation,n_frames,500.0
sim_vowels,EWT,5.0,,3,100,EWT_b5,training_ckp_epoch_108_min_val_loss,s,validation,d_frame_div_0_1,0.311515114675199
sim_vowels,EWT,5.0,,3,100,EWT_b5,training_ckp_epoch_108_min_val_loss,s,validation,d_frame_div_0_2,0.20069992165368927
sim_vowels,EWT,5.0,,3,100,EWT_b5,training_ckp_epoch_108_min_val_loss,s,validation,d_frame_div_0_3,0.21795699641505847
sim_vowels,EWT,5.0,,3,100,EWT_b5,training_ckp_epoch_108_min_val_loss,s,validation,d_frame_div_2_1,0.4958454713498222
sim_vowels,EWT,5.0,,3,100,EWT_b5,training_ckp_epoch_108_min_val_loss,s,validation,d_frame_div_3_1,0.6779924051311509
sim_vowels,EWT,5.0,,3,100,EWT_b5,training_ckp_epoch_108_min_val_loss,s,validation,d_frame_div_3_2,0.4966134706005671
sim_vowels,EWT,5.0,,3,100,EWT_b5,training_ckp_epoch_108_min_val_loss,s,validation,d_recon,0.2433906775813156
sim_vowels,EWT,5.0,,3,100,EWT_b5,training_ckp_epoch_108_min_val_loss,s,validation,d_ortho,0.5568171156938467
sim_vowels,EWT,5.0,,3,100,EWT_b5,training_ckp_epoch_108_min_val_loss,s,validation,d_recon_norm,0.3511385235451686
sim_vowels,EWT,5.0,,3,100,EWT_b5,training_ckp_epoch_108_min_val_loss,s,validation,d_ortho_norm,0.8033172914936089
sim_vowels,EWT,5.0,,3,100,EWT_b5,training_ckp_epoch_108_min_val_loss,s,validation,d_recon_utt,0.2433906775813156
sim_vowels,EWT,5.0,,3,100,EWT_b5,training_ckp_epoch_108_min_val_loss,s,validation,d_ortho_utt,0.5568171156938467
sim_vowels,EWT,5.0,,3,100,EWT_b5,training_ckp_epoch_108_min_val_loss,s,validation,clamp_frac_recon,0.0
sim_vowels,EWT,5.0,,3,100,EWT_b5,training_ckp_epoch_108_min_val_loss,s,validation,clamp_frac_ortho,0.0
sim_vowels,EWT,5.0,,3,100,EWT_b5,training_ckp_epoch_108_min_val_loss,s,validation,model_div_pos,0.243399724829942
sim_vowels,EWT,5.0,,3,100,EWT_b5,training_ckp_epoch_108_min_val_loss,s,validation,model_div_neg,0.5567818805575371
sim_vowels,EWT,5.0,,3,100,EWT_b5,training_ckp_epoch_108_min_val_loss,s,validation,model_ce_pos,0.8504158146679401
sim_vowels,EWT,5.0,,3,100,EWT_b5,training_ckp_epoch_108_min_val_loss,s,validation,model_ce_neg,1.9493782930076122
sim_vowels,EWT,5.0,,3,100,EWT_b5,training_ckp_epoch_108_min_val_loss,s,validation,model_decomposition_loss,0.9331713523715734
sim_vowels,EWT,5.0,,3,100,EWT_b5,training_ckp_epoch_108_min_val_loss,s,validation,model_prior_loss,0.2921540290117264
sim_vowels,EWT,5.0,,3,100,EWT_b5,training_ckp_epoch_108_min_val_loss,s,validation,model_div_0_1,0.31215690448880196
sim_vowels,EWT,5.0,,3,100,EWT_b5,training_ckp_epoch_108_min_val_loss,s,validation,model_div_0_2,0.20081711234524846
sim_vowels,EWT,5.0,,3,100,EWT_b5,training_ckp_epoch_108_min_val_loss,s,validation,model_div_0_3,0.2172251334413886
sim_vowels,EWT,5.0,,3,100,EWT_b5,training_ckp_epoch_108_min_val_loss,s,validation,model_div_2_1,0.496162879280746
sim_vowels,EWT,5.0,,3,100,EWT_b5,training_ckp_epoch_108_min_val_loss,s,validation,model_div_3_1,0.6778853386640549
sim_vowels,EWT,5.0,,3,100,EWT_b5,training_ckp_epoch_108_min_val_loss,s,validation,model_div_3_2,0.49629737064242363
sim_vowels,EWT,5.0,,3,100,EWT_b5,training_ckp_epoch_108_min_val_loss,s,validation,rate_per_frame,9.348928928375244e-06
sim_vowels,EWT,5.0,,3,100,EWT_b5,training_ckp_epoch_108_min_val_loss,s,validation,check_max_abs_diff,6.726164680781466e-08
sim_vowels,EWT,5.0,,3,100,EWT_b5,training_ckp_epoch_108_min_val_loss,z,test,n_utt,300.0
sim_vowels,EWT,5.0,,3,100,EWT_b5,training_ckp_epoch_108_min_val_loss,z,test,n_frames,30000.0
sim_vowels,EWT,5.0,,3,100,EWT_b5,training_ckp_epoch_108_min_val_loss,z,test,d_frame_div_0_1,0.004053396471832743
sim_vowels,EWT,5.0,,3,100,EWT_b5,training_ckp_epoch_108_min_val_loss,z,test,d_frame_div_0_2,0.004171377187213416
sim_vowels,EWT,5.0,,3,100,EWT_b5,training_ckp_epoch_108_min_val_loss,z,test,d_frame_div_0_3,0.004107282026607294
sim_vowels,EWT,5.0,,3,100,EWT_b5,training_ckp_epoch_108_min_val_loss,z,test,d_frame_div_2_1,0.00808786553845737
sim_vowels,EWT,5.0,,3,100,EWT_b5,training_ckp_epoch_108_min_val_loss,z,test,d_frame_div_3_1,0.008044641281826446
sim_vowels,EWT,5.0,,3,100,EWT_b5,training_ckp_epoch_108_min_val_loss,z,test,d_frame_div_3_2,0.008134207506323364
sim_vowels,EWT,5.0,,3,100,EWT_b5,training_ckp_epoch_108_min_val_loss,z,test,d_recon,0.004110685228551151
sim_vowels,EWT,5.0,,3,100,EWT_b5,training_ckp_epoch_108_min_val_loss,z,test,d_ortho,0.008088904775535727
sim_vowels,EWT,5.0,,3,100,EWT_b5,training_ckp_epoch_108_min_val_loss,z,test,d_recon_norm,0.005930465193886261
sim_vowels,EWT,5.0,,3,100,EWT_b5,training_ckp_epoch_108_min_val_loss,z,test,d_ortho_norm,0.011669822805888448
sim_vowels,EWT,5.0,,3,100,EWT_b5,training_ckp_epoch_108_min_val_loss,z,test,d_recon_utt,0.4110685228551151
sim_vowels,EWT,5.0,,3,100,EWT_b5,training_ckp_epoch_108_min_val_loss,z,test,d_ortho_utt,0.7932573763949085
sim_vowels,EWT,5.0,,3,100,EWT_b5,training_ckp_epoch_108_min_val_loss,z,test,clamp_frac_recon,0.0
sim_vowels,EWT,5.0,,3,100,EWT_b5,training_ckp_epoch_108_min_val_loss,z,test,clamp_frac_ortho,0.13777777777777778
sim_vowels,EWT,5.0,,3,100,EWT_b5,training_ckp_epoch_108_min_val_loss,z,test,model_div_pos,0.4112829205236937
sim_vowels,EWT,5.0,,3,100,EWT_b5,training_ckp_epoch_108_min_val_loss,z,test,model_div_neg,0.7933519231645685
sim_vowels,EWT,5.0,,3,100,EWT_b5,training_ckp_epoch_108_min_val_loss,z,test,model_ce_pos,1.6425509139111167
sim_vowels,EWT,5.0,,3,100,EWT_b5,training_ckp_epoch_108_min_val_loss,z,test,model_ce_neg,0.7533008581713626
sim_vowels,EWT,5.0,,3,100,EWT_b5,training_ckp_epoch_108_min_val_loss,z,test,model_decomposition_loss,0.7985373892282185
sim_vowels,EWT,5.0,,3,100,EWT_b5,training_ckp_epoch_108_min_val_loss,z,test,model_prior_loss,0.06889626383781433
sim_vowels,EWT,5.0,,3,100,EWT_b5,training_ckp_epoch_108_min_val_loss,z,test,model_div_0_1,0.4054109375727804
sim_vowels,EWT,5.0,,3,100,EWT_b5,training_ckp_epoch_108_min_val_loss,z,test,model_div_0_2,0.4170652110325663
sim_vowels,EWT,5.0,,3,100,EWT_b5,training_ckp_epoch_108_min_val_loss,z,test,model_div_0_3,0.41137258943758515
sim_vowels,EWT,5.0,,3,100,EWT_b5,training_ckp_epoch_108_min_val_loss,z,test,model_div_2_1,0.7928513382610521
sim_vowels,EWT,5.0,,3,100,EWT_b5,training_ckp_epoch_108_min_val_loss,z,test,model_div_3_1,0.7907240861340573
sim_vowels,EWT,5.0,,3,100,EWT_b5,training_ckp_epoch_108_min_val_loss,z,test,model_div_3_2,0.7964802854939511
sim_vowels,EWT,5.0,,3,100,EWT_b5,training_ckp_epoch_108_min_val_loss,z,test,rate_per_frame,8.726860086123148e-07
sim_vowels,EWT,5.0,,3,100,EWT_b5,training_ckp_epoch_108_min_val_loss,z,test,check_max_abs_diff,4.216092626241341e-06
sim_vowels,EWT,5.0,,3,100,EWT_b5,training_ckp_epoch_108_min_val_loss,s,test,n_utt,300.0
sim_vowels,EWT,5.0,,3,100,EWT_b5,training_ckp_epoch_108_min_val_loss,s,test,n_frames,300.0
sim_vowels,EWT,5.0,,3,100,EWT_b5,training_ckp_epoch_108_min_val_loss,s,test,d_frame_div_0_1,0.33276041890331026
sim_vowels,EWT,5.0,,3,100,EWT_b5,training_ckp_epoch_108_min_val_loss,s,test,d_frame_div_0_2,0.20272404422672063
sim_vowels,EWT,5.0,,3,100,EWT_b5,training_ckp_epoch_108_min_val_loss,s,test,d_frame_div_0_3,0.2024909043310754
sim_vowels,EWT,5.0,,3,100,EWT_b5,training_ckp_epoch_108_min_val_loss,s,test,d_frame_div_2_1,0.4982943818419887
sim_vowels,EWT,5.0,,3,100,EWT_b5,training_ckp_epoch_108_min_val_loss,s,test,d_frame_div_3_1,0.6781385204613534
sim_vowels,EWT,5.0,,3,100,EWT_b5,training_ckp_epoch_108_min_val_loss,s,test,d_frame_div_3_2,0.4959614350579249
sim_vowels,EWT,5.0,,3,100,EWT_b5,training_ckp_epoch_108_min_val_loss,s,test,d_recon,0.24599178915370207
sim_vowels,EWT,5.0,,3,100,EWT_b5,training_ckp_epoch_108_min_val_loss,s,test,d_ortho,0.5574647791204224
sim_vowels,EWT,5.0,,3,100,EWT_b5,training_ckp_epoch_108_min_val_loss,s,test,d_recon_norm,0.3548911343114495
sim_vowels,EWT,5.0,,3,100,EWT_b5,training_ckp_epoch_108_min_val_loss,s,test,d_ortho_norm,0.8042516723072947
sim_vowels,EWT,5.0,,3,100,EWT_b5,training_ckp_epoch_108_min_val_loss,s,test,d_recon_utt,0.24599178915370207
sim_vowels,EWT,5.0,,3,100,EWT_b5,training_ckp_epoch_108_min_val_loss,s,test,d_ortho_utt,0.5574647791204224
sim_vowels,EWT,5.0,,3,100,EWT_b5,training_ckp_epoch_108_min_val_loss,s,test,clamp_frac_recon,0.0
sim_vowels,EWT,5.0,,3,100,EWT_b5,training_ckp_epoch_108_min_val_loss,s,test,clamp_frac_ortho,0.0
sim_vowels,EWT,5.0,,3,100,EWT_b5,training_ckp_epoch_108_min_val_loss,s,test,model_div_pos,0.24599477570307882
sim_vowels,EWT,5.0,,3,100,EWT_b5,training_ckp_epoch_108_min_val_loss,s,test,model_div_neg,0.5575120198099237
sim_vowels,EWT,5.0,,3,100,EWT_b5,training_ckp_epoch_108_min_val_loss,s,test,model_ce_pos,0.8669974333361575
sim_vowels,EWT,5.0,,3,100,EWT_b5,training_ckp_epoch_108_min_val_loss,s,test,model_ce_neg,1.9094534610447131
sim_vowels,EWT,5.0,,3,100,EWT_b5,training_ckp_epoch_108_min_val_loss,s,test,model_decomposition_loss,0.9253910623098675
sim_vowels,EWT,5.0,,3,100,EWT_b5,training_ckp_epoch_108_min_val_loss,s,test,model_prior_loss,0.2957613844620554
sim_vowels,EWT,5.0,,3,100,EWT_b5,training_ckp_epoch_108_min_val_loss,s,test,model_div_0_1,0.3327183362684752
sim_vowels,EWT,5.0,,3,100,EWT_b5,training_ckp_epoch_108_min_val_loss,s,test,model_div_0_2,0.20277461958558937
sim_vowels,EWT,5.0,,3,100,EWT_b5,training_ckp_epoch_108_min_val_loss,s,test,model_div_0_3,0.20249135870682566
sim_vowels,EWT,5.0,,3,100,EWT_b5,training_ckp_epoch_108_min_val_loss,s,test,model_div_2_1,0.49852513953259114
sim_vowels,EWT,5.0,,3,100,EWT_b5,training_ckp_epoch_108_min_val_loss,s,test,model_div_3_1,0.6781313168375116
sim_vowels,EWT,5.0,,3,100,EWT_b5,training_ckp_epoch_108_min_val_loss,s,test,model_div_3_2,0.49587956698317276
sim_vowels,EWT,5.0,,3,100,EWT_b5,training_ckp_epoch_108_min_val_loss,s,test,rate_per_frame,9.365777174631754e-06
sim_vowels,EWT,5.0,,3,100,EWT_b5,training_ckp_epoch_108_min_val_loss,s,test,check_max_abs_diff,7.377739763558822e-08
sim_vowels,EWT,10.0,,3,100,EWT_b10,training_ckp_epoch_112_min_val_loss,z,validation,n_utt,500.0
sim_vowels,EWT,10.0,,3,100,EWT_b10,training_ckp_epoch_112_min_val_loss,z,validation,n_frames,50000.0
sim_vowels,EWT,10.0,,3,100,EWT_b10,training_ckp_epoch_112_min_val_loss,z,validation,d_frame_div_0_1,0.0038888115684779278
sim_vowels,EWT,10.0,,3,100,EWT_b10,training_ckp_epoch_112_min_val_loss,z,validation,d_frame_div_0_2,0.003985246918576657
sim_vowels,EWT,10.0,,3,100,EWT_b10,training_ckp_epoch_112_min_val_loss,z,validation,d_frame_div_0_3,0.0038819099524405112
sim_vowels,EWT,10.0,,3,100,EWT_b10,training_ckp_epoch_112_min_val_loss,z,validation,d_frame_div_2_1,0.007550523249604734
sim_vowels,EWT,10.0,,3,100,EWT_b10,training_ckp_epoch_112_min_val_loss,z,validation,d_frame_div_3_1,0.007588763679983541
sim_vowels,EWT,10.0,,3,100,EWT_b10,training_ckp_epoch_112_min_val_loss,z,validation,d_frame_div_3_2,0.007645702793390458
sim_vowels,EWT,10.0,,3,100,EWT_b10,training_ckp_epoch_112_min_val_loss,z,validation,d_recon,0.003918656146498365
sim_vowels,EWT,10.0,,3,100,EWT_b10,training_ckp_epoch_112_min_val_loss,z,validation,d_ortho,0.007594996574326245
sim_vowels,EWT,10.0,,3,100,EWT_b10,training_ckp_epoch_112_min_val_loss,z,validation,d_recon_norm,0.005653425789502247
sim_vowels,EWT,10.0,,3,100,EWT_b10,training_ckp_epoch_112_min_val_loss,z,validation,d_ortho_norm,0.01095726389334914
sim_vowels,EWT,10.0,,3,100,EWT_b10,training_ckp_epoch_112_min_val_loss,z,validation,d_recon_utt,0.3918656146498365
sim_vowels,EWT,10.0,,3,100,EWT_b10,training_ckp_epoch_112_min_val_loss,z,validation,d_ortho_utt,0.7483993130075474
sim_vowels,EWT,10.0,,3,100,EWT_b10,training_ckp_epoch_112_min_val_loss,z,validation,clamp_frac_recon,0.0
sim_vowels,EWT,10.0,,3,100,EWT_b10,training_ckp_epoch_112_min_val_loss,z,validation,clamp_frac_ortho,0.09933333333333333
sim_vowels,EWT,10.0,,3,100,EWT_b10,training_ckp_epoch_112_min_val_loss,z,validation,model_div_pos,0.39115061704069376
sim_vowels,EWT,10.0,,3,100,EWT_b10,training_ckp_epoch_112_min_val_loss,z,validation,model_div_neg,0.746987871825695
sim_vowels,EWT,10.0,,3,100,EWT_b10,training_ckp_epoch_112_min_val_loss,z,validation,model_ce_pos,1.5504253916442394
sim_vowels,EWT,10.0,,3,100,EWT_b10,training_ckp_epoch_112_min_val_loss,z,validation,model_ce_neg,0.9538174197077751
sim_vowels,EWT,10.0,,3,100,EWT_b10,training_ckp_epoch_112_min_val_loss,z,validation,model_decomposition_loss,0.834664111956954
sim_vowels,EWT,10.0,,3,100,EWT_b10,training_ckp_epoch_112_min_val_loss,z,validation,model_prior_loss,0.11302900966256857
sim_vowels,EWT,10.0,,3,100,EWT_b10,training_ckp_epoch_112_min_val_loss,z,validation,model_div_0_1,0.3874245351180434
sim_vowels,EWT,10.0,,3,100,EWT_b10,training_ckp_epoch_112_min_val_loss,z,validation,model_div_0_2,0.39859959948807955
sim_vowels,EWT,10.0,,3,100,EWT_b10,training_ckp_epoch_112_min_val_loss,z,validation,model_div_0_3,0.3874276839196682
sim_vowels,EWT,10.0,,3,100,EWT_b10,training_ckp_epoch_112_min_val_loss,z,validation,model_div_2_1,0.7454644683748484
sim_vowels,EWT,10.0,,3,100,EWT_b10,training_ckp_epoch_112_min_val_loss,z,validation,model_div_3_1,0.7431782372295856
sim_vowels,EWT,10.0,,3,100,EWT_b10,training_ckp_epoch_112_min_val_loss,z,validation,model_div_3_2,0.7523208763450384
sim_vowels,EWT,10.0,,3,100,EWT_b10,training_ckp_epoch_112_min_val_loss,z,validation,rate_per_frame,7.233856618404388e-07
sim_vowels,EWT,10.0,,3,100,EWT_b10,training_ckp_epoch_112_min_val_loss,z,validation,check_max_abs_diff,4.329192167307205e-06
sim_vowels,EWT,10.0,,3,100,EWT_b10,training_ckp_epoch_112_min_val_loss,s,validation,n_utt,500.0
sim_vowels,EWT,10.0,,3,100,EWT_b10,training_ckp_epoch_112_min_val_loss,s,validation,n_frames,500.0
sim_vowels,EWT,10.0,,3,100,EWT_b10,training_ckp_epoch_112_min_val_loss,s,validation,d_frame_div_0_1,0.3771131676420271
sim_vowels,EWT,10.0,,3,100,EWT_b10,training_ckp_epoch_112_min_val_loss,s,validation,d_frame_div_0_2,0.037799198535575174
sim_vowels,EWT,10.0,,3,100,EWT_b10,training_ckp_epoch_112_min_val_loss,s,validation,d_frame_div_0_3,0.2681836426922729
sim_vowels,EWT,10.0,,3,100,EWT_b10,training_ckp_epoch_112_min_val_loss,s,validation,d_frame_div_2_1,0.3463124459272421
sim_vowels,EWT,10.0,,3,100,EWT_b10,training_ckp_epoch_112_min_val_loss,s,validation,d_frame_div_3_1,0.6620674481912477
sim_vowels,EWT,10.0,,3,100,EWT_b10,training_ckp_epoch_112_min_val_loss,s,validation,d_frame_div_3_2,0.3514316235806313
sim_vowels,EWT,10.0,,3,100,EWT_b10,training_ckp_epoch_112_min_val_loss,s,validation,d_recon,0.22769866962329177
sim_vowels,EWT,10.0,,3,100,EWT_b10,training_ckp_epoch_112_min_val_loss,s,validation,d_ortho,0.45327050589970713
sim_vowels,EWT,10.0,,3,100,EWT_b10,training_ckp_epoch_112_min_val_loss,s,validation,d_recon_norm,0.3284997414825375
sim_vowels,EWT,10.0,,3,100,EWT_b10,training_ckp_epoch_112_min_val_loss,s,validation,d_ortho_norm,0.6539311110427392
sim_vowels,EWT,10.0,,3,100,EWT_b10,training_ckp_epoch_112_min_val_loss,s,validation,d_recon_utt,0.22769866962329177
sim_vowels,EWT,10.0,,3,100,EWT_b10,training_ckp_epoch_112_min_val_loss,s,validation,d_ortho_utt,0.45327050589970713
sim_vowels,EWT,10.0,,3,100,EWT_b10,training_ckp_epoch_112_min_val_loss,s,validation,clamp_frac_recon,0.0
sim_vowels,EWT,10.0,,3,100,EWT_b10,training_ckp_epoch_112_min_val_loss,s,validation,clamp_frac_ortho,0.0
sim_vowels,EWT,10.0,,3,100,EWT_b10,training_ckp_epoch_112_min_val_loss,s,validation,model_div_pos,0.22739932127296925
sim_vowels,EWT,10.0,,3,100,EWT_b10,training_ckp_epoch_112_min_val_loss,s,validation,model_div_neg,0.45308282133191824
sim_vowels,EWT,10.0,,3,100,EWT_b10,training_ckp_epoch_112_min_val_loss,s,validation,model_ce_pos,0.8417763523757458
sim_vowels,EWT,10.0,,3,100,EWT_b10,training_ckp_epoch_112_min_val_loss,s,validation,model_ce_neg,2.737400971353054
sim_vowels,EWT,10.0,,3,100,EWT_b10,training_ckp_epoch_112_min_val_loss,s,validation,model_decomposition_loss,1.1929397843778133
sim_vowels,EWT,10.0,,3,100,EWT_b10,training_ckp_epoch_112_min_val_loss,s,validation,model_prior_loss,0.31978264451026917
sim_vowels,EWT,10.0,,3,100,EWT_b10,training_ckp_epoch_112_min_val_loss,s,validation,model_div_0_1,0.37639956176280975
sim_vowels,EWT,10.0,,3,100,EWT_b10,training_ckp_epoch_112_min_val_loss,s,validation,model_div_0_2,0.03738166700350121
sim_vowels,EWT,10.0,,3,100,EWT_b10,training_ckp_epoch_112_min_val_loss,s,validation,model_div_0_3,0.2684167316183448
sim_vowels,EWT,10.0,,3,100,EWT_b10,training_ckp_epoch_112_min_val_loss,s,validation,model_div_2_1,0.34652169421315193
sim_vowels,EWT,10.0,,3,100,EWT_b10,training_ckp_epoch_112_min_val_loss,s,validation,model_div_3_1,0.6618758048862219
sim_vowels,EWT,10.0,,3,100,EWT_b10,training_ckp_epoch_112_min_val_loss,s,validation,model_div_3_2,0.35085092298686504
sim_vowels,EWT,10.0,,3,100,EWT_b10,training_ckp_epoch_112_min_val_loss,s,validation,rate_per_frame,5.116522312164306e-06
sim_vowels,EWT,10.0,,3,100,EWT_b10,training_ckp_epoch_112_min_val_loss,s,validation,check_max_abs_diff,8.11977604042724e-08
sim_vowels,EWT,10.0,,3,100,EWT_b10,training_ckp_epoch_112_min_val_loss,z,test,n_utt,300.0
sim_vowels,EWT,10.0,,3,100,EWT_b10,training_ckp_epoch_112_min_val_loss,z,test,n_frames,30000.0
sim_vowels,EWT,10.0,,3,100,EWT_b10,training_ckp_epoch_112_min_val_loss,z,test,d_frame_div_0_1,0.004006735778194945
sim_vowels,EWT,10.0,,3,100,EWT_b10,training_ckp_epoch_112_min_val_loss,z,test,d_frame_div_0_2,0.003918455221303959
sim_vowels,EWT,10.0,,3,100,EWT_b10,training_ckp_epoch_112_min_val_loss,z,test,d_frame_div_0_3,0.003944020920413762
sim_vowels,EWT,10.0,,3,100,EWT_b10,training_ckp_epoch_112_min_val_loss,z,test,d_frame_div_2_1,0.007681456659753602
sim_vowels,EWT,10.0,,3,100,EWT_b10,training_ckp_epoch_112_min_val_loss,z,test,d_frame_div_3_1,0.007646334285113717
sim_vowels,EWT,10.0,,3,100,EWT_b10,training_ckp_epoch_112_min_val_loss,z,test,d_frame_div_3_2,0.00758068710373147
sim_vowels,EWT,10.0,,3,100,EWT_b10,training_ckp_epoch_112_min_val_loss,z,test,d_recon,0.003956403973304221
sim_vowels,EWT,10.0,,3,100,EWT_b10,training_ckp_epoch_112_min_val_loss,z,test,d_ortho,0.00763615934953293
sim_vowels,EWT,10.0,,3,100,EWT_b10,training_ckp_epoch_112_min_val_loss,z,test,d_recon_norm,0.00570788439203939
sim_vowels,EWT,10.0,,3,100,EWT_b10,training_ckp_epoch_112_min_val_loss,z,test,d_ortho_norm,0.011016649225009051
sim_vowels,EWT,10.0,,3,100,EWT_b10,training_ckp_epoch_112_min_val_loss,z,test,d_recon_utt,0.3956403973304221
sim_vowels,EWT,10.0,,3,100,EWT_b10,training_ckp_epoch_112_min_val_loss,z,test,d_ortho_utt,0.7498800799532402
sim_vowels,EWT,10.0,,3,100,EWT_b10,training_ckp_epoch_112_min_val_loss,z,test,clamp_frac_recon,0.0
sim_vowels,EWT,10.0,,3,100,EWT_b10,training_ckp_epoch_112_min_val_loss,z,test,clamp_frac_ortho,0.11777777777777777
sim_vowels,EWT,10.0,,3,100,EWT_b10,training_ckp_epoch_112_min_val_loss,z,test,model_div_pos,0.39560091181805257
sim_vowels,EWT,10.0,,3,100,EWT_b10,training_ckp_epoch_112_min_val_loss,z,test,model_div_neg,0.7499472247926813
sim_vowels,EWT,10.0,,3,100,EWT_b10,training_ckp_epoch_112_min_val_loss,z,test,model_ce_pos,1.5745897544057745
sim_vowels,EWT,10.0,,3,100,EWT_b10,training_ckp_epoch_112_min_val_loss,z,test,model_ce_neg,0.943775540903995
sim_vowels,EWT,10.0,,3,100,EWT_b10,training_ckp_epoch_112_min_val_loss,z,test,model_decomposition_loss,0.8393711541828356
sim_vowels,EWT,10.0,,3,100,EWT_b10,training_ckp_epoch_112_min_val_loss,z,test,model_prior_loss,0.11550678234351308
sim_vowels,EWT,10.0,,3,100,EWT_b10,training_ckp_epoch_112_min_val_loss,z,test,model_div_0_1,0.40069640780750077
sim_vowels,EWT,10.0,,3,100,EWT_b10,training_ckp_epoch_112_min_val_loss,z,test,model_div_0_2,0.3918474583249343
sim_vowels,EWT,10.0,,3,100,EWT_b10,training_ckp_epoch_112_min_val_loss,z,test,model_div_0_3,0.3942588363823138
sim_vowels,EWT,10.0,,3,100,EWT_b10,training_ckp_epoch_112_min_val_loss,z,test,model_div_2_1,0.7532376709737276
sim_vowels,EWT,10.0,,3,100,EWT_b10,training_ckp_epoch_112_min_val_loss,z,test,model_div_3_1,0.7504951232358029
sim_vowels,EWT,10.0,,3,100,EWT_b10,training_ckp_epoch_112_min_val_loss,z,test,model_div_3_2,0.7461087829188296
sim_vowels,EWT,10.0,,3,100,EWT_b10,training_ckp_epoch_112_min_val_loss,z,test,rate_per_frame,7.315429548422495e-07
sim_vowels,EWT,10.0,,3,100,EWT_b10,training_ckp_epoch_112_min_val_loss,z,test,check_max_abs_diff,4.23945243549495e-06
sim_vowels,EWT,10.0,,3,100,EWT_b10,training_ckp_epoch_112_min_val_loss,s,test,n_utt,300.0
sim_vowels,EWT,10.0,,3,100,EWT_b10,training_ckp_epoch_112_min_val_loss,s,test,n_frames,300.0
sim_vowels,EWT,10.0,,3,100,EWT_b10,training_ckp_epoch_112_min_val_loss,s,test,d_frame_div_0_1,0.3910795862253766
sim_vowels,EWT,10.0,,3,100,EWT_b10,training_ckp_epoch_112_min_val_loss,s,test,d_frame_div_0_2,0.039386550125843446
sim_vowels,EWT,10.0,,3,100,EWT_b10,training_ckp_epoch_112_min_val_loss,s,test,d_frame_div_0_3,0.2579355668770251
sim_vowels,EWT,10.0,,3,100,EWT_b10,training_ckp_epoch_112_min_val_loss,s,test,d_frame_div_2_1,0.34820772196691396
sim_vowels,EWT,10.0,,3,100,EWT_b10,training_ckp_epoch_112_min_val_loss,s,test,d_frame_div_3_1,0.6624650526668161
sim_vowels,EWT,10.0,,3,100,EWT_b10,training_ckp_epoch_112_min_val_loss,s,test,d_frame_div_3_2,0.349522987355236
sim_vowels,EWT,10.0,,3,100,EWT_b10,training_ckp_epoch_112_min_val_loss,s,test,d_recon,0.22946723440941502
sim_vowels,EWT,10.0,,3,100,EWT_b10,training_ckp_epoch_112_min_val_loss,s,test,d_ortho,0.4533985873296553
sim_vowels,EWT,10.0,,3,100,EWT_b10,training_ckp_epoch_112_min_val_loss,s,test,d_recon_norm,0.3310512411289684
sim_vowels,EWT,10.0,,3,100,EWT_b10,training_ckp_epoch_112_min_val_loss,s,test,d_ortho_norm,0.6541158934865553
sim_vowels,EWT,10.0,,3,100,EWT_b10,training_ckp_epoch_112_min_val_loss,s,test,d_recon_utt,0.22946723440941502
sim_vowels,EWT,10.0,,3,100,EWT_b10,training_ckp_epoch_112_min_val_loss,s,test,d_ortho_utt,0.4533985873296553
sim_vowels,EWT,10.0,,3,100,EWT_b10,training_ckp_epoch_112_min_val_loss,s,test,clamp_frac_recon,0.0
sim_vowels,EWT,10.0,,3,100,EWT_b10,training_ckp_epoch_112_min_val_loss,s,test,clamp_frac_ortho,0.0
sim_vowels,EWT,10.0,,3,100,EWT_b10,training_ckp_epoch_112_min_val_loss,s,test,model_div_pos,0.22942392135921277
sim_vowels,EWT,10.0,,3,100,EWT_b10,training_ckp_epoch_112_min_val_loss,s,test,model_div_neg,0.45343806241687973
sim_vowels,EWT,10.0,,3,100,EWT_b10,training_ckp_epoch_112_min_val_loss,s,test,model_ce_pos,0.8557721846982053
sim_vowels,EWT,10.0,,3,100,EWT_b10,training_ckp_epoch_112_min_val_loss,s,test,model_ce_neg,2.728152500955682
sim_vowels,EWT,10.0,,3,100,EWT_b10,training_ckp_epoch_112_min_val_loss,s,test,model_decomposition_loss,1.1945220984910663
sim_vowels,EWT,10.0,,3,100,EWT_b10,training_ckp_epoch_112_min_val_loss,s,test,model_prior_loss,0.3210227740438361
sim_vowels,EWT,10.0,,3,100,EWT_b10,training_ckp_epoch_112_min_val_loss,s,test,model_div_0_1,0.3911265354407461
sim_vowels,EWT,10.0,,3,100,EWT_b10,training_ckp_epoch_112_min_val_loss,s,test,model_div_0_2,0.03922318549532639
sim_vowels,EWT,10.0,,3,100,EWT_b10,training_ckp_epoch_112_min_val_loss,s,test,model_div_0_3,0.25792202745613296
sim_vowels,EWT,10.0,,3,100,EWT_b10,training_ckp_epoch_112_min_val_loss,s,test,model_div_2_1,0.34851898488245514
sim_vowels,EWT,10.0,,3,100,EWT_b10,training_ckp_epoch_112_min_val_loss,s,test,model_div_3_1,0.6624902737768072
sim_vowels,EWT,10.0,,3,100,EWT_b10,training_ckp_epoch_112_min_val_loss,s,test,model_div_3_2,0.3493048846721649
sim_vowels,EWT,10.0,,3,100,EWT_b10,training_ckp_epoch_112_min_val_loss,s,test,rate_per_frame,5.082860589027405e-06
sim_vowels,EWT,10.0,,3,100,EWT_b10,training_ckp_epoch_112_min_val_loss,s,test,check_max_abs_diff,8.174663412852112e-08
sim_vowels,EWT,20.0,,3,100,EWT_b20,training_ckp_epoch_109,z,validation,n_utt,500.0
sim_vowels,EWT,20.0,,3,100,EWT_b20,training_ckp_epoch_109,z,validation,n_frames,50000.0
sim_vowels,EWT,20.0,,3,100,EWT_b20,training_ckp_epoch_109,z,validation,d_frame_div_0_1,0.004176967072649626
sim_vowels,EWT,20.0,,3,100,EWT_b20,training_ckp_epoch_109,z,validation,d_frame_div_0_2,0.0042053043908428555
sim_vowels,EWT,20.0,,3,100,EWT_b20,training_ckp_epoch_109,z,validation,d_frame_div_0_3,0.004232191618810363
sim_vowels,EWT,20.0,,3,100,EWT_b20,training_ckp_epoch_109,z,validation,d_frame_div_2_1,0.007681865983779587
sim_vowels,EWT,20.0,,3,100,EWT_b20,training_ckp_epoch_109,z,validation,d_frame_div_3_1,0.00770204054303535
sim_vowels,EWT,20.0,,3,100,EWT_b20,training_ckp_epoch_109,z,validation,d_frame_div_3_2,0.007781176813266515
sim_vowels,EWT,20.0,,3,100,EWT_b20,training_ckp_epoch_109,z,validation,d_recon,0.0042048210274342815
sim_vowels,EWT,20.0,,3,100,EWT_b20,training_ckp_epoch_109,z,validation,d_ortho,0.007721694446693817
sim_vowels,EWT,20.0,,3,100,EWT_b20,training_ckp_epoch_109,z,validation,d_recon_norm,0.006066274444105074
sim_vowels,EWT,20.0,,3,100,EWT_b20,training_ckp_epoch_109,z,validation,d_ortho_norm,0.011140050285505017
sim_vowels,EWT,20.0,,3,100,EWT_b20,training_ckp_epoch_109,z,validation,d_recon_utt,0.4204821027434282
sim_vowels,EWT,20.0,,3,100,EWT_b20,training_ckp_epoch_109,z,validation,d_ortho_utt,0.7621085668928943
sim_vowels,EWT,20.0,,3,100,EWT_b20,training_ckp_epoch_109,z,validation,clamp_frac_recon,0.0
sim_vowels,EWT,20.0,,3,100,EWT_b20,training_ckp_epoch_109,z,validation,clamp_frac_ortho,0.09933333333333333
sim_vowels,EWT,20.0,,3,100,EWT_b20,training_ckp_epoch_109,z,validation,model_div_pos,0.42047287058085203
sim_vowels,EWT,20.0,,3,100,EWT_b20,training_ckp_epoch_109,z,validation,model_div_neg,0.7617894262075424
sim_vowels,EWT,20.0,,3,100,EWT_b20,training_ckp_epoch_109,z,validation,model_ce_pos,1.734793484210968
sim_vowels,EWT,20.0,,3,100,EWT_b20,training_ckp_epoch_109,z,validation,model_ce_neg,0.8905041683465242
sim_vowels,EWT,20.0,,3,100,EWT_b20,training_ckp_epoch_109,z,validation,model_decomposition_loss,0.8750117011368275
sim_vowels,EWT,20.0,,3,100,EWT_b20,training_ckp_epoch_109,z,validation,model_prior_loss,0.20896773785352707
sim_vowels,EWT,20.0,,3,100,EWT_b20,training_ckp_epoch_109,z,validation,model_div_0_1,0.4190229894593358
sim_vowels,EWT,20.0,,3,100,EWT_b20,training_ckp_epoch_109,z,validation,model_div_0_2,0.4173390520736575
sim_vowels,EWT,20.0,,3,100,EWT_b20,training_ckp_epoch_109,z,validation,model_div_0_3,0.42505653854459524
sim_vowels,EWT,20.0,,3,100,EWT_b20,training_ckp_epoch_109,z,validation,model_div_2_1,0.7561497744172812
sim_vowels,EWT,20.0,,3,100,EWT_b20,training_ckp_epoch_109,z,validation,model_div_3_1,0.7633042335510254
sim_vowels,EWT,20.0,,3,100,EWT_b20,training_ckp_epoch_109,z,validation,model_div_3_2,0.7659142408519983
sim_vowels,EWT,20.0,,3,100,EWT_b20,training_ckp_epoch_109,z,validation,rate_per_frame,6.686967611312867e-07
sim_vowels,EWT,20.0,,3,100,EWT_b20,training_ckp_epoch_109,z,validation,check_max_abs_diff,4.271405385281035e-06
sim_vowels,EWT,20.0,,3,100,EWT_b20,training_ckp_epoch_109,s,validation,n_utt,500.0
sim_vowels,EWT,20.0,,3,100,EWT_b20,training_ckp_epoch_109,s,validation,n_frames,500.0
sim_vowels,EWT,20.0,,3,100,EWT_b20,training_ckp_epoch_109,s,validation,d_frame_div_0_1,0.2775405522372188
sim_vowels,EWT,20.0,,3,100,EWT_b20,training_ckp_epoch_109,s,validation,d_frame_div_0_2,0.07754035981130022
sim_vowels,EWT,20.0,,3,100,EWT_b20,training_ckp_epoch_109,s,validation,d_frame_div_0_3,0.24872270292055032
sim_vowels,EWT,20.0,,3,100,EWT_b20,training_ckp_epoch_109,s,validation,d_frame_div_2_1,0.24353842035219156
sim_vowels,EWT,20.0,,3,100,EWT_b20,training_ckp_epoch_109,s,validation,d_frame_div_3_1,0.5965154778459985
sim_vowels,EWT,20.0,,3,100,EWT_b20,training_ckp_epoch_109,s,validation,d_frame_div_3_2,0.3723904785983041
sim_vowels,EWT,20.0,,3,100,EWT_b20,training_ckp_epoch_109,s,validation,d_recon,0.20126787165635643
sim_vowels,EWT,20.0,,3,100,EWT_b20,training_ckp_epoch_109,s,validation,d_ortho,0.40414812559883134
sim_vowels,EWT,20.0,,3,100,EWT_b20,training_ckp_epoch_109,s,validation,d_recon_norm,0.2903681603289018
sim_vowels,EWT,20.0,,3,100,EWT_b20,training_ckp_epoch_109,s,validation,d_ortho_norm,0.583062496586004
sim_vowels,EWT,20.0,,3,100,EWT_b20,training_ckp_epoch_109,s,validation,d_recon_utt,0.20126787165635643
sim_vowels,EWT,20.0,,3,100,EWT_b20,training_ckp_epoch_109,s,validation,d_ortho_utt,0.40414812559883134
sim_vowels,EWT,20.0,,3,100,EWT_b20,training_ckp_epoch_109,s,validation,clamp_frac_recon,0.0
sim_vowels,EWT,20.0,,3,100,EWT_b20,training_ckp_epoch_109,s,validation,clamp_frac_ortho,0.0
sim_vowels,EWT,20.0,,3,100,EWT_b20,training_ckp_epoch_109,s,validation,model_div_pos,0.20093022286891937
sim_vowels,EWT,20.0,,3,100,EWT_b20,training_ckp_epoch_109,s,validation,model_div_neg,0.403952251188457
sim_vowels,EWT,20.0,,3,100,EWT_b20,training_ckp_epoch_109,s,validation,model_ce_pos,0.7146849520504475
sim_vowels,EWT,20.0,,3,100,EWT_b20,training_ckp_epoch_109,s,validation,model_ce_neg,3.1560548841953278
sim_vowels,EWT,20.0,,3,100,EWT_b20,training_ckp_epoch_109,s,validation,model_decomposition_loss,1.2901175692677498
sim_vowels,EWT,20.0,,3,100,EWT_b20,training_ckp_epoch_109,s,validation,model_prior_loss,0.5809105932712555
sim_vowels,EWT,20.0,,3,100,EWT_b20,training_ckp_epoch_109,s,validation,model_div_0_1,0.2776327598839998
sim_vowels,EWT,20.0,,3,100,EWT_b20,training_ckp_epoch_109,s,validation,model_div_0_2,0.07596437813481316
sim_vowels,EWT,20.0,,3,100,EWT_b20,training_ckp_epoch_109,s,validation,model_div_0_3,0.2491935146972537
sim_vowels,EWT,20.0,,3,100,EWT_b20,training_ckp_epoch_109,s,validation,model_div_2_1,0.24347770074382424
sim_vowels,EWT,20.0,,3,100,EWT_b20,training_ckp_epoch_109,s,validation,model_div_3_1,0.5971027296036482
sim_vowels,EWT,20.0,,3,100,EWT_b20,training_ckp_epoch_109,s,validation,model_div_3_2,0.3712762836366892
sim_vowels,EWT,20.0,,3,100,EWT_b20,training_ckp_epoch_109,s,validation,rate_per_frame,4.647284746170044e-06
sim_vowels,EWT,20.0,,3,100,EWT_b20,training_ckp_epoch_109,s,validation,check_max_abs_diff,8.161920017624169e-08
sim_vowels,EWT,20.0,,3,100,EWT_b20,training_ckp_epoch_109,z,test,n_utt,300.0
sim_vowels,EWT,20.0,,3,100,EWT_b20,training_ckp_epoch_109,z,test,n_frames,30000.0
sim_vowels,EWT,20.0,,3,100,EWT_b20,training_ckp_epoch_109,z,test,d_frame_div_0_1,0.004175451729862219
sim_vowels,EWT,20.0,,3,100,EWT_b20,training_ckp_epoch_109,z,test,d_frame_div_0_2,0.004347413012100867
sim_vowels,EWT,20.0,,3,100,EWT_b20,training_ckp_epoch_109,z,test,d_frame_div_0_3,0.004261255305342457
sim_vowels,EWT,20.0,,3,100,EWT_b20,training_ckp_epoch_109,z,test,d_frame_div_2_1,0.007851649149150616
sim_vowels,EWT,20.0,,3,100,EWT_b20,training_ckp_epoch_109,z,test,d_frame_div_3_1,0.0077517596737975885
sim_vowels,EWT,20.0,,3,100,EWT_b20,training_ckp_epoch_109,z,test,d_frame_div_3_2,0.007979532143753649
sim_vowels,EWT,20.0,,3,100,EWT_b20,training_ckp_epoch_109,z,test,d_recon,0.004261373349101848
sim_vowels,EWT,20.0,,3,100,EWT_b20,training_ckp_epoch_109,z,test,d_ortho,0.00786098032223395
sim_vowels,EWT,20.0,,3,100,EWT_b20,training_ckp_epoch_109,z,test,d_recon_norm,0.006147862198125629
sim_vowels,EWT,20.0,,3,100,EWT_b20,training_ckp_epoch_109,z,test,d_ortho_norm,0.011340997327412646
sim_vowels,EWT,20.0,,3,100,EWT_b20,training_ckp_epoch_109,z,test,d_recon_utt,0.4261373349101848
sim_vowels,EWT,20.0,,3,100,EWT_b20,training_ckp_epoch_109,z,test,d_ortho_utt,0.7725952714400675
sim_vowels,EWT,20.0,,3,100,EWT_b20,training_ckp_epoch_109,z,test,clamp_frac_recon,0.0
sim_vowels,EWT,20.0,,3,100,EWT_b20,training_ckp_epoch_109,z,test,clamp_frac_ortho,0.12333333333333334
sim_vowels,EWT,20.0,,3,100,EWT_b20,training_ckp_epoch_109,z,test,model_div_pos,0.426264298589606
sim_vowels,EWT,20.0,,3,100,EWT_b20,training_ckp_epoch_109,z,test,model_div_neg,0.7727530943719965
sim_vowels,EWT,20.0,,3,100,EWT_b20,training_ckp_epoch_109,z,test,model_ce_pos,1.7722626359839189
sim_vowels,EWT,20.0,,3,100,EWT_b20,training_ckp_epoch_109,z,test,model_ce_neg,0.84711775340532
sim_vowels,EWT,20.0,,3,100,EWT_b20,training_ckp_epoch_109,z,test,model_decomposition_loss,0.8730394652015284
sim_vowels,EWT,20.0,,3,100,EWT_b20,training_ckp_epoch_109,z,test,model_prior_loss,0.21357912766306023
sim_vowels,EWT,20.0,,3,100,EWT_b20,training_ckp_epoch_109,z,test,model_div_0_1,0.4178590947075894
sim_vowels,EWT,20.0,,3,100,EWT_b20,training_ckp_epoch_109,z,test,model_div_0_2,0.43466710887457194
sim_vowels,EWT,20.0,,3,100,EWT_b20,training_ckp_epoch_109,z,test,model_div_0_3,0.42626666552142095
sim_vowels,EWT,20.0,,3,100,EWT_b20,training_ckp_epoch_109,z,test,model_div_2_1,0.7741947079959669
sim_vowels,EWT,20.0,,3,100,EWT_b20,training_ckp_epoch_109,z,test,model_div_3_1,0.7611525937130577
sim_vowels,EWT,20.0,,3,100,EWT_b20,training_ckp_epoch_109,z,test,model_div_3_2,0.7829119374877528
sim_vowels,EWT,20.0,,3,100,EWT_b20,training_ckp_epoch_109,z,test,rate_per_frame,6.763339042663574e-07
sim_vowels,EWT,20.0,,3,100,EWT_b20,training_ckp_epoch_109,z,test,check_max_abs_diff,4.255801208108423e-06
sim_vowels,EWT,20.0,,3,100,EWT_b20,training_ckp_epoch_109,s,test,n_utt,300.0
sim_vowels,EWT,20.0,,3,100,EWT_b20,training_ckp_epoch_109,s,test,n_frames,300.0
sim_vowels,EWT,20.0,,3,100,EWT_b20,training_ckp_epoch_109,s,test,d_frame_div_0_1,0.2843311084842257
sim_vowels,EWT,20.0,,3,100,EWT_b20,training_ckp_epoch_109,s,test,d_frame_div_0_2,0.08107931907830619
sim_vowels,EWT,20.0,,3,100,EWT_b20,training_ckp_epoch_109,s,test,d_frame_div_0_3,0.23776497176837438
sim_vowels,EWT,20.0,,3,100,EWT_b20,training_ckp_epoch_109,s,test,d_frame_div_2_1,0.241848422117696
sim_vowels,EWT,20.0,,3,100,EWT_b20,training_ckp_epoch_109,s,test,d_frame_div_3_1,0.5967307516068258
sim_vowels,EWT,20.0,,3,100,EWT_b20,training_ckp_epoch_109,s,test,d_frame_div_3_2,0.3716530668459314
sim_vowels,EWT,20.0,,3,100,EWT_b20,training_ckp_epoch_109,s,test,d_recon,0.20105846644363543
sim_vowels,EWT,20.0,,3,100,EWT_b20,training_ckp_epoch_109,s,test,d_ortho,0.4034107468568177
sim_vowels,EWT,20.0,,3,100,EWT_b20,training_ckp_epoch_109,s,test,d_recon_norm,0.2900660524669729
sim_vowels,EWT,20.0,,3,100,EWT_b20,training_ckp_epoch_109,s,test,d_ortho_norm,0.5819986839316439
sim_vowels,EWT,20.0,,3,100,EWT_b20,training_ckp_epoch_109,s,test,d_recon_utt,0.20105846644363543
sim_vowels,EWT,20.0,,3,100,EWT_b20,training_ckp_epoch_109,s,test,d_ortho_utt,0.4034107468568177
sim_vowels,EWT,20.0,,3,100,EWT_b20,training_ckp_epoch_109,s,test,clamp_frac_recon,0.0
sim_vowels,EWT,20.0,,3,100,EWT_b20,training_ckp_epoch_109,s,test,clamp_frac_ortho,0.0
sim_vowels,EWT,20.0,,3,100,EWT_b20,training_ckp_epoch_109,s,test,model_div_pos,0.20118041414963572
sim_vowels,EWT,20.0,,3,100,EWT_b20,training_ckp_epoch_109,s,test,model_div_neg,0.40355100600343
sim_vowels,EWT,20.0,,3,100,EWT_b20,training_ckp_epoch_109,s,test,model_ce_pos,0.7172371839222155
sim_vowels,EWT,20.0,,3,100,EWT_b20,training_ckp_epoch_109,s,test,model_ce_neg,3.192056078659861
sim_vowels,EWT,20.0,,3,100,EWT_b20,training_ckp_epoch_109,s,test,model_decomposition_loss,1.302967435435245
sim_vowels,EWT,20.0,,3,100,EWT_b20,training_ckp_epoch_109,s,test,model_prior_loss,0.5866320509659616
sim_vowels,EWT,20.0,,3,100,EWT_b20,training_ckp_epoch_109,s,test,model_div_0_1,0.283922929512827
sim_vowels,EWT,20.0,,3,100,EWT_b20,training_ckp_epoch_109,s,test,model_div_0_2,0.08152447533058493
sim_vowels,EWT,20.0,,3,100,EWT_b20,training_ckp_epoch_109,s,test,model_div_0_3,0.2380938255473187
sim_vowels,EWT,20.0,,3,100,EWT_b20,training_ckp_epoch_109,s,test,model_div_2_1,0.24170024300876417
sim_vowels,EWT,20.0,,3,100,EWT_b20,training_ckp_epoch_109,s,test,model_div_3_1,0.5966827210627104
sim_vowels,EWT,20.0,,3,100,EWT_b20,training_ckp_epoch_109,s,test,model_div_3_2,0.37227001943086324
sim_vowels,EWT,20.0,,3,100,EWT_b20,training_ckp_epoch_109,s,test,rate_per_frame,4.64417040348053e-06
sim_vowels,EWT,20.0,,3,100,EWT_b20,training_ckp_epoch_109,s,test,check_max_abs_diff,6.198237545440577e-08
sim_vowels,EWT,40.0,,3,100,EWT_b40,training_ckp_epoch_109,z,validation,n_utt,500.0
sim_vowels,EWT,40.0,,3,100,EWT_b40,training_ckp_epoch_109,z,validation,n_frames,50000.0
sim_vowels,EWT,40.0,,3,100,EWT_b40,training_ckp_epoch_109,z,validation,d_frame_div_0_1,0.0034957783940829717
sim_vowels,EWT,40.0,,3,100,EWT_b40,training_ckp_epoch_109,z,validation,d_frame_div_0_2,0.003676438319265593
sim_vowels,EWT,40.0,,3,100,EWT_b40,training_ckp_epoch_109,z,validation,d_frame_div_0_3,0.0037081865050859445
sim_vowels,EWT,40.0,,3,100,EWT_b40,training_ckp_epoch_109,z,validation,d_frame_div_2_1,0.00673397574849095
sim_vowels,EWT,40.0,,3,100,EWT_b40,training_ckp_epoch_109,z,validation,d_frame_div_3_1,0.006775582596525969
sim_vowels,EWT,40.0,,3,100,EWT_b40,training_ckp_epoch_109,z,validation,d_frame_div_3_2,0.007003296935504982
sim_vowels,EWT,40.0,,3,100,EWT_b40,training_ckp_epoch_109,z,validation,d_recon,0.0036268010728115027
sim_vowels,EWT,40.0,,3,100,EWT_b40,training_ckp_epoch_109,z,validation,d_ortho,0.006837618426840633
sim_vowels,EWT,40.0,,3,100,EWT_b40,training_ckp_epoch_109,z,validation,d_recon_norm,0.0052323679220359276
sim_vowels,EWT,40.0,,3,100,EWT_b40,training_ckp_epoch_109,z,validation,d_ortho_norm,0.009864598195893977
sim_vowels,EWT,40.0,,3,100,EWT_b40,training_ckp_epoch_109,z,validation,d_recon_utt,0.3626699669751543
sim_vowels,EWT,40.0,,3,100,EWT_b40,training_ckp_epoch_109,z,validation,d_ortho_utt,0.670690189173096
sim_vowels,EWT,40.0,,3,100,EWT_b40,training_ckp_epoch_109,z,validation,clamp_frac_recon,0.0006666666666666666
sim_vowels,EWT,40.0,,3,100,EWT_b40,training_ckp_epoch_109,z,validation,clamp_frac_ortho,0.088
sim_vowels,EWT,40.0,,3,100,EWT_b40,training_ckp_epoch_109,z,validation,model_div_pos,0.3637937279418111
sim_vowels,EWT,40.0,,3,100,EWT_b40,training_ckp_epoch_109,z,validation,model_div_neg,0.6724907625466585
sim_vowels,EWT,40.0,,3,100,EWT_b40,training_ckp_epoch_109,z,validation,model_ce_pos,1.6787849515676498
sim_vowels,EWT,40.0,,3,100,EWT_b40,training_ckp_epoch_109,z,validation,model_ce_neg,1.3618573173880577
sim_vowels,EWT,40.0,,3,100,EWT_b40,training_ckp_epoch_109,z,validation,model_decomposition_loss,1.0134460404515266
sim_vowels,EWT,40.0,,3,100,EWT_b40,training_ckp_epoch_109,z,validation,model_prior_loss,0.23643486201763153
sim_vowels,EWT,40.0,,3,100,EWT_b40,training_ckp_epoch_109,z,validation,model_div_0_1,0.3478043610230088
sim_vowels,EWT,40.0,,3,100,EWT_b40,training_ckp_epoch_109,z,validation,model_div_0_2,0.3725975910201669
sim_vowels,EWT,40.0,,3,100,EWT_b40,training_ckp_epoch_109,z,validation,model_div_0_3,0.3709791973233223
sim_vowels,EWT,40.0,,3,100,EWT_b40,training_ckp_epoch_109,z,validation,model_div_2_1,0.6657925676554441
sim_vowels,EWT,40.0,,3,100,EWT_b40,training_ckp_epoch_109,z,validation,model_div_3_1,0.66236162930727
sim_vowels,EWT,40.0,,3,100,EWT_b40,training_ckp_epoch_109,z,validation,model_div_3_2,0.6893180049955845
sim_vowels,EWT,40.0,,3,100,EWT_b40,training_ckp_epoch_109,z,validation,rate_per_frame,3.7829577922821046e-07
sim_vowels,EWT,40.0,,3,100,EWT_b40,training_ckp_epoch_109,z,validation,check_max_abs_diff,4.273138387966835e-06
sim_vowels,EWT,40.0,,3,100,EWT_b40,training_ckp_epoch_109,s,validation,n_utt,500.0
sim_vowels,EWT,40.0,,3,100,EWT_b40,training_ckp_epoch_109,s,validation,n_frames,500.0
sim_vowels,EWT,40.0,,3,100,EWT_b40,training_ckp_epoch_109,s,validation,d_frame_div_0_1,0.17066145187393583
sim_vowels,EWT,40.0,,3,100,EWT_b40,training_ckp_epoch_109,s,validation,d_frame_div_0_2,0.04494289095746388
sim_vowels,EWT,40.0,,3,100,EWT_b40,training_ckp_epoch_109,s,validation,d_frame_div_0_3,0.15397346409407334
sim_vowels,EWT,40.0,,3,100,EWT_b40,training_ckp_epoch_109,s,validation,d_frame_div_2_1,0.15202249365761797
sim_vowels,EWT,40.0,,3,100,EWT_b40,training_ckp_epoch_109,s,validation,d_frame_div_3_1,0.5140465459529628
sim_vowels,EWT,40.0,,3,100,EWT_b40,training_ckp_epoch_109,s,validation,d_frame_div_3_2,0.25193447359136734
sim_vowels,EWT,40.0,,3,100,EWT_b40,training_ckp_epoch_109,s,validation,d_recon,0.12319260230849102
sim_vowels,EWT,40.0,,3,100,EWT_b40,training_ckp_epoch_109,s,validation,d_ortho,0.306001171067316
sim_vowels,EWT,40.0,,3,100,EWT_b40,training_ckp_epoch_109,s,validation,d_recon_norm,0.17772935642466628
sim_vowels,EWT,40.0,,3,100,EWT_b40,training_ckp_epoch_109,s,validation,d_ortho_norm,0.44146637200503214
sim_vowels,EWT,40.0,,3,100,EWT_b40,training_ckp_epoch_109,s,validation,d_recon_utt,0.12319260230849102
sim_vowels,EWT,40.0,,3,100,EWT_b40,training_ckp_epoch_109,s,validation,d_ortho_utt,0.306001171067316
sim_vowels,EWT,40.0,,3,100,EWT_b40,training_ckp_epoch_109,s,validation,clamp_frac_recon,0.0
sim_vowels,EWT,40.0,,3,100,EWT_b40,training_ckp_epoch_109,s,validation,clamp_frac_ortho,0.0
sim_vowels,EWT,40.0,,3,100,EWT_b40,training_ckp_epoch_109,s,validation,model_div_pos,0.1230025680270046
sim_vowels,EWT,40.0,,3,100,EWT_b40,training_ckp_epoch_109,s,validation,model_div_neg,0.30583629477769136
sim_vowels,EWT,40.0,,3,100,EWT_b40,training_ckp_epoch_109,s,validation,model_ce_pos,0.4066457627341151
sim_vowels,EWT,40.0,,3,100,EWT_b40,training_ckp_epoch_109,s,validation,model_ce_neg,4.316609933972359
sim_vowels,EWT,40.0,,3,100,EWT_b40,training_ckp_epoch_109,s,validation,model_decomposition_loss,1.5742611028254032
sim_vowels,EWT,40.0,,3,100,EWT_b40,training_ckp_epoch_109,s,validation,model_prior_loss,1.6779862344264984
sim_vowels,EWT,40.0,,3,100,EWT_b40,training_ckp_epoch_109,s,validation,model_div_0_1,0.17092163674533367
sim_vowels,EWT,40.0,,3,100,EWT_b40,training_ckp_epoch_109,s,validation,model_div_0_2,0.0439627249725163
sim_vowels,EWT,40.0,,3,100,EWT_b40,training_ckp_epoch_109,s,validation,model_div_0_3,0.15412333328276873
sim_vowels,EWT,40.0,,3,100,EWT_b40,training_ckp_epoch_109,s,validation,model_div_2_1,0.15250296029262245
sim_vowels,EWT,40.0,,3,100,EWT_b40,training_ckp_epoch_109,s,validation,model_div_3_1,0.5148629052564502
sim_vowels,EWT,40.0,,3,100,EWT_b40,training_ckp_epoch_109,s,validation,model_div_3_2,0.2501429934054613
sim_vowels,EWT,40.0,,3,100,EWT_b40,training_ckp_epoch_109,s,validation,rate_per_frame,6.711944937705993e-06
sim_vowels,EWT,40.0,,3,100,EWT_b40,training_ckp_epoch_109,s,validation,check_max_abs_diff,6.661704765598131e-08
sim_vowels,EWT,40.0,,3,100,EWT_b40,training_ckp_epoch_109,z,test,n_utt,300.0
sim_vowels,EWT,40.0,,3,100,EWT_b40,training_ckp_epoch_109,z,test,n_frames,30000.0
sim_vowels,EWT,40.0,,3,100,EWT_b40,training_ckp_epoch_109,z,test,d_frame_div_0_1,0.003713815668466245
sim_vowels,EWT,40.0,,3,100,EWT_b40,training_ckp_epoch_109,z,test,d_frame_div_0_2,0.0038749679234418816
sim_vowels,EWT,40.0,,3,100,EWT_b40,training_ckp_epoch_109,z,test,d_frame_div_0_3,0.0037736436514799825
sim_vowels,EWT,40.0,,3,100,EWT_b40,training_ckp_epoch_109,z,test,d_frame_div_2_1,0.007230097611129963
sim_vowels,EWT,40.0,,3,100,EWT_b40,training_ckp_epoch_109,z,test,d_frame_div_3_1,0.0070857006497972745
sim_vowels,EWT,40.0,,3,100,EWT_b40,training_ckp_epoch_109,z,test,d_frame_div_3_2,0.007259080204935015
sim_vowels,EWT,40.0,,3,100,EWT_b40,training_ckp_epoch_109,z,test,d_recon,0.003787475747796036
sim_vowels,EWT,40.0,,3,100,EWT_b40,training_ckp_epoch_109,z,test,d_ortho,0.007191626155287419
sim_vowels,EWT,40.0,,3,100,EWT_b40,training_ckp_epoch_109,z,test,d_recon_norm,0.005464172478832559
sim_vowels,EWT,40.0,,3,100,EWT_b40,training_ckp_epoch_109,z,test,d_ortho_norm,0.010375323390160522
sim_vowels,EWT,40.0,,3,100,EWT_b40,training_ckp_epoch_109,z,test,d_recon_utt,0.378653978306519
sim_vowels,EWT,40.0,,3,100,EWT_b40,training_ckp_epoch_109,z,test,d_ortho_utt,0.6988549233345023
sim_vowels,EWT,40.0,,3,100,EWT_b40,training_ckp_epoch_109,z,test,clamp_frac_recon,0.0022222222222222222
sim_vowels,EWT,40.0,,3,100,EWT_b40,training_ckp_epoch_109,z,test,clamp_frac_ortho,0.13333333333333333
sim_vowels,EWT,40.0,,3,100,EWT_b40,training_ckp_epoch_109,z,test,model_div_pos,0.3788989876445971
sim_vowels,EWT,40.0,,3,100,EWT_b40,training_ckp_epoch_109,z,test,model_div_neg,0.6991618903059709
sim_vowels,EWT,40.0,,3,100,EWT_b40,training_ckp_epoch_109,z,test,model_ce_pos,2.3305802470759343
sim_vowels,EWT,40.0,,3,100,EWT_b40,training_ckp_epoch_109,z,test,model_ce_neg,1.2235657353150218
sim_vowels,EWT,40.0,,3,100,EWT_b40,training_ckp_epoch_109,z,test,model_decomposition_loss,1.184596836566925
sim_vowels,EWT,40.0,,3,100,EWT_b40,training_ckp_epoch_109,z,test,model_prior_loss,0.23737675265262
sim_vowels,EWT,40.0,,3,100,EWT_b40,training_ckp_epoch_109,z,test,model_div_0_1,0.3718907456648977
sim_vowels,EWT,40.0,,3,100,EWT_b40,training_ckp_epoch_109,z,test,model_div_0_2,0.3871523486940484
sim_vowels,EWT,40.0,,3,100,EWT_b40,training_ckp_epoch_109,z,test,model_div_0_3,0.3776538403410661
sim_vowels,EWT,40.0,,3,100,EWT_b40,training_ckp_epoch_109,z,test,model_div_2_1,0.7008254151595267
sim_vowels,EWT,40.0,,3,100,EWT_b40,training_ckp_epoch_109,z,test,model_div_3_1,0.6887037565833644
sim_vowels,EWT,40.0,,3,100,EWT_b40,training_ckp_epoch_109,z,test,model_div_3_2,0.7079564866266752
sim_vowels,EWT,40.0,,3,100,EWT_b40,training_ckp_epoch_109,z,test,rate_per_frame,3.7584652503331504e-07
sim_vowels,EWT,40.0,,3,100,EWT_b40,training_ckp_epoch_109,z,test,check_max_abs_diff,4.316694154127276e-06
sim_vowels,EWT,40.0,,3,100,EWT_b40,training_ckp_epoch_109,s,test,n_utt,300.0
sim_vowels,EWT,40.0,,3,100,EWT_b40,training_ckp_epoch_109,s,test,n_frames,300.0
sim_vowels,EWT,40.0,,3,100,EWT_b40,training_ckp_epoch_109,s,test,d_frame_div_0_1,0.175390229270039
sim_vowels,EWT,40.0,,3,100,EWT_b40,training_ckp_epoch_109,s,test,d_frame_div_0_2,0.04859604683522772
sim_vowels,EWT,40.0,,3,100,EWT_b40,training_ckp_epoch_109,s,test,d_frame_div_0_3,0.1459279664189186
sim_vowels,EWT,40.0,,3,100,EWT_b40,training_ckp_epoch_109,s,test,d_frame_div_2_1,0.15324117186239802
sim_vowels,EWT,40.0,,3,100,EWT_b40,training_ckp_epoch_109,s,test,d_frame_div_3_1,0.5116827745977378
sim_vowels,EWT,40.0,,3,100,EWT_b40,training_ckp_epoch_109,s,test,d_frame_div_3_2,0.2504166553574512
sim_vowels,EWT,40.0,,3,100,EWT_b40,training_ckp_epoch_109,s,test,d_recon,0.12330474750806177
sim_vowels,EWT,40.0,,3,100,EWT_b40,training_ckp_epoch_109,s,test,d_ortho,0.3051135339391957
sim_vowels,EWT,40.0,,3,100,EWT_b40,training_ckp_epoch_109,s,test,d_recon_norm,0.17789114774794648
sim_vowels,EWT,40.0,,3,100,EWT_b40,training_ckp_epoch_109,s,test,d_ortho_norm,0.4401857823221841
sim_vowels,EWT,40.0,,3,100,EWT_b40,training_ckp_epoch_109,s,test,d_recon_utt,0.12330474750806177
sim_vowels,EWT,40.0,,3,100,EWT_b40,training_ckp_epoch_109,s,test,d_ortho_utt,0.3051135339391957
sim_vowels,EWT,40.0,,3,100,EWT_b40,training_ckp_epoch_109,s,test,clamp_frac_recon,0.0
sim_vowels,EWT,40.0,,3,100,EWT_b40,training_ckp_epoch_109,s,test,clamp_frac_ortho,0.0
sim_vowels,EWT,40.0,,3,100,EWT_b40,training_ckp_epoch_109,s,test,model_div_pos,0.12340731173753738
sim_vowels,EWT,40.0,,3,100,EWT_b40,training_ckp_epoch_109,s,test,model_div_neg,0.30521690531780843
sim_vowels,EWT,40.0,,3,100,EWT_b40,training_ckp_epoch_109,s,test,model_ce_pos,0.4088501773382488
sim_vowels,EWT,40.0,,3,100,EWT_b40,training_ckp_epoch_109,s,test,model_ce_neg,4.331965145311858
sim_vowels,EWT,40.0,,3,100,EWT_b40,training_ckp_epoch_109,s,test,model_decomposition_loss,1.5801137246583636
sim_vowels,EWT,40.0,,3,100,EWT_b40,training_ckp_epoch_109,s,test,model_prior_loss,1.700683643943385
sim_vowels,EWT,40.0,,3,100,EWT_b40,training_ckp_epoch_109,s,test,model_div_0_1,0.17522306112866654
sim_vowels,EWT,40.0,,3,100,EWT_b40,training_ckp_epoch_109,s,test,model_div_0_2,0.048950964731997566
sim_vowels,EWT,40.0,,3,100,EWT_b40,training_ckp_epoch_109,s,test,model_div_0_3,0.1460479011661128
sim_vowels,EWT,40.0,,3,100,EWT_b40,training_ckp_epoch_109,s,test,model_div_2_1,0.15306458896712252
sim_vowels,EWT,40.0,,3,100,EWT_b40,training_ckp_epoch_109,s,test,model_div_3_1,0.5115600353793094
sim_vowels,EWT,40.0,,3,100,EWT_b40,training_ckp_epoch_109,s,test,model_div_3_2,0.2510260704316591
sim_vowels,EWT,40.0,,3,100,EWT_b40,training_ckp_epoch_109,s,test,rate_per_frame,6.731872757275899e-06
sim_vowels,EWT,40.0,,3,100,EWT_b40,training_ckp_epoch_109,s,test,check_max_abs_diff,4.6633304329191105e-08
